"Progress step","Section","Official step","Booklet","PDF pages","Official PDF"
"1","box-1","1","6392465","30","https://www.lego.com/cdn/product-assets/product.bi.core.pdf/6392465.pdf#page=30"
"2","box-1","2","6392465","30","https://www.lego.com/cdn/product-assets/product.bi.core.pdf/6392465.pdf#page=30"
"3","box-1","3","6392465","31","https://www.lego.com/cdn/product-assets/product.bi.core.pdf/6392465.pdf#page=31"
"4","box-1","4","6392465","31","https://www.lego.com/cdn/product-assets/product.bi.core.pdf/6392465.pdf#page=31"
"5","box-1","5","6392465","32","https://www.lego.com/cdn/product-assets/product.bi.core.pdf/6392465.pdf#page=32"
"6","box-1","6","6392465","32","https://www.lego.com/cdn/product-assets/product.bi.core.pdf/6392465.pdf#page=32"
"7","box-1","7","6392465","32","https://www.lego.com/cdn/product-assets/product.bi.core.pdf/6392465.pdf#page=32"
"8","box-1","8","6392465","33","https://www.lego.com/cdn/product-assets/product.bi.core.pdf/6392465.pdf#page=33"
"9","box-1","9","6392465","33","https://www.lego.com/cdn/product-assets/product.bi.core.pdf/6392465.pdf#page=33"
"10","box-1","10","6392465","34","https://www.lego.com/cdn/product-assets/product.bi.core.pdf/6392465.pdf#page=34"
"11","box-1","11","6392465","34","https://www.lego.com/cdn/product-assets/product.bi.core.pdf/6392465.pdf#page=34"
"12","box-1","12","6392465","35","https://www.lego.com/cdn/product-assets/product.bi.core.pdf/6392465.pdf#page=35"
"13","box-1","13","6392465","35","https://www.lego.com/cdn/product-assets/product.bi.core.pdf/6392465.pdf#page=35"
"14","box-1","14","6392465","35","https://www.lego.com/cdn/product-assets/product.bi.core.pdf/6392465.pdf#page=35"
"15","box-1","15","6392465","35","https://www.lego.com/cdn/product-assets/product.bi.core.pdf/6392465.pdf#page=35"
"16","box-1","16","6392465","36","https://www.lego.com/cdn/product-assets/product.bi.core.pdf/6392465.pdf#page=36"
"17","box-1","17","6392465","36","https://www.lego.com/cdn/product-assets/product.bi.core.pdf/6392465.pdf#page=36"
"18","box-1","18","6392465","36","https://www.lego.com/cdn/product-assets/product.bi.core.pdf/6392465.pdf#page=36"
"19","box-1","19","6392465","37","https://www.lego.com/cdn/product-assets/product.bi.core.pdf/6392465.pdf#page=37"
"20","box-1","20","6392465","38","https://www.lego.com/cdn/product-assets/product.bi.core.pdf/6392465.pdf#page=38"
"21","box-1","21","6392465","39","https://www.lego.com/cdn/product-assets/product.bi.core.pdf/6392465.pdf#page=39"
"22","box-1","22","6392465","40","https://www.lego.com/cdn/product-assets/product.bi.core.pdf/6392465.pdf#page=40"
"23","box-1","23","6392465","41","https://www.lego.com/cdn/product-assets/product.bi.core.pdf/6392465.pdf#page=41"
"24","box-1","24","6392465","42","https://www.lego.com/cdn/product-assets/product.bi.core.pdf/6392465.pdf#page=42"
"25","box-1","25","6392465","42","https://www.lego.com/cdn/product-assets/product.bi.core.pdf/6392465.pdf#page=42"
"26","box-1","26","6392465","43","https://www.lego.com/cdn/product-assets/product.bi.core.pdf/6392465.pdf#page=43"
"27","box-1","27","6392465","44","https://www.lego.com/cdn/product-assets/product.bi.core.pdf/6392465.pdf#page=44"
"28","box-1","28","6392465","44","https://www.lego.com/cdn/product-assets/product.bi.core.pdf/6392465.pdf#page=44"
"29","box-1","29","6392465","45","https://www.lego.com/cdn/product-assets/product.bi.core.pdf/6392465.pdf#page=45"
"30","box-1","30","6392465","46","https://www.lego.com/cdn/product-assets/product.bi.core.pdf/6392465.pdf#page=46"
"31","box-1","31","6392465","46","https://www.lego.com/cdn/product-assets/product.bi.core.pdf/6392465.pdf#page=46"
"32","box-1","32","6392465","47","https://www.lego.com/cdn/product-assets/product.bi.core.pdf/6392465.pdf#page=47"
"33","box-1","33","6392465","48","https://www.lego.com/cdn/product-assets/product.bi.core.pdf/6392465.pdf#page=48"
"34","box-1","34","6392465","48","https://www.lego.com/cdn/product-assets/product.bi.core.pdf/6392465.pdf#page=48"
"35","box-1","35","6392465","48","https://www.lego.com/cdn/product-assets/product.bi.core.pdf/6392465.pdf#page=48"
"36","box-1","36","6392465","48","https://www.lego.com/cdn/product-assets/product.bi.core.pdf/6392465.pdf#page=48"
"37","box-1","37","6392465","49","https://www.lego.com/cdn/product-assets/product.bi.core.pdf/6392465.pdf#page=49"
"38","box-1","38","6392465","49","https://www.lego.com/cdn/product-assets/product.bi.core.pdf/6392465.pdf#page=49"
"39","box-1","39","6392465","49","https://www.lego.com/cdn/product-assets/product.bi.core.pdf/6392465.pdf#page=49"
"40","box-1","40","6392465","50","https://www.lego.com/cdn/product-assets/product.bi.core.pdf/6392465.pdf#page=50"
"41","box-1","41","6392465","51","https://www.lego.com/cdn/product-assets/product.bi.core.pdf/6392465.pdf#page=51"
"42","box-1","42","6392465","51","https://www.lego.com/cdn/product-assets/product.bi.core.pdf/6392465.pdf#page=51"
"43","box-1","43","6392465","52","https://www.lego.com/cdn/product-assets/product.bi.core.pdf/6392465.pdf#page=52"
"44","box-1","44","6392465","52","https://www.lego.com/cdn/product-assets/product.bi.core.pdf/6392465.pdf#page=52"
"45","box-1","45","6392465","53","https://www.lego.com/cdn/product-assets/product.bi.core.pdf/6392465.pdf#page=53"
"46","box-1","46","6392465","53","https://www.lego.com/cdn/product-assets/product.bi.core.pdf/6392465.pdf#page=53"
"47","box-1","47","6392465","54","https://www.lego.com/cdn/product-assets/product.bi.core.pdf/6392465.pdf#page=54"
"48","box-1","48","6392465","54","https://www.lego.com/cdn/product-assets/product.bi.core.pdf/6392465.pdf#page=54"
"49","box-1","49","6392465","54","https://www.lego.com/cdn/product-assets/product.bi.core.pdf/6392465.pdf#page=54"
"50","box-1","50","6392465","55","https://www.lego.com/cdn/product-assets/product.bi.core.pdf/6392465.pdf#page=55"
"51","box-1","51","6392465","55","https://www.lego.com/cdn/product-assets/product.bi.core.pdf/6392465.pdf#page=55"
"52","box-1","52","6392465","55","https://www.lego.com/cdn/product-assets/product.bi.core.pdf/6392465.pdf#page=55"
"53","box-1","53","6392465","56","https://www.lego.com/cdn/product-assets/product.bi.core.pdf/6392465.pdf#page=56"
"54","box-1","54","6392465","56","https://www.lego.com/cdn/product-assets/product.bi.core.pdf/6392465.pdf#page=56"
"55","box-1","55","6392465","56","https://www.lego.com/cdn/product-assets/product.bi.core.pdf/6392465.pdf#page=56"
"56","box-1","56","6392465","56","https://www.lego.com/cdn/product-assets/product.bi.core.pdf/6392465.pdf#page=56"
"57","box-1","57","6392465","57","https://www.lego.com/cdn/product-assets/product.bi.core.pdf/6392465.pdf#page=57"
"58","box-1","58","6392465","57","https://www.lego.com/cdn/product-assets/product.bi.core.pdf/6392465.pdf#page=57"
"59","box-1","59","6392465","58","https://www.lego.com/cdn/product-assets/product.bi.core.pdf/6392465.pdf#page=58"
"60","box-1","60","6392465","58","https://www.lego.com/cdn/product-assets/product.bi.core.pdf/6392465.pdf#page=58"
"61","box-1","61","6392465","59","https://www.lego.com/cdn/product-assets/product.bi.core.pdf/6392465.pdf#page=59"
"62","box-1","62","6392465","59","https://www.lego.com/cdn/product-assets/product.bi.core.pdf/6392465.pdf#page=59"
"63","box-1","63","6392465","60","https://www.lego.com/cdn/product-assets/product.bi.core.pdf/6392465.pdf#page=60"
"64","box-1","64","6392465","60","https://www.lego.com/cdn/product-assets/product.bi.core.pdf/6392465.pdf#page=60"
"65","box-1","65","6392465","61","https://www.lego.com/cdn/product-assets/product.bi.core.pdf/6392465.pdf#page=61"
"66","box-1","66","6392465","61","https://www.lego.com/cdn/product-assets/product.bi.core.pdf/6392465.pdf#page=61"
"67","box-1","67","6392465","62","https://www.lego.com/cdn/product-assets/product.bi.core.pdf/6392465.pdf#page=62"
"68","box-1","68","6392465","62","https://www.lego.com/cdn/product-assets/product.bi.core.pdf/6392465.pdf#page=62"
"69","box-1","69","6392465","63","https://www.lego.com/cdn/product-assets/product.bi.core.pdf/6392465.pdf#page=63"
"70","box-1","70","6392465","63","https://www.lego.com/cdn/product-assets/product.bi.core.pdf/6392465.pdf#page=63"
"71","box-1","71","6392465","64","https://www.lego.com/cdn/product-assets/product.bi.core.pdf/6392465.pdf#page=64"
"72","box-1","72","6392465","64","https://www.lego.com/cdn/product-assets/product.bi.core.pdf/6392465.pdf#page=64"
"73","box-1","73","6392465","65","https://www.lego.com/cdn/product-assets/product.bi.core.pdf/6392465.pdf#page=65"
"74","box-1","74","6392465","65","https://www.lego.com/cdn/product-assets/product.bi.core.pdf/6392465.pdf#page=65"
"75","box-1","75","6392465","66","https://www.lego.com/cdn/product-assets/product.bi.core.pdf/6392465.pdf#page=66"
"76","box-1","76","6392465","66","https://www.lego.com/cdn/product-assets/product.bi.core.pdf/6392465.pdf#page=66"
"77","box-1","77","6392465","67","https://www.lego.com/cdn/product-assets/product.bi.core.pdf/6392465.pdf#page=67"
"78","box-1","78","6392465","67","https://www.lego.com/cdn/product-assets/product.bi.core.pdf/6392465.pdf#page=67"
"79","box-1","79","6392465","68","https://www.lego.com/cdn/product-assets/product.bi.core.pdf/6392465.pdf#page=68"
"80","box-1","80","6392465","68","https://www.lego.com/cdn/product-assets/product.bi.core.pdf/6392465.pdf#page=68"
"81","box-1","81","6392465","69","https://www.lego.com/cdn/product-assets/product.bi.core.pdf/6392465.pdf#page=69"
"82","box-1","82","6392465","70","https://www.lego.com/cdn/product-assets/product.bi.core.pdf/6392465.pdf#page=70"
"83","box-1","83","6392465","71","https://www.lego.com/cdn/product-assets/product.bi.core.pdf/6392465.pdf#page=71"
"84","box-1","84","6392465","72","https://www.lego.com/cdn/product-assets/product.bi.core.pdf/6392465.pdf#page=72"
"85","box-1","85","6392465","73","https://www.lego.com/cdn/product-assets/product.bi.core.pdf/6392465.pdf#page=73"
"86","box-1","86","6392465","73","https://www.lego.com/cdn/product-assets/product.bi.core.pdf/6392465.pdf#page=73"
"87","box-1","87","6392465","73","https://www.lego.com/cdn/product-assets/product.bi.core.pdf/6392465.pdf#page=73"
"88","box-1","88","6392465","73","https://www.lego.com/cdn/product-assets/product.bi.core.pdf/6392465.pdf#page=73"
"89","box-1","89","6392465","73","https://www.lego.com/cdn/product-assets/product.bi.core.pdf/6392465.pdf#page=73"
"90","box-1","90","6392465","74","https://www.lego.com/cdn/product-assets/product.bi.core.pdf/6392465.pdf#page=74"
"91","box-1","91","6392465","74","https://www.lego.com/cdn/product-assets/product.bi.core.pdf/6392465.pdf#page=74"
"92","box-1","92","6392465","75","https://www.lego.com/cdn/product-assets/product.bi.core.pdf/6392465.pdf#page=75"
"93","box-1","93","6392465","76","https://www.lego.com/cdn/product-assets/product.bi.core.pdf/6392465.pdf#page=76"
"94","box-1","94","6392465","76","https://www.lego.com/cdn/product-assets/product.bi.core.pdf/6392465.pdf#page=76"
"95","box-1","95","6392465","77","https://www.lego.com/cdn/product-assets/product.bi.core.pdf/6392465.pdf#page=77"
"96","box-1","96","6392465","78","https://www.lego.com/cdn/product-assets/product.bi.core.pdf/6392465.pdf#page=78"
"97","box-1","97","6392465","79","https://www.lego.com/cdn/product-assets/product.bi.core.pdf/6392465.pdf#page=79"
"98","box-1","98","6392465","79","https://www.lego.com/cdn/product-assets/product.bi.core.pdf/6392465.pdf#page=79"
"99","box-1","99","6392465","80","https://www.lego.com/cdn/product-assets/product.bi.core.pdf/6392465.pdf#page=80"
"100","box-1","100","6392465","80","https://www.lego.com/cdn/product-assets/product.bi.core.pdf/6392465.pdf#page=80"
"101","box-1","101","6392465","81","https://www.lego.com/cdn/product-assets/product.bi.core.pdf/6392465.pdf#page=81"
"102","box-1","102","6392465","81","https://www.lego.com/cdn/product-assets/product.bi.core.pdf/6392465.pdf#page=81"
"103","box-1","103","6392465","81","https://www.lego.com/cdn/product-assets/product.bi.core.pdf/6392465.pdf#page=81"
"104","box-1","104","6392465","81","https://www.lego.com/cdn/product-assets/product.bi.core.pdf/6392465.pdf#page=81"
"105","box-1","105","6392465","81","https://www.lego.com/cdn/product-assets/product.bi.core.pdf/6392465.pdf#page=81"
"106","box-1","106","6392465","82","https://www.lego.com/cdn/product-assets/product.bi.core.pdf/6392465.pdf#page=82"
"107","box-1","107","6392465","82","https://www.lego.com/cdn/product-assets/product.bi.core.pdf/6392465.pdf#page=82"
"108","box-1","108","6392465","83","https://www.lego.com/cdn/product-assets/product.bi.core.pdf/6392465.pdf#page=83"
"109","box-1","109","6392465","83","https://www.lego.com/cdn/product-assets/product.bi.core.pdf/6392465.pdf#page=83"
"110","box-1","110","6392465","84","https://www.lego.com/cdn/product-assets/product.bi.core.pdf/6392465.pdf#page=84"
"111","box-1","111","6392465","84","https://www.lego.com/cdn/product-assets/product.bi.core.pdf/6392465.pdf#page=84"
"112","box-1","112","6392465","85","https://www.lego.com/cdn/product-assets/product.bi.core.pdf/6392465.pdf#page=85"
"113","box-1","113","6392465","85","https://www.lego.com/cdn/product-assets/product.bi.core.pdf/6392465.pdf#page=85"
"114","box-1","114","6392465","86","https://www.lego.com/cdn/product-assets/product.bi.core.pdf/6392465.pdf#page=86"
"115","box-1","115","6392465","86","https://www.lego.com/cdn/product-assets/product.bi.core.pdf/6392465.pdf#page=86"
"116","box-1","116","6392465","87","https://www.lego.com/cdn/product-assets/product.bi.core.pdf/6392465.pdf#page=87"
"117","box-1","117","6392465","88","https://www.lego.com/cdn/product-assets/product.bi.core.pdf/6392465.pdf#page=88"
"118","box-1","118","6392465","89","https://www.lego.com/cdn/product-assets/product.bi.core.pdf/6392465.pdf#page=89"
"119","box-1","119","6392465","90","https://www.lego.com/cdn/product-assets/product.bi.core.pdf/6392465.pdf#page=90"
"120","box-1","120","6392465","91","https://www.lego.com/cdn/product-assets/product.bi.core.pdf/6392465.pdf#page=91"
"121","box-1","121","6392465","92","https://www.lego.com/cdn/product-assets/product.bi.core.pdf/6392465.pdf#page=92"
"122","box-1","122","6392465","93","https://www.lego.com/cdn/product-assets/product.bi.core.pdf/6392465.pdf#page=93"
"123","box-1","123","6392465","94","https://www.lego.com/cdn/product-assets/product.bi.core.pdf/6392465.pdf#page=94"
"124","box-1","124","6392465","95","https://www.lego.com/cdn/product-assets/product.bi.core.pdf/6392465.pdf#page=95"
"125","box-1","125","6392465","96","https://www.lego.com/cdn/product-assets/product.bi.core.pdf/6392465.pdf#page=96"
"126","box-1","126","6392465","97","https://www.lego.com/cdn/product-assets/product.bi.core.pdf/6392465.pdf#page=97"
"127","box-1","127","6392465","98","https://www.lego.com/cdn/product-assets/product.bi.core.pdf/6392465.pdf#page=98"
"128","box-1","128","6392465","99","https://www.lego.com/cdn/product-assets/product.bi.core.pdf/6392465.pdf#page=99"
"129","box-1","129","6392465","100","https://www.lego.com/cdn/product-assets/product.bi.core.pdf/6392465.pdf#page=100"
"130","box-1","130","6392465","101","https://www.lego.com/cdn/product-assets/product.bi.core.pdf/6392465.pdf#page=101"
"131","box-1","131","6392465","102","https://www.lego.com/cdn/product-assets/product.bi.core.pdf/6392465.pdf#page=102"
"132","box-1","132","6392465","103","https://www.lego.com/cdn/product-assets/product.bi.core.pdf/6392465.pdf#page=103"
"133","box-1","133","6392465","104","https://www.lego.com/cdn/product-assets/product.bi.core.pdf/6392465.pdf#page=104"
"134","box-1","134","6392465","105","https://www.lego.com/cdn/product-assets/product.bi.core.pdf/6392465.pdf#page=105"
"135","box-1","135","6392465","106 107","https://www.lego.com/cdn/product-assets/product.bi.core.pdf/6392465.pdf#page=106"
"136","box-1","136","6392465","108","https://www.lego.com/cdn/product-assets/product.bi.core.pdf/6392465.pdf#page=108"
"137","box-1","137","6392465","109","https://www.lego.com/cdn/product-assets/product.bi.core.pdf/6392465.pdf#page=109"
"138","box-1","138","6392465","109","https://www.lego.com/cdn/product-assets/product.bi.core.pdf/6392465.pdf#page=109"
"139","box-1","139","6392465","109","https://www.lego.com/cdn/product-assets/product.bi.core.pdf/6392465.pdf#page=109"
"140","box-1","140","6392465","109","https://www.lego.com/cdn/product-assets/product.bi.core.pdf/6392465.pdf#page=109"
"141","box-1","141","6392465","110","https://www.lego.com/cdn/product-assets/product.bi.core.pdf/6392465.pdf#page=110"
"142","box-1","142","6392465","110","https://www.lego.com/cdn/product-assets/product.bi.core.pdf/6392465.pdf#page=110"
"143","box-1","143","6392465","110","https://www.lego.com/cdn/product-assets/product.bi.core.pdf/6392465.pdf#page=110"
"144","box-1","144","6392465","111","https://www.lego.com/cdn/product-assets/product.bi.core.pdf/6392465.pdf#page=111"
"145","box-1","145","6392465","111","https://www.lego.com/cdn/product-assets/product.bi.core.pdf/6392465.pdf#page=111"
"146","box-1","146","6392465","111","https://www.lego.com/cdn/product-assets/product.bi.core.pdf/6392465.pdf#page=111"
"147","box-1","147","6392465","112","https://www.lego.com/cdn/product-assets/product.bi.core.pdf/6392465.pdf#page=112"
"148","box-1","148","6392465","112","https://www.lego.com/cdn/product-assets/product.bi.core.pdf/6392465.pdf#page=112"
"149","box-1","149","6392465","112","https://www.lego.com/cdn/product-assets/product.bi.core.pdf/6392465.pdf#page=112"
"150","box-1","150","6392465","113","https://www.lego.com/cdn/product-assets/product.bi.core.pdf/6392465.pdf#page=113"
"151","box-1","151","6392465","113","https://www.lego.com/cdn/product-assets/product.bi.core.pdf/6392465.pdf#page=113"
"152","box-1","152","6392465","114","https://www.lego.com/cdn/product-assets/product.bi.core.pdf/6392465.pdf#page=114"
"153","box-1","153","6392465","114","https://www.lego.com/cdn/product-assets/product.bi.core.pdf/6392465.pdf#page=114"
"154","box-1","154","6392465","115","https://www.lego.com/cdn/product-assets/product.bi.core.pdf/6392465.pdf#page=115"
"155","box-1","155","6392465","116","https://www.lego.com/cdn/product-assets/product.bi.core.pdf/6392465.pdf#page=116"
"156","box-1","156","6392465","117","https://www.lego.com/cdn/product-assets/product.bi.core.pdf/6392465.pdf#page=117"
"157","box-1","157","6392465","118","https://www.lego.com/cdn/product-assets/product.bi.core.pdf/6392465.pdf#page=118"
"158","box-1","158","6392465","119","https://www.lego.com/cdn/product-assets/product.bi.core.pdf/6392465.pdf#page=119"
"159","box-1","159","6392465","120","https://www.lego.com/cdn/product-assets/product.bi.core.pdf/6392465.pdf#page=120"
"160","box-1","160","6392465","121","https://www.lego.com/cdn/product-assets/product.bi.core.pdf/6392465.pdf#page=121"
"161","box-1","161","6392465","122","https://www.lego.com/cdn/product-assets/product.bi.core.pdf/6392465.pdf#page=122"
"162","box-1","162","6392465","123","https://www.lego.com/cdn/product-assets/product.bi.core.pdf/6392465.pdf#page=123"
"163","box-1","163","6392465","124","https://www.lego.com/cdn/product-assets/product.bi.core.pdf/6392465.pdf#page=124"
"164","box-1","164","6392465","125","https://www.lego.com/cdn/product-assets/product.bi.core.pdf/6392465.pdf#page=125"
"165","box-1","165","6392465","126","https://www.lego.com/cdn/product-assets/product.bi.core.pdf/6392465.pdf#page=126"
"166","box-1","166","6392465","127","https://www.lego.com/cdn/product-assets/product.bi.core.pdf/6392465.pdf#page=127"
"167","box-1","167","6392465","128","https://www.lego.com/cdn/product-assets/product.bi.core.pdf/6392465.pdf#page=128"
"168","box-1","168","6392465","129","https://www.lego.com/cdn/product-assets/product.bi.core.pdf/6392465.pdf#page=129"
"169","box-1","169","6392465","130","https://www.lego.com/cdn/product-assets/product.bi.core.pdf/6392465.pdf#page=130"
"170","box-1","170","6392465","131","https://www.lego.com/cdn/product-assets/product.bi.core.pdf/6392465.pdf#page=131"
"171","box-1","171","6392465","131","https://www.lego.com/cdn/product-assets/product.bi.core.pdf/6392465.pdf#page=131"
"172","box-1","172","6392465","131","https://www.lego.com/cdn/product-assets/product.bi.core.pdf/6392465.pdf#page=131"
"173","box-1","173","6392465","132","https://www.lego.com/cdn/product-assets/product.bi.core.pdf/6392465.pdf#page=132"
"174","box-1","174","6392465","132","https://www.lego.com/cdn/product-assets/product.bi.core.pdf/6392465.pdf#page=132"
"175","box-1","175","6392465","132","https://www.lego.com/cdn/product-assets/product.bi.core.pdf/6392465.pdf#page=132"
"176","box-1","176","6392465","132","https://www.lego.com/cdn/product-assets/product.bi.core.pdf/6392465.pdf#page=132"
"177","box-1","177","6392465","133","https://www.lego.com/cdn/product-assets/product.bi.core.pdf/6392465.pdf#page=133"
"178","box-1","178","6392465","133","https://www.lego.com/cdn/product-assets/product.bi.core.pdf/6392465.pdf#page=133"
"179","box-1","179","6392465","133","https://www.lego.com/cdn/product-assets/product.bi.core.pdf/6392465.pdf#page=133"
"180","box-1","180","6392465","134","https://www.lego.com/cdn/product-assets/product.bi.core.pdf/6392465.pdf#page=134"
"181","box-1","181","6392465","135","https://www.lego.com/cdn/product-assets/product.bi.core.pdf/6392465.pdf#page=135"
"182","box-2","182","6392465","140","https://www.lego.com/cdn/product-assets/product.bi.core.pdf/6392465.pdf#page=140"
"183","box-2","183","6392465","141","https://www.lego.com/cdn/product-assets/product.bi.core.pdf/6392465.pdf#page=141"
"184","box-2","184","6392465","141","https://www.lego.com/cdn/product-assets/product.bi.core.pdf/6392465.pdf#page=141"
"185","box-2","185","6392465","141","https://www.lego.com/cdn/product-assets/product.bi.core.pdf/6392465.pdf#page=141"
"186","box-2","186","6392465","141","https://www.lego.com/cdn/product-assets/product.bi.core.pdf/6392465.pdf#page=141"
"187","box-2","187","6392465","142","https://www.lego.com/cdn/product-assets/product.bi.core.pdf/6392465.pdf#page=142"
"188","box-2","188","6392465","143","https://www.lego.com/cdn/product-assets/product.bi.core.pdf/6392465.pdf#page=143"
"189","box-2","189","6392465","144","https://www.lego.com/cdn/product-assets/product.bi.core.pdf/6392465.pdf#page=144"
"190","box-2","190","6392465","145","https://www.lego.com/cdn/product-assets/product.bi.core.pdf/6392465.pdf#page=145"
"191","box-2","191","6392465","145","https://www.lego.com/cdn/product-assets/product.bi.core.pdf/6392465.pdf#page=145"
"192","box-2","192","6392465","145","https://www.lego.com/cdn/product-assets/product.bi.core.pdf/6392465.pdf#page=145"
"193","box-2","193","6392465","145","https://www.lego.com/cdn/product-assets/product.bi.core.pdf/6392465.pdf#page=145"
"194","box-2","194","6392465","146","https://www.lego.com/cdn/product-assets/product.bi.core.pdf/6392465.pdf#page=146"
"195","box-2","195","6392465","146","https://www.lego.com/cdn/product-assets/product.bi.core.pdf/6392465.pdf#page=146"
"196","box-2","196","6392465","146","https://www.lego.com/cdn/product-assets/product.bi.core.pdf/6392465.pdf#page=146"
"197","box-2","197","6392465","147","https://www.lego.com/cdn/product-assets/product.bi.core.pdf/6392465.pdf#page=147"
"198","box-2","198","6392465","147","https://www.lego.com/cdn/product-assets/product.bi.core.pdf/6392465.pdf#page=147"
"199","box-2","199","6392465","147","https://www.lego.com/cdn/product-assets/product.bi.core.pdf/6392465.pdf#page=147"
"200","box-2","200","6392465","148","https://www.lego.com/cdn/product-assets/product.bi.core.pdf/6392465.pdf#page=148"
"201","box-2","201","6392465","149","https://www.lego.com/cdn/product-assets/product.bi.core.pdf/6392465.pdf#page=149"
"202","box-2","202","6392465","149","https://www.lego.com/cdn/product-assets/product.bi.core.pdf/6392465.pdf#page=149"
"203","box-2","203","6392465","150","https://www.lego.com/cdn/product-assets/product.bi.core.pdf/6392465.pdf#page=150"
"204","box-2","204","6392465","150","https://www.lego.com/cdn/product-assets/product.bi.core.pdf/6392465.pdf#page=150"
"205","box-2","205","6392465","151","https://www.lego.com/cdn/product-assets/product.bi.core.pdf/6392465.pdf#page=151"
"206","box-2","206","6392465","152","https://www.lego.com/cdn/product-assets/product.bi.core.pdf/6392465.pdf#page=152"
"207","box-2","207","6392465","152","https://www.lego.com/cdn/product-assets/product.bi.core.pdf/6392465.pdf#page=152"
"208","box-2","208","6392465","152","https://www.lego.com/cdn/product-assets/product.bi.core.pdf/6392465.pdf#page=152"
"209","box-2","209","6392465","152","https://www.lego.com/cdn/product-assets/product.bi.core.pdf/6392465.pdf#page=152"
"210","box-2","210","6392465","153","https://www.lego.com/cdn/product-assets/product.bi.core.pdf/6392465.pdf#page=153"
"211","box-2","211","6392465","153","https://www.lego.com/cdn/product-assets/product.bi.core.pdf/6392465.pdf#page=153"
"212","box-2","212","6392465","153","https://www.lego.com/cdn/product-assets/product.bi.core.pdf/6392465.pdf#page=153"
"213","box-2","213","6392465","153","https://www.lego.com/cdn/product-assets/product.bi.core.pdf/6392465.pdf#page=153"
"214","box-2","214","6392465","154","https://www.lego.com/cdn/product-assets/product.bi.core.pdf/6392465.pdf#page=154"
"215","box-2","215","6392465","154","https://www.lego.com/cdn/product-assets/product.bi.core.pdf/6392465.pdf#page=154"
"216","box-2","216","6392465","154","https://www.lego.com/cdn/product-assets/product.bi.core.pdf/6392465.pdf#page=154"
"217","box-2","217","6392465","154","https://www.lego.com/cdn/product-assets/product.bi.core.pdf/6392465.pdf#page=154"
"218","box-2","218","6392465","155","https://www.lego.com/cdn/product-assets/product.bi.core.pdf/6392465.pdf#page=155"
"219","box-2","219","6392465","155","https://www.lego.com/cdn/product-assets/product.bi.core.pdf/6392465.pdf#page=155"
"220","box-2","220","6392465","155","https://www.lego.com/cdn/product-assets/product.bi.core.pdf/6392465.pdf#page=155"
"221","box-2","221","6392465","155","https://www.lego.com/cdn/product-assets/product.bi.core.pdf/6392465.pdf#page=155"
"222","box-2","222","6392465","156","https://www.lego.com/cdn/product-assets/product.bi.core.pdf/6392465.pdf#page=156"
"223","box-2","223","6392465","157","https://www.lego.com/cdn/product-assets/product.bi.core.pdf/6392465.pdf#page=157"
"224","box-2","224","6392465","157","https://www.lego.com/cdn/product-assets/product.bi.core.pdf/6392465.pdf#page=157"
"225","box-2","225","6392465","158","https://www.lego.com/cdn/product-assets/product.bi.core.pdf/6392465.pdf#page=158"
"226","box-2","226","6392465","159","https://www.lego.com/cdn/product-assets/product.bi.core.pdf/6392465.pdf#page=159"
"227","box-2","227","6392465","160","https://www.lego.com/cdn/product-assets/product.bi.core.pdf/6392465.pdf#page=160"
"228","box-2","228","6392465","161","https://www.lego.com/cdn/product-assets/product.bi.core.pdf/6392465.pdf#page=161"
"229","box-2","229","6392465","162","https://www.lego.com/cdn/product-assets/product.bi.core.pdf/6392465.pdf#page=162"
"230","box-2","230","6392465","162","https://www.lego.com/cdn/product-assets/product.bi.core.pdf/6392465.pdf#page=162"
"231","box-2","231","6392465","163","https://www.lego.com/cdn/product-assets/product.bi.core.pdf/6392465.pdf#page=163"
"232","box-2","232","6392465","164","https://www.lego.com/cdn/product-assets/product.bi.core.pdf/6392465.pdf#page=164"
"233","box-2","233","6392465","165","https://www.lego.com/cdn/product-assets/product.bi.core.pdf/6392465.pdf#page=165"
"234","box-2","234","6392465","165","https://www.lego.com/cdn/product-assets/product.bi.core.pdf/6392465.pdf#page=165"
"235","box-2","235","6392465","166","https://www.lego.com/cdn/product-assets/product.bi.core.pdf/6392465.pdf#page=166"
"236","box-2","236","6392465","166","https://www.lego.com/cdn/product-assets/product.bi.core.pdf/6392465.pdf#page=166"
"237","box-2","237","6392465","167","https://www.lego.com/cdn/product-assets/product.bi.core.pdf/6392465.pdf#page=167"
"238","box-2","238","6392465","168","https://www.lego.com/cdn/product-assets/product.bi.core.pdf/6392465.pdf#page=168"
"239","box-2","239","6392465","169","https://www.lego.com/cdn/product-assets/product.bi.core.pdf/6392465.pdf#page=169"
"240","box-2","240","6392465","169","https://www.lego.com/cdn/product-assets/product.bi.core.pdf/6392465.pdf#page=169"
"241","box-2","241","6392465","170","https://www.lego.com/cdn/product-assets/product.bi.core.pdf/6392465.pdf#page=170"
"242","box-2","242","6392465","171","https://www.lego.com/cdn/product-assets/product.bi.core.pdf/6392465.pdf#page=171"
"243","box-2","243","6392465","172","https://www.lego.com/cdn/product-assets/product.bi.core.pdf/6392465.pdf#page=172"
"244","box-2","244","6392465","172","https://www.lego.com/cdn/product-assets/product.bi.core.pdf/6392465.pdf#page=172"
"245","box-2","245","6392465","173","https://www.lego.com/cdn/product-assets/product.bi.core.pdf/6392465.pdf#page=173"
"246","box-2","246","6392465","174","https://www.lego.com/cdn/product-assets/product.bi.core.pdf/6392465.pdf#page=174"
"247","box-2","247","6392465","175","https://www.lego.com/cdn/product-assets/product.bi.core.pdf/6392465.pdf#page=175"
"248","box-2","248","6392465","175","https://www.lego.com/cdn/product-assets/product.bi.core.pdf/6392465.pdf#page=175"
"249","box-2","249","6392465","176","https://www.lego.com/cdn/product-assets/product.bi.core.pdf/6392465.pdf#page=176"
"250","box-2","250","6392465","176","https://www.lego.com/cdn/product-assets/product.bi.core.pdf/6392465.pdf#page=176"
"251","box-2","251","6392465","177","https://www.lego.com/cdn/product-assets/product.bi.core.pdf/6392465.pdf#page=177"
"252","box-2","252","6392465","178","https://www.lego.com/cdn/product-assets/product.bi.core.pdf/6392465.pdf#page=178"
"253","box-2","253","6392465","179","https://www.lego.com/cdn/product-assets/product.bi.core.pdf/6392465.pdf#page=179"
"254","box-2","254","6392465","180","https://www.lego.com/cdn/product-assets/product.bi.core.pdf/6392465.pdf#page=180"
"255","box-2","255","6392465","180","https://www.lego.com/cdn/product-assets/product.bi.core.pdf/6392465.pdf#page=180"
"256","box-2","256","6392465","180","https://www.lego.com/cdn/product-assets/product.bi.core.pdf/6392465.pdf#page=180"
"257","box-2","257","6392465","180","https://www.lego.com/cdn/product-assets/product.bi.core.pdf/6392465.pdf#page=180"
"258","box-2","258","6392465","181","https://www.lego.com/cdn/product-assets/product.bi.core.pdf/6392465.pdf#page=181"
"259","box-2","259","6392465","181","https://www.lego.com/cdn/product-assets/product.bi.core.pdf/6392465.pdf#page=181"
"260","box-2","260","6392465","181","https://www.lego.com/cdn/product-assets/product.bi.core.pdf/6392465.pdf#page=181"
"261","box-2","261","6392465","182","https://www.lego.com/cdn/product-assets/product.bi.core.pdf/6392465.pdf#page=182"
"262","box-2","262","6392465","183","https://www.lego.com/cdn/product-assets/product.bi.core.pdf/6392465.pdf#page=183"
"263","box-2","263","6392465","184","https://www.lego.com/cdn/product-assets/product.bi.core.pdf/6392465.pdf#page=184"
"264","box-2","264","6392465","185","https://www.lego.com/cdn/product-assets/product.bi.core.pdf/6392465.pdf#page=185"
"265","box-2","265","6392465","185","https://www.lego.com/cdn/product-assets/product.bi.core.pdf/6392465.pdf#page=185"
"266","box-2","266","6392465","185","https://www.lego.com/cdn/product-assets/product.bi.core.pdf/6392465.pdf#page=185"
"267","box-2","267","6392465","185","https://www.lego.com/cdn/product-assets/product.bi.core.pdf/6392465.pdf#page=185"
"268","box-2","268","6392465","185","https://www.lego.com/cdn/product-assets/product.bi.core.pdf/6392465.pdf#page=185"
"269","box-2","269","6392465","186","https://www.lego.com/cdn/product-assets/product.bi.core.pdf/6392465.pdf#page=186"
"270","box-2","270","6392465","187","https://www.lego.com/cdn/product-assets/product.bi.core.pdf/6392465.pdf#page=187"
"271","box-2","271","6392465","188","https://www.lego.com/cdn/product-assets/product.bi.core.pdf/6392465.pdf#page=188"
"272","box-2","272","6392465","189 190","https://www.lego.com/cdn/product-assets/product.bi.core.pdf/6392465.pdf#page=189"
"273","box-2","273","6392465","191","https://www.lego.com/cdn/product-assets/product.bi.core.pdf/6392465.pdf#page=191"
"274","box-2","274","6392465","192","https://www.lego.com/cdn/product-assets/product.bi.core.pdf/6392465.pdf#page=192"
"275","box-2","275","6392465","193","https://www.lego.com/cdn/product-assets/product.bi.core.pdf/6392465.pdf#page=193"
"276","box-2","276","6392465","194 195","https://www.lego.com/cdn/product-assets/product.bi.core.pdf/6392465.pdf#page=194"
"277","box-2","277","6392465","196","https://www.lego.com/cdn/product-assets/product.bi.core.pdf/6392465.pdf#page=196"
"278","box-2","278","6392465","197","https://www.lego.com/cdn/product-assets/product.bi.core.pdf/6392465.pdf#page=197"
"279","box-2","279","6392465","198","https://www.lego.com/cdn/product-assets/product.bi.core.pdf/6392465.pdf#page=198"
"280","box-2","280","6392465","199","https://www.lego.com/cdn/product-assets/product.bi.core.pdf/6392465.pdf#page=199"
"281","box-2","281","6392465","200","https://www.lego.com/cdn/product-assets/product.bi.core.pdf/6392465.pdf#page=200"
"282","box-2","282","6392465","201","https://www.lego.com/cdn/product-assets/product.bi.core.pdf/6392465.pdf#page=201"
"283","box-2","283","6392465","202","https://www.lego.com/cdn/product-assets/product.bi.core.pdf/6392465.pdf#page=202"
"284","box-2","284","6392465","202","https://www.lego.com/cdn/product-assets/product.bi.core.pdf/6392465.pdf#page=202"
"285","box-2","285","6392465","202","https://www.lego.com/cdn/product-assets/product.bi.core.pdf/6392465.pdf#page=202"
"286","box-2","286","6392465","202","https://www.lego.com/cdn/product-assets/product.bi.core.pdf/6392465.pdf#page=202"
"287","box-2","287","6392465","202","https://www.lego.com/cdn/product-assets/product.bi.core.pdf/6392465.pdf#page=202"
"288","box-2","288","6392465","202","https://www.lego.com/cdn/product-assets/product.bi.core.pdf/6392465.pdf#page=202"
"289","box-2","289","6392465","203","https://www.lego.com/cdn/product-assets/product.bi.core.pdf/6392465.pdf#page=203"
"290","box-2","290","6392465","204","https://www.lego.com/cdn/product-assets/product.bi.core.pdf/6392465.pdf#page=204"
"291","box-2","291","6392465","204","https://www.lego.com/cdn/product-assets/product.bi.core.pdf/6392465.pdf#page=204"
"292","box-2","292","6392465","204","https://www.lego.com/cdn/product-assets/product.bi.core.pdf/6392465.pdf#page=204"
"293","box-2","293","6392465","204","https://www.lego.com/cdn/product-assets/product.bi.core.pdf/6392465.pdf#page=204"
"294","box-2","294","6392465","204","https://www.lego.com/cdn/product-assets/product.bi.core.pdf/6392465.pdf#page=204"
"295","box-2","295","6392465","204","https://www.lego.com/cdn/product-assets/product.bi.core.pdf/6392465.pdf#page=204"
"296","box-2","296","6392465","205","https://www.lego.com/cdn/product-assets/product.bi.core.pdf/6392465.pdf#page=205"
"297","box-2","297","6392465","206","https://www.lego.com/cdn/product-assets/product.bi.core.pdf/6392465.pdf#page=206"
"298","box-2","298","6392465","206","https://www.lego.com/cdn/product-assets/product.bi.core.pdf/6392465.pdf#page=206"
"299","box-2","299","6392465","207","https://www.lego.com/cdn/product-assets/product.bi.core.pdf/6392465.pdf#page=207"
"300","box-2","300","6392465","207","https://www.lego.com/cdn/product-assets/product.bi.core.pdf/6392465.pdf#page=207"
"301","box-2","301","6392465","208","https://www.lego.com/cdn/product-assets/product.bi.core.pdf/6392465.pdf#page=208"
"302","box-2","302","6392465","209","https://www.lego.com/cdn/product-assets/product.bi.core.pdf/6392465.pdf#page=209"
"303","box-2","303","6392465","210","https://www.lego.com/cdn/product-assets/product.bi.core.pdf/6392465.pdf#page=210"
"304","box-2","304","6392465","210","https://www.lego.com/cdn/product-assets/product.bi.core.pdf/6392465.pdf#page=210"
"305","box-2","305","6392465","210","https://www.lego.com/cdn/product-assets/product.bi.core.pdf/6392465.pdf#page=210"
"306","box-2","306","6392465","210","https://www.lego.com/cdn/product-assets/product.bi.core.pdf/6392465.pdf#page=210"
"307","box-2","307","6392465","210","https://www.lego.com/cdn/product-assets/product.bi.core.pdf/6392465.pdf#page=210"
"308","box-2","308","6392465","210","https://www.lego.com/cdn/product-assets/product.bi.core.pdf/6392465.pdf#page=210"
"309","box-2","309","6392465","211","https://www.lego.com/cdn/product-assets/product.bi.core.pdf/6392465.pdf#page=211"
"310","box-2","310","6392465","212","https://www.lego.com/cdn/product-assets/product.bi.core.pdf/6392465.pdf#page=212"
"311","box-2","311","6392465","212","https://www.lego.com/cdn/product-assets/product.bi.core.pdf/6392465.pdf#page=212"
"312","box-2","312","6392465","212","https://www.lego.com/cdn/product-assets/product.bi.core.pdf/6392465.pdf#page=212"
"313","box-2","313","6392465","212","https://www.lego.com/cdn/product-assets/product.bi.core.pdf/6392465.pdf#page=212"
"314","box-2","314","6392465","213","https://www.lego.com/cdn/product-assets/product.bi.core.pdf/6392465.pdf#page=213"
"315","box-2","315","6392465","213","https://www.lego.com/cdn/product-assets/product.bi.core.pdf/6392465.pdf#page=213"
"316","box-2","316","6392465","213","https://www.lego.com/cdn/product-assets/product.bi.core.pdf/6392465.pdf#page=213"
"317","box-2","317","6392465","214","https://www.lego.com/cdn/product-assets/product.bi.core.pdf/6392465.pdf#page=214"
"318","box-2","318","6392465","215","https://www.lego.com/cdn/product-assets/product.bi.core.pdf/6392465.pdf#page=215"
"319","box-2","319","6392465","215","https://www.lego.com/cdn/product-assets/product.bi.core.pdf/6392465.pdf#page=215"
"320","box-2","320","6392465","216","https://www.lego.com/cdn/product-assets/product.bi.core.pdf/6392465.pdf#page=216"
"321","box-2","321","6392465","216","https://www.lego.com/cdn/product-assets/product.bi.core.pdf/6392465.pdf#page=216"
"322","box-2","322","6392465","217","https://www.lego.com/cdn/product-assets/product.bi.core.pdf/6392465.pdf#page=217"
"323","box-2","323","6392465","218","https://www.lego.com/cdn/product-assets/product.bi.core.pdf/6392465.pdf#page=218"
"324","box-2","324","6392465","219","https://www.lego.com/cdn/product-assets/product.bi.core.pdf/6392465.pdf#page=219"
"325","box-2","325","6392465","219","https://www.lego.com/cdn/product-assets/product.bi.core.pdf/6392465.pdf#page=219"
"326","box-2","326","6392465","219","https://www.lego.com/cdn/product-assets/product.bi.core.pdf/6392465.pdf#page=219"
"327","box-2","327","6392465","219","https://www.lego.com/cdn/product-assets/product.bi.core.pdf/6392465.pdf#page=219"
"328","box-2","328","6392465","219","https://www.lego.com/cdn/product-assets/product.bi.core.pdf/6392465.pdf#page=219"
"329","box-2","329","6392465","220","https://www.lego.com/cdn/product-assets/product.bi.core.pdf/6392465.pdf#page=220"
"330","box-2","330","6392465","220","https://www.lego.com/cdn/product-assets/product.bi.core.pdf/6392465.pdf#page=220"
"331","box-2","331","6392465","221","https://www.lego.com/cdn/product-assets/product.bi.core.pdf/6392465.pdf#page=221"
"332","box-2","332","6392465","222","https://www.lego.com/cdn/product-assets/product.bi.core.pdf/6392465.pdf#page=222"
"333","box-2","333","6392465","223","https://www.lego.com/cdn/product-assets/product.bi.core.pdf/6392465.pdf#page=223"
"334","box-2","334","6392465","224","https://www.lego.com/cdn/product-assets/product.bi.core.pdf/6392465.pdf#page=224"
"335","box-2","335","6392465","225","https://www.lego.com/cdn/product-assets/product.bi.core.pdf/6392465.pdf#page=225"
"336","box-2","336","6392465","226","https://www.lego.com/cdn/product-assets/product.bi.core.pdf/6392465.pdf#page=226"
"337","box-2","337","6392465","227","https://www.lego.com/cdn/product-assets/product.bi.core.pdf/6392465.pdf#page=227"
"338","box-2","338","6392465","228","https://www.lego.com/cdn/product-assets/product.bi.core.pdf/6392465.pdf#page=228"
"339","box-2","339","6392465","229","https://www.lego.com/cdn/product-assets/product.bi.core.pdf/6392465.pdf#page=229"
"340","box-2","340","6392465","229","https://www.lego.com/cdn/product-assets/product.bi.core.pdf/6392465.pdf#page=229"
"341","box-2","341","6392465","229","https://www.lego.com/cdn/product-assets/product.bi.core.pdf/6392465.pdf#page=229"
"342","box-2","342","6392465","229","https://www.lego.com/cdn/product-assets/product.bi.core.pdf/6392465.pdf#page=229"
"343","box-2","343","6392465","229","https://www.lego.com/cdn/product-assets/product.bi.core.pdf/6392465.pdf#page=229"
"344","box-2","344","6392465","230","https://www.lego.com/cdn/product-assets/product.bi.core.pdf/6392465.pdf#page=230"
"345","box-2","345","6392465","231","https://www.lego.com/cdn/product-assets/product.bi.core.pdf/6392465.pdf#page=231"
"346","box-2","346","6392465","232","https://www.lego.com/cdn/product-assets/product.bi.core.pdf/6392465.pdf#page=232"
"347","box-2","347","6392465","233","https://www.lego.com/cdn/product-assets/product.bi.core.pdf/6392465.pdf#page=233"
"348","box-2","348","6392465","233","https://www.lego.com/cdn/product-assets/product.bi.core.pdf/6392465.pdf#page=233"
"349","box-2","349","6392465","233","https://www.lego.com/cdn/product-assets/product.bi.core.pdf/6392465.pdf#page=233"
"350","box-2","350","6392465","233","https://www.lego.com/cdn/product-assets/product.bi.core.pdf/6392465.pdf#page=233"
"351","box-2","351","6392465","233","https://www.lego.com/cdn/product-assets/product.bi.core.pdf/6392465.pdf#page=233"
"352","box-2","352","6392465","234","https://www.lego.com/cdn/product-assets/product.bi.core.pdf/6392465.pdf#page=234"
"353","box-2","353","6392465","235","https://www.lego.com/cdn/product-assets/product.bi.core.pdf/6392465.pdf#page=235"
"354","box-2","354","6392465","236","https://www.lego.com/cdn/product-assets/product.bi.core.pdf/6392465.pdf#page=236"
"355","box-2","355","6392465","237","https://www.lego.com/cdn/product-assets/product.bi.core.pdf/6392465.pdf#page=237"
"356","box-2","356","6392465","238","https://www.lego.com/cdn/product-assets/product.bi.core.pdf/6392465.pdf#page=238"
"357","box-2","357","6392465","238","https://www.lego.com/cdn/product-assets/product.bi.core.pdf/6392465.pdf#page=238"
"358","box-2","358","6392465","239","https://www.lego.com/cdn/product-assets/product.bi.core.pdf/6392465.pdf#page=239"
"359","box-2","359","6392465","239","https://www.lego.com/cdn/product-assets/product.bi.core.pdf/6392465.pdf#page=239"
"360","box-2","360","6392465","240","https://www.lego.com/cdn/product-assets/product.bi.core.pdf/6392465.pdf#page=240"
"361","box-2","361","6392465","240","https://www.lego.com/cdn/product-assets/product.bi.core.pdf/6392465.pdf#page=240"
"362","box-2","362","6392465","241","https://www.lego.com/cdn/product-assets/product.bi.core.pdf/6392465.pdf#page=241"
"363","box-2","363","6392465","241","https://www.lego.com/cdn/product-assets/product.bi.core.pdf/6392465.pdf#page=241"
"364","box-2","364","6392465","242","https://www.lego.com/cdn/product-assets/product.bi.core.pdf/6392465.pdf#page=242"
"365","box-2","365","6392465","242","https://www.lego.com/cdn/product-assets/product.bi.core.pdf/6392465.pdf#page=242"
"366","box-2","366","6392465","243","https://www.lego.com/cdn/product-assets/product.bi.core.pdf/6392465.pdf#page=243"
"367","box-2","367","6392465","244","https://www.lego.com/cdn/product-assets/product.bi.core.pdf/6392465.pdf#page=244"
"368","box-2","368","6392465","245","https://www.lego.com/cdn/product-assets/product.bi.core.pdf/6392465.pdf#page=245"
"369","box-2","369","6392465","246","https://www.lego.com/cdn/product-assets/product.bi.core.pdf/6392465.pdf#page=246"
"370","box-2","370","6392465","247","https://www.lego.com/cdn/product-assets/product.bi.core.pdf/6392465.pdf#page=247"
"371","box-2","371","6392465","247","https://www.lego.com/cdn/product-assets/product.bi.core.pdf/6392465.pdf#page=247"
"372","box-2","372","6392465","247","https://www.lego.com/cdn/product-assets/product.bi.core.pdf/6392465.pdf#page=247"
"373","box-2","373","6392465","248","https://www.lego.com/cdn/product-assets/product.bi.core.pdf/6392465.pdf#page=248"
"374","box-2","374","6392465","248","https://www.lego.com/cdn/product-assets/product.bi.core.pdf/6392465.pdf#page=248"
"375","box-2","375","6392465","249","https://www.lego.com/cdn/product-assets/product.bi.core.pdf/6392465.pdf#page=249"
"376","box-2","376","6392465","250","https://www.lego.com/cdn/product-assets/product.bi.core.pdf/6392465.pdf#page=250"
"377","box-2","377","6392465","251","https://www.lego.com/cdn/product-assets/product.bi.core.pdf/6392465.pdf#page=251"
"378","box-2","378","6392465","252","https://www.lego.com/cdn/product-assets/product.bi.core.pdf/6392465.pdf#page=252"
"379","box-2","379","6392465","253","https://www.lego.com/cdn/product-assets/product.bi.core.pdf/6392465.pdf#page=253"
"380","box-2","380","6392465","254","https://www.lego.com/cdn/product-assets/product.bi.core.pdf/6392465.pdf#page=254"
"381","box-2","381","6392465","255 256","https://www.lego.com/cdn/product-assets/product.bi.core.pdf/6392465.pdf#page=255"
"382","box-2","382","6392465","257","https://www.lego.com/cdn/product-assets/product.bi.core.pdf/6392465.pdf#page=257"
"383","box-3","383","6392465","261","https://www.lego.com/cdn/product-assets/product.bi.core.pdf/6392465.pdf#page=261"
"384","box-3","384","6392465","262","https://www.lego.com/cdn/product-assets/product.bi.core.pdf/6392465.pdf#page=262"
"385","box-3","385","6392465","263","https://www.lego.com/cdn/product-assets/product.bi.core.pdf/6392465.pdf#page=263"
"386","box-3","386","6392465","264","https://www.lego.com/cdn/product-assets/product.bi.core.pdf/6392465.pdf#page=264"
"387","box-3","387","6392465","265","https://www.lego.com/cdn/product-assets/product.bi.core.pdf/6392465.pdf#page=265"
"388","box-3","388","6392465","266","https://www.lego.com/cdn/product-assets/product.bi.core.pdf/6392465.pdf#page=266"
"389","box-3","389","6392465","267 268","https://www.lego.com/cdn/product-assets/product.bi.core.pdf/6392465.pdf#page=267"
"390","box-3","390","6392465","269","https://www.lego.com/cdn/product-assets/product.bi.core.pdf/6392465.pdf#page=269"
"391","box-3","391","6392465","270","https://www.lego.com/cdn/product-assets/product.bi.core.pdf/6392465.pdf#page=270"
"392","box-3","392","6392465","270","https://www.lego.com/cdn/product-assets/product.bi.core.pdf/6392465.pdf#page=270"
"393","box-3","393","6392465","270","https://www.lego.com/cdn/product-assets/product.bi.core.pdf/6392465.pdf#page=270"
"394","box-3","394","6392465","270","https://www.lego.com/cdn/product-assets/product.bi.core.pdf/6392465.pdf#page=270"
"395","box-3","395","6392465","271","https://www.lego.com/cdn/product-assets/product.bi.core.pdf/6392465.pdf#page=271"
"396","box-3","396","6392465","271","https://www.lego.com/cdn/product-assets/product.bi.core.pdf/6392465.pdf#page=271"
"397","box-3","397","6392465","271","https://www.lego.com/cdn/product-assets/product.bi.core.pdf/6392465.pdf#page=271"
"398","box-3","398","6392465","272","https://www.lego.com/cdn/product-assets/product.bi.core.pdf/6392465.pdf#page=272"
"399","box-3","399","6392465","272","https://www.lego.com/cdn/product-assets/product.bi.core.pdf/6392465.pdf#page=272"
"400","box-3","400","6392465","273","https://www.lego.com/cdn/product-assets/product.bi.core.pdf/6392465.pdf#page=273"
"401","box-3","401","6392465","273","https://www.lego.com/cdn/product-assets/product.bi.core.pdf/6392465.pdf#page=273"
"402","box-3","402","6392465","273","https://www.lego.com/cdn/product-assets/product.bi.core.pdf/6392465.pdf#page=273"
"403","box-3","403","6392465","274","https://www.lego.com/cdn/product-assets/product.bi.core.pdf/6392465.pdf#page=274"
"404","box-3","404","6392465","274","https://www.lego.com/cdn/product-assets/product.bi.core.pdf/6392465.pdf#page=274"
"405","box-3","405","6392465","274","https://www.lego.com/cdn/product-assets/product.bi.core.pdf/6392465.pdf#page=274"
"406","box-3","406","6392465","274","https://www.lego.com/cdn/product-assets/product.bi.core.pdf/6392465.pdf#page=274"
"407","box-3","407","6392465","275","https://www.lego.com/cdn/product-assets/product.bi.core.pdf/6392465.pdf#page=275"
"408","box-3","408","6392465","275","https://www.lego.com/cdn/product-assets/product.bi.core.pdf/6392465.pdf#page=275"
"409","box-3","409","6392465","275","https://www.lego.com/cdn/product-assets/product.bi.core.pdf/6392465.pdf#page=275"
"410","box-3","410","6392465","275","https://www.lego.com/cdn/product-assets/product.bi.core.pdf/6392465.pdf#page=275"
"411","box-3","411","6392465","276","https://www.lego.com/cdn/product-assets/product.bi.core.pdf/6392465.pdf#page=276"
"412","box-3","412","6392465","276","https://www.lego.com/cdn/product-assets/product.bi.core.pdf/6392465.pdf#page=276"
"413","box-3","413","6392465","276","https://www.lego.com/cdn/product-assets/product.bi.core.pdf/6392465.pdf#page=276"
"414","box-3","414","6392465","277","https://www.lego.com/cdn/product-assets/product.bi.core.pdf/6392465.pdf#page=277"
"415","box-3","415","6392465","277","https://www.lego.com/cdn/product-assets/product.bi.core.pdf/6392465.pdf#page=277"
"416","box-3","416","6392465","277","https://www.lego.com/cdn/product-assets/product.bi.core.pdf/6392465.pdf#page=277"
"417","box-3","417","6392465","278","https://www.lego.com/cdn/product-assets/product.bi.core.pdf/6392465.pdf#page=278"
"418","box-3","418","6392465","278","https://www.lego.com/cdn/product-assets/product.bi.core.pdf/6392465.pdf#page=278"
"419","box-3","419","6392465","279","https://www.lego.com/cdn/product-assets/product.bi.core.pdf/6392465.pdf#page=279"
"420","box-3","420","6392465","280","https://www.lego.com/cdn/product-assets/product.bi.core.pdf/6392465.pdf#page=280"
"421","box-3","421","6392465","280","https://www.lego.com/cdn/product-assets/product.bi.core.pdf/6392465.pdf#page=280"
"422","box-3","422","6392465","280","https://www.lego.com/cdn/product-assets/product.bi.core.pdf/6392465.pdf#page=280"
"423","box-3","423","6392465","280","https://www.lego.com/cdn/product-assets/product.bi.core.pdf/6392465.pdf#page=280"
"424","box-3","424","6392465","281","https://www.lego.com/cdn/product-assets/product.bi.core.pdf/6392465.pdf#page=281"
"425","box-3","425","6392465","281","https://www.lego.com/cdn/product-assets/product.bi.core.pdf/6392465.pdf#page=281"
"426","box-3","426","6392465","281","https://www.lego.com/cdn/product-assets/product.bi.core.pdf/6392465.pdf#page=281"
"427","box-3","427","6392465","282","https://www.lego.com/cdn/product-assets/product.bi.core.pdf/6392465.pdf#page=282"
"428","box-3","428","6392465","282","https://www.lego.com/cdn/product-assets/product.bi.core.pdf/6392465.pdf#page=282"
"429","box-3","429","6392465","282","https://www.lego.com/cdn/product-assets/product.bi.core.pdf/6392465.pdf#page=282"
"430","box-3","430","6392465","283","https://www.lego.com/cdn/product-assets/product.bi.core.pdf/6392465.pdf#page=283"
"431","box-3","431","6392465","283","https://www.lego.com/cdn/product-assets/product.bi.core.pdf/6392465.pdf#page=283"
"432","box-3","432","6392465","283","https://www.lego.com/cdn/product-assets/product.bi.core.pdf/6392465.pdf#page=283"
"433","box-3","433","6392465","284","https://www.lego.com/cdn/product-assets/product.bi.core.pdf/6392465.pdf#page=284"
"434","box-3","434","6392465","284","https://www.lego.com/cdn/product-assets/product.bi.core.pdf/6392465.pdf#page=284"
"435","box-3","435","6392465","284","https://www.lego.com/cdn/product-assets/product.bi.core.pdf/6392465.pdf#page=284"
"436","box-3","436","6392465","284","https://www.lego.com/cdn/product-assets/product.bi.core.pdf/6392465.pdf#page=284"
"437","box-3","437","6392465","285","https://www.lego.com/cdn/product-assets/product.bi.core.pdf/6392465.pdf#page=285"
"438","box-3","438","6392465","285","https://www.lego.com/cdn/product-assets/product.bi.core.pdf/6392465.pdf#page=285"
"439","box-3","439","6392465","285","https://www.lego.com/cdn/product-assets/product.bi.core.pdf/6392465.pdf#page=285"
"440","box-3","440","6392465","286","https://www.lego.com/cdn/product-assets/product.bi.core.pdf/6392465.pdf#page=286"
"441","box-3","441","6392465","286","https://www.lego.com/cdn/product-assets/product.bi.core.pdf/6392465.pdf#page=286"
"442","box-3","442","6392465","286","https://www.lego.com/cdn/product-assets/product.bi.core.pdf/6392465.pdf#page=286"
"443","box-3","443","6392465","286","https://www.lego.com/cdn/product-assets/product.bi.core.pdf/6392465.pdf#page=286"
"444","box-3","444","6392465","287","https://www.lego.com/cdn/product-assets/product.bi.core.pdf/6392465.pdf#page=287"
"445","box-3","445","6392465","287","https://www.lego.com/cdn/product-assets/product.bi.core.pdf/6392465.pdf#page=287"
"446","box-3","446","6392465","288","https://www.lego.com/cdn/product-assets/product.bi.core.pdf/6392465.pdf#page=288"
"447","box-3","447","6392465","288","https://www.lego.com/cdn/product-assets/product.bi.core.pdf/6392465.pdf#page=288"
"448","box-3","448","6392465","289","https://www.lego.com/cdn/product-assets/product.bi.core.pdf/6392465.pdf#page=289"
"449","box-3","449","6392465","290","https://www.lego.com/cdn/product-assets/product.bi.core.pdf/6392465.pdf#page=290"
"450","box-3","450","6392465","291","https://www.lego.com/cdn/product-assets/product.bi.core.pdf/6392465.pdf#page=291"
"451","box-3","451","6392465","292","https://www.lego.com/cdn/product-assets/product.bi.core.pdf/6392465.pdf#page=292"
"452","box-3","452","6392465","293","https://www.lego.com/cdn/product-assets/product.bi.core.pdf/6392465.pdf#page=293"
"453","box-3","453","6392465","293","https://www.lego.com/cdn/product-assets/product.bi.core.pdf/6392465.pdf#page=293"
"454","box-3","454","6392465","294","https://www.lego.com/cdn/product-assets/product.bi.core.pdf/6392465.pdf#page=294"
"455","box-3","455","6392465","294","https://www.lego.com/cdn/product-assets/product.bi.core.pdf/6392465.pdf#page=294"
"456","box-3","456","6392465","295","https://www.lego.com/cdn/product-assets/product.bi.core.pdf/6392465.pdf#page=295"
"457","box-3","457","6392465","295","https://www.lego.com/cdn/product-assets/product.bi.core.pdf/6392465.pdf#page=295"
"458","box-3","458","6392465","296","https://www.lego.com/cdn/product-assets/product.bi.core.pdf/6392465.pdf#page=296"
"459","box-3","459","6392465","296","https://www.lego.com/cdn/product-assets/product.bi.core.pdf/6392465.pdf#page=296"
"460","box-3","460","6392465","297","https://www.lego.com/cdn/product-assets/product.bi.core.pdf/6392465.pdf#page=297"
"461","box-3","461","6392465","298","https://www.lego.com/cdn/product-assets/product.bi.core.pdf/6392465.pdf#page=298"
"462","box-3","462","6392465","299","https://www.lego.com/cdn/product-assets/product.bi.core.pdf/6392465.pdf#page=299"
"463","box-3","463","6392465","300","https://www.lego.com/cdn/product-assets/product.bi.core.pdf/6392465.pdf#page=300"
"464","box-3","464","6392465","301","https://www.lego.com/cdn/product-assets/product.bi.core.pdf/6392465.pdf#page=301"
"465","box-3","465","6392465","302","https://www.lego.com/cdn/product-assets/product.bi.core.pdf/6392465.pdf#page=302"
"466","box-3","466","6392465","302","https://www.lego.com/cdn/product-assets/product.bi.core.pdf/6392465.pdf#page=302"
"467","box-3","467","6392465","302","https://www.lego.com/cdn/product-assets/product.bi.core.pdf/6392465.pdf#page=302"
"468","box-3","468","6392465","302","https://www.lego.com/cdn/product-assets/product.bi.core.pdf/6392465.pdf#page=302"
"469","box-3","469","6392465","302","https://www.lego.com/cdn/product-assets/product.bi.core.pdf/6392465.pdf#page=302"
"470","box-3","470","6392465","303","https://www.lego.com/cdn/product-assets/product.bi.core.pdf/6392465.pdf#page=303"
"471","box-3","471","6392465","304","https://www.lego.com/cdn/product-assets/product.bi.core.pdf/6392465.pdf#page=304"
"472","box-3","472","6392465","305","https://www.lego.com/cdn/product-assets/product.bi.core.pdf/6392465.pdf#page=305"
"473","box-3","473","6392465","306","https://www.lego.com/cdn/product-assets/product.bi.core.pdf/6392465.pdf#page=306"
"474","box-3","474","6392465","307","https://www.lego.com/cdn/product-assets/product.bi.core.pdf/6392465.pdf#page=307"
"475","box-3","475","6392465","307","https://www.lego.com/cdn/product-assets/product.bi.core.pdf/6392465.pdf#page=307"
"476","box-3","476","6392465","307","https://www.lego.com/cdn/product-assets/product.bi.core.pdf/6392465.pdf#page=307"
"477","box-3","477","6392465","307","https://www.lego.com/cdn/product-assets/product.bi.core.pdf/6392465.pdf#page=307"
"478","box-3","478","6392465","307","https://www.lego.com/cdn/product-assets/product.bi.core.pdf/6392465.pdf#page=307"
"479","box-3","479","6392465","308","https://www.lego.com/cdn/product-assets/product.bi.core.pdf/6392465.pdf#page=308"
"480","box-3","480","6392465","309","https://www.lego.com/cdn/product-assets/product.bi.core.pdf/6392465.pdf#page=309"
"481","box-3","481","6392465","310","https://www.lego.com/cdn/product-assets/product.bi.core.pdf/6392465.pdf#page=310"
"482","box-3","482","6392465","310","https://www.lego.com/cdn/product-assets/product.bi.core.pdf/6392465.pdf#page=310"
"483","box-3","483","6392465","310","https://www.lego.com/cdn/product-assets/product.bi.core.pdf/6392465.pdf#page=310"
"484","box-3","484","6392465","311","https://www.lego.com/cdn/product-assets/product.bi.core.pdf/6392465.pdf#page=311"
"485","box-3","485","6392465","311","https://www.lego.com/cdn/product-assets/product.bi.core.pdf/6392465.pdf#page=311"
"486","box-3","486","6392465","312","https://www.lego.com/cdn/product-assets/product.bi.core.pdf/6392465.pdf#page=312"
"487","box-3","487","6392465","312","https://www.lego.com/cdn/product-assets/product.bi.core.pdf/6392465.pdf#page=312"
"488","box-3","488","6392465","313","https://www.lego.com/cdn/product-assets/product.bi.core.pdf/6392465.pdf#page=313"
"489","box-3","489","6392465","313","https://www.lego.com/cdn/product-assets/product.bi.core.pdf/6392465.pdf#page=313"
"490","box-3","490","6392465","314","https://www.lego.com/cdn/product-assets/product.bi.core.pdf/6392465.pdf#page=314"
"491","box-3","491","6392465","315","https://www.lego.com/cdn/product-assets/product.bi.core.pdf/6392465.pdf#page=315"
"492","box-3","492","6392465","316","https://www.lego.com/cdn/product-assets/product.bi.core.pdf/6392465.pdf#page=316"
"493","box-3","493","6392465","317","https://www.lego.com/cdn/product-assets/product.bi.core.pdf/6392465.pdf#page=317"
"494","box-3","494","6392465","318","https://www.lego.com/cdn/product-assets/product.bi.core.pdf/6392465.pdf#page=318"
"495","box-3","495","6392465","318","https://www.lego.com/cdn/product-assets/product.bi.core.pdf/6392465.pdf#page=318"
"496","box-3","496","6392465","318","https://www.lego.com/cdn/product-assets/product.bi.core.pdf/6392465.pdf#page=318"
"497","box-3","497","6392465","318","https://www.lego.com/cdn/product-assets/product.bi.core.pdf/6392465.pdf#page=318"
"498","box-3","498","6392465","319","https://www.lego.com/cdn/product-assets/product.bi.core.pdf/6392465.pdf#page=319"
"499","box-3","499","6392465","320","https://www.lego.com/cdn/product-assets/product.bi.core.pdf/6392465.pdf#page=320"
"500","box-3","500","6392465","321","https://www.lego.com/cdn/product-assets/product.bi.core.pdf/6392465.pdf#page=321"
"501","box-3","501","6394695","6","https://www.lego.com/cdn/product-assets/product.bi.core.pdf/6394695.pdf#page=6"
"502","box-3","502","6394695","7","https://www.lego.com/cdn/product-assets/product.bi.core.pdf/6394695.pdf#page=7"
"503","box-3","503","6394695","8","https://www.lego.com/cdn/product-assets/product.bi.core.pdf/6394695.pdf#page=8"
"504","box-3","504","6394695","9","https://www.lego.com/cdn/product-assets/product.bi.core.pdf/6394695.pdf#page=9"
"505","box-3","505","6394695","10","https://www.lego.com/cdn/product-assets/product.bi.core.pdf/6394695.pdf#page=10"
"506","box-3","506","6394695","10","https://www.lego.com/cdn/product-assets/product.bi.core.pdf/6394695.pdf#page=10"
"507","box-3","507","6394695","10","https://www.lego.com/cdn/product-assets/product.bi.core.pdf/6394695.pdf#page=10"
"508","box-3","508","6394695","10","https://www.lego.com/cdn/product-assets/product.bi.core.pdf/6394695.pdf#page=10"
"509","box-3","509","6394695","10","https://www.lego.com/cdn/product-assets/product.bi.core.pdf/6394695.pdf#page=10"
"510","box-3","510","6394695","11","https://www.lego.com/cdn/product-assets/product.bi.core.pdf/6394695.pdf#page=11"
"511","box-3","511","6394695","12","https://www.lego.com/cdn/product-assets/product.bi.core.pdf/6394695.pdf#page=12"
"512","box-3","512","6394695","13","https://www.lego.com/cdn/product-assets/product.bi.core.pdf/6394695.pdf#page=13"
"513","box-3","513","6394695","14","https://www.lego.com/cdn/product-assets/product.bi.core.pdf/6394695.pdf#page=14"
"514","box-3","514","6394695","14","https://www.lego.com/cdn/product-assets/product.bi.core.pdf/6394695.pdf#page=14"
"515","box-3","515","6394695","14","https://www.lego.com/cdn/product-assets/product.bi.core.pdf/6394695.pdf#page=14"
"516","box-3","516","6394695","14","https://www.lego.com/cdn/product-assets/product.bi.core.pdf/6394695.pdf#page=14"
"517","box-3","517","6394695","15","https://www.lego.com/cdn/product-assets/product.bi.core.pdf/6394695.pdf#page=15"
"518","box-3","518","6394695","16","https://www.lego.com/cdn/product-assets/product.bi.core.pdf/6394695.pdf#page=16"
"519","box-3","519","6394695","17","https://www.lego.com/cdn/product-assets/product.bi.core.pdf/6394695.pdf#page=17"
"520","box-3","520","6394695","17","https://www.lego.com/cdn/product-assets/product.bi.core.pdf/6394695.pdf#page=17"
"521","box-3","521","6394695","17","https://www.lego.com/cdn/product-assets/product.bi.core.pdf/6394695.pdf#page=17"
"522","box-3","522","6394695","18","https://www.lego.com/cdn/product-assets/product.bi.core.pdf/6394695.pdf#page=18"
"523","box-3","523","6394695","18 19","https://www.lego.com/cdn/product-assets/product.bi.core.pdf/6394695.pdf#page=18"
"524","box-3","524","6394695","20","https://www.lego.com/cdn/product-assets/product.bi.core.pdf/6394695.pdf#page=20"
"525","box-3","525","6394695","21","https://www.lego.com/cdn/product-assets/product.bi.core.pdf/6394695.pdf#page=21"
"526","box-3","526","6394695","22","https://www.lego.com/cdn/product-assets/product.bi.core.pdf/6394695.pdf#page=22"
"527","box-3","527","6394695","22","https://www.lego.com/cdn/product-assets/product.bi.core.pdf/6394695.pdf#page=22"
"528","box-3","528","6394695","23","https://www.lego.com/cdn/product-assets/product.bi.core.pdf/6394695.pdf#page=23"
"529","box-3","529","6394695","23","https://www.lego.com/cdn/product-assets/product.bi.core.pdf/6394695.pdf#page=23"
"530","box-3","530","6394695","24","https://www.lego.com/cdn/product-assets/product.bi.core.pdf/6394695.pdf#page=24"
"531","box-3","531","6394695","24","https://www.lego.com/cdn/product-assets/product.bi.core.pdf/6394695.pdf#page=24"
"532","box-3","532","6394695","25","https://www.lego.com/cdn/product-assets/product.bi.core.pdf/6394695.pdf#page=25"
"533","box-3","533","6394695","25","https://www.lego.com/cdn/product-assets/product.bi.core.pdf/6394695.pdf#page=25"
"534","box-3","534","6394695","26","https://www.lego.com/cdn/product-assets/product.bi.core.pdf/6394695.pdf#page=26"
"535","box-3","535","6394695","26","https://www.lego.com/cdn/product-assets/product.bi.core.pdf/6394695.pdf#page=26"
"536","box-3","536","6394695","27","https://www.lego.com/cdn/product-assets/product.bi.core.pdf/6394695.pdf#page=27"
"537","box-3","537","6394695","28","https://www.lego.com/cdn/product-assets/product.bi.core.pdf/6394695.pdf#page=28"
"538","box-3","538","6394695","29","https://www.lego.com/cdn/product-assets/product.bi.core.pdf/6394695.pdf#page=29"
"539","box-3","539","6394695","30 31","https://www.lego.com/cdn/product-assets/product.bi.core.pdf/6394695.pdf#page=30"
"540","box-3","540","6394695","32","https://www.lego.com/cdn/product-assets/product.bi.core.pdf/6394695.pdf#page=32"
"541","box-3","541","6394695","32","https://www.lego.com/cdn/product-assets/product.bi.core.pdf/6394695.pdf#page=32"
"542","box-3","542","6394695","32","https://www.lego.com/cdn/product-assets/product.bi.core.pdf/6394695.pdf#page=32"
"543","box-3","543","6394695","32","https://www.lego.com/cdn/product-assets/product.bi.core.pdf/6394695.pdf#page=32"
"544","box-3","544","6394695","33","https://www.lego.com/cdn/product-assets/product.bi.core.pdf/6394695.pdf#page=33"
"545","box-3","545","6394695","33","https://www.lego.com/cdn/product-assets/product.bi.core.pdf/6394695.pdf#page=33"
"546","box-3","546","6394695","33","https://www.lego.com/cdn/product-assets/product.bi.core.pdf/6394695.pdf#page=33"
"547","box-3","547","6394695","33","https://www.lego.com/cdn/product-assets/product.bi.core.pdf/6394695.pdf#page=33"
"548","box-3","548","6394695","34","https://www.lego.com/cdn/product-assets/product.bi.core.pdf/6394695.pdf#page=34"
"549","box-3","549","6394695","34","https://www.lego.com/cdn/product-assets/product.bi.core.pdf/6394695.pdf#page=34"
"550","box-3","550","6394695","34","https://www.lego.com/cdn/product-assets/product.bi.core.pdf/6394695.pdf#page=34"
"551","box-3","551","6394695","34","https://www.lego.com/cdn/product-assets/product.bi.core.pdf/6394695.pdf#page=34"
"552","box-3","552","6394695","35","https://www.lego.com/cdn/product-assets/product.bi.core.pdf/6394695.pdf#page=35"
"553","box-3","553","6394695","35","https://www.lego.com/cdn/product-assets/product.bi.core.pdf/6394695.pdf#page=35"
"554","box-3","554","6394695","36","https://www.lego.com/cdn/product-assets/product.bi.core.pdf/6394695.pdf#page=36"
"555","box-3","555","6394695","37","https://www.lego.com/cdn/product-assets/product.bi.core.pdf/6394695.pdf#page=37"
"556","box-3","556","6394695","37","https://www.lego.com/cdn/product-assets/product.bi.core.pdf/6394695.pdf#page=37"
"557","box-3","557","6394695","37","https://www.lego.com/cdn/product-assets/product.bi.core.pdf/6394695.pdf#page=37"
"558","box-3","558","6394695","37","https://www.lego.com/cdn/product-assets/product.bi.core.pdf/6394695.pdf#page=37"
"559","box-3","559","6394695","38","https://www.lego.com/cdn/product-assets/product.bi.core.pdf/6394695.pdf#page=38"
"560","box-3","560","6394695","38","https://www.lego.com/cdn/product-assets/product.bi.core.pdf/6394695.pdf#page=38"
"561","box-3","561","6394695","38","https://www.lego.com/cdn/product-assets/product.bi.core.pdf/6394695.pdf#page=38"
"562","box-3","562","6394695","38","https://www.lego.com/cdn/product-assets/product.bi.core.pdf/6394695.pdf#page=38"
"563","box-3","563","6394695","39","https://www.lego.com/cdn/product-assets/product.bi.core.pdf/6394695.pdf#page=39"
"564","box-3","564","6394695","40","https://www.lego.com/cdn/product-assets/product.bi.core.pdf/6394695.pdf#page=40"
"565","box-3","565","6394695","41","https://www.lego.com/cdn/product-assets/product.bi.core.pdf/6394695.pdf#page=41"
"566","box-3","566","6394695","42","https://www.lego.com/cdn/product-assets/product.bi.core.pdf/6394695.pdf#page=42"
"567","box-3","567","6394695","43","https://www.lego.com/cdn/product-assets/product.bi.core.pdf/6394695.pdf#page=43"
"568","box-3","568","6394695","44 45","https://www.lego.com/cdn/product-assets/product.bi.core.pdf/6394695.pdf#page=44"
"569","box-3","569","6394695","46","https://www.lego.com/cdn/product-assets/product.bi.core.pdf/6394695.pdf#page=46"
"570","box-3","570","6394695","47 48","https://www.lego.com/cdn/product-assets/product.bi.core.pdf/6394695.pdf#page=47"
"571","box-3","571","6394695","49","https://www.lego.com/cdn/product-assets/product.bi.core.pdf/6394695.pdf#page=49"
"572","box-3","572","6394695","50","https://www.lego.com/cdn/product-assets/product.bi.core.pdf/6394695.pdf#page=50"
"573","box-3","573","6394695","50","https://www.lego.com/cdn/product-assets/product.bi.core.pdf/6394695.pdf#page=50"
"574","box-3","574","6394695","50","https://www.lego.com/cdn/product-assets/product.bi.core.pdf/6394695.pdf#page=50"
"575","box-3","575","6394695","50","https://www.lego.com/cdn/product-assets/product.bi.core.pdf/6394695.pdf#page=50"
"576","box-3","576","6394695","51","https://www.lego.com/cdn/product-assets/product.bi.core.pdf/6394695.pdf#page=51"
"577","box-3","577","6394695","51","https://www.lego.com/cdn/product-assets/product.bi.core.pdf/6394695.pdf#page=51"
"578","box-3","578","6394695","51","https://www.lego.com/cdn/product-assets/product.bi.core.pdf/6394695.pdf#page=51"
"579","box-3","579","6394695","52","https://www.lego.com/cdn/product-assets/product.bi.core.pdf/6394695.pdf#page=52"
"580","box-3","580","6394695","53","https://www.lego.com/cdn/product-assets/product.bi.core.pdf/6394695.pdf#page=53"
"581","box-4","581","6394695","59 60","https://www.lego.com/cdn/product-assets/product.bi.core.pdf/6394695.pdf#page=59"
"582","box-4","582","6394695","61 62","https://www.lego.com/cdn/product-assets/product.bi.core.pdf/6394695.pdf#page=61"
"583","box-4","583","6394695","63","https://www.lego.com/cdn/product-assets/product.bi.core.pdf/6394695.pdf#page=63"
"584","box-4","584","6394695","63","https://www.lego.com/cdn/product-assets/product.bi.core.pdf/6394695.pdf#page=63"
"585","box-4","585","6394695","63","https://www.lego.com/cdn/product-assets/product.bi.core.pdf/6394695.pdf#page=63"
"586","box-4","586","6394695","63","https://www.lego.com/cdn/product-assets/product.bi.core.pdf/6394695.pdf#page=63"
"587","box-4","587","6394695","64","https://www.lego.com/cdn/product-assets/product.bi.core.pdf/6394695.pdf#page=64"
"588","box-4","588","6394695","64","https://www.lego.com/cdn/product-assets/product.bi.core.pdf/6394695.pdf#page=64"
"589","box-4","589","6394695","64","https://www.lego.com/cdn/product-assets/product.bi.core.pdf/6394695.pdf#page=64"
"590","box-4","590","6394695","64","https://www.lego.com/cdn/product-assets/product.bi.core.pdf/6394695.pdf#page=64"
"591","box-4","591","6394695","65","https://www.lego.com/cdn/product-assets/product.bi.core.pdf/6394695.pdf#page=65"
"592","box-4","592","6394695","66","https://www.lego.com/cdn/product-assets/product.bi.core.pdf/6394695.pdf#page=66"
"593","box-4","593","6394695","67","https://www.lego.com/cdn/product-assets/product.bi.core.pdf/6394695.pdf#page=67"
"594","box-4","594","6394695","67","https://www.lego.com/cdn/product-assets/product.bi.core.pdf/6394695.pdf#page=67"
"595","box-4","595","6394695","67","https://www.lego.com/cdn/product-assets/product.bi.core.pdf/6394695.pdf#page=67"
"596","box-4","596","6394695","67","https://www.lego.com/cdn/product-assets/product.bi.core.pdf/6394695.pdf#page=67"
"597","box-4","597","6394695","67","https://www.lego.com/cdn/product-assets/product.bi.core.pdf/6394695.pdf#page=67"
"598","box-4","598","6394695","68","https://www.lego.com/cdn/product-assets/product.bi.core.pdf/6394695.pdf#page=68"
"599","box-4","599","6394695","69","https://www.lego.com/cdn/product-assets/product.bi.core.pdf/6394695.pdf#page=69"
"600","box-4","600","6394695","69","https://www.lego.com/cdn/product-assets/product.bi.core.pdf/6394695.pdf#page=69"
"601","box-4","601","6394695","69","https://www.lego.com/cdn/product-assets/product.bi.core.pdf/6394695.pdf#page=69"
"602","box-4","602","6394695","69","https://www.lego.com/cdn/product-assets/product.bi.core.pdf/6394695.pdf#page=69"
"603","box-4","603","6394695","69","https://www.lego.com/cdn/product-assets/product.bi.core.pdf/6394695.pdf#page=69"
"604","box-4","604","6394695","70","https://www.lego.com/cdn/product-assets/product.bi.core.pdf/6394695.pdf#page=70"
"605","box-4","605","6394695","71 72","https://www.lego.com/cdn/product-assets/product.bi.core.pdf/6394695.pdf#page=71"
"606","box-4","606","6394695","73","https://www.lego.com/cdn/product-assets/product.bi.core.pdf/6394695.pdf#page=73"
"607","box-4","607","6394695","73","https://www.lego.com/cdn/product-assets/product.bi.core.pdf/6394695.pdf#page=73"
"608","box-4","608","6394695","73","https://www.lego.com/cdn/product-assets/product.bi.core.pdf/6394695.pdf#page=73"
"609","box-4","609","6394695","73","https://www.lego.com/cdn/product-assets/product.bi.core.pdf/6394695.pdf#page=73"
"610","box-4","610","6394695","74","https://www.lego.com/cdn/product-assets/product.bi.core.pdf/6394695.pdf#page=74"
"611","box-4","611","6394695","74","https://www.lego.com/cdn/product-assets/product.bi.core.pdf/6394695.pdf#page=74"
"612","box-4","612","6394695","74","https://www.lego.com/cdn/product-assets/product.bi.core.pdf/6394695.pdf#page=74"
"613","box-4","613","6394695","75","https://www.lego.com/cdn/product-assets/product.bi.core.pdf/6394695.pdf#page=75"
"614","box-4","614","6394695","76","https://www.lego.com/cdn/product-assets/product.bi.core.pdf/6394695.pdf#page=76"
"615","box-4","615","6394695","76","https://www.lego.com/cdn/product-assets/product.bi.core.pdf/6394695.pdf#page=76"
"616","box-4","616","6394695","76","https://www.lego.com/cdn/product-assets/product.bi.core.pdf/6394695.pdf#page=76"
"617","box-4","617","6394695","76","https://www.lego.com/cdn/product-assets/product.bi.core.pdf/6394695.pdf#page=76"
"618","box-4","618","6394695","77","https://www.lego.com/cdn/product-assets/product.bi.core.pdf/6394695.pdf#page=77"
"619","box-4","619","6394695","77","https://www.lego.com/cdn/product-assets/product.bi.core.pdf/6394695.pdf#page=77"
"620","box-4","620","6394695","77","https://www.lego.com/cdn/product-assets/product.bi.core.pdf/6394695.pdf#page=77"
"621","box-4","621","6394695","78","https://www.lego.com/cdn/product-assets/product.bi.core.pdf/6394695.pdf#page=78"
"622","box-4","622","6394695","79","https://www.lego.com/cdn/product-assets/product.bi.core.pdf/6394695.pdf#page=79"
"623","box-4","623","6394695","80","https://www.lego.com/cdn/product-assets/product.bi.core.pdf/6394695.pdf#page=80"
"624","box-4","624","6394695","80","https://www.lego.com/cdn/product-assets/product.bi.core.pdf/6394695.pdf#page=80"
"625","box-4","625","6394695","80","https://www.lego.com/cdn/product-assets/product.bi.core.pdf/6394695.pdf#page=80"
"626","box-4","626","6394695","80","https://www.lego.com/cdn/product-assets/product.bi.core.pdf/6394695.pdf#page=80"
"627","box-4","627","6394695","80","https://www.lego.com/cdn/product-assets/product.bi.core.pdf/6394695.pdf#page=80"
"628","box-4","628","6394695","81","https://www.lego.com/cdn/product-assets/product.bi.core.pdf/6394695.pdf#page=81"
"629","box-4","629","6394695","81","https://www.lego.com/cdn/product-assets/product.bi.core.pdf/6394695.pdf#page=81"
"630","box-4","630","6394695","81","https://www.lego.com/cdn/product-assets/product.bi.core.pdf/6394695.pdf#page=81"
"631","box-4","631","6394695","81","https://www.lego.com/cdn/product-assets/product.bi.core.pdf/6394695.pdf#page=81"
"632","box-4","632","6394695","81","https://www.lego.com/cdn/product-assets/product.bi.core.pdf/6394695.pdf#page=81"
"633","box-4","633","6394695","82","https://www.lego.com/cdn/product-assets/product.bi.core.pdf/6394695.pdf#page=82"
"634","box-4","634","6394695","82","https://www.lego.com/cdn/product-assets/product.bi.core.pdf/6394695.pdf#page=82"
"635","box-4","635","6394695","82","https://www.lego.com/cdn/product-assets/product.bi.core.pdf/6394695.pdf#page=82"
"636","box-4","636","6394695","83","https://www.lego.com/cdn/product-assets/product.bi.core.pdf/6394695.pdf#page=83"
"637","box-4","637","6394695","83","https://www.lego.com/cdn/product-assets/product.bi.core.pdf/6394695.pdf#page=83"
"638","box-4","638","6394695","84","https://www.lego.com/cdn/product-assets/product.bi.core.pdf/6394695.pdf#page=84"
"639","box-4","639","6394695","84","https://www.lego.com/cdn/product-assets/product.bi.core.pdf/6394695.pdf#page=84"
"640","box-4","640","6394695","84","https://www.lego.com/cdn/product-assets/product.bi.core.pdf/6394695.pdf#page=84"
"641","box-4","641","6394695","85","https://www.lego.com/cdn/product-assets/product.bi.core.pdf/6394695.pdf#page=85"
"642","box-4","642","6394695","86","https://www.lego.com/cdn/product-assets/product.bi.core.pdf/6394695.pdf#page=86"
"643","box-4","643","6394695","86","https://www.lego.com/cdn/product-assets/product.bi.core.pdf/6394695.pdf#page=86"
"644","box-4","644","6394695","86","https://www.lego.com/cdn/product-assets/product.bi.core.pdf/6394695.pdf#page=86"
"645","box-4","645","6394695","86","https://www.lego.com/cdn/product-assets/product.bi.core.pdf/6394695.pdf#page=86"
"646","box-4","646","6394695","86","https://www.lego.com/cdn/product-assets/product.bi.core.pdf/6394695.pdf#page=86"
"647","box-4","647","6394695","87","https://www.lego.com/cdn/product-assets/product.bi.core.pdf/6394695.pdf#page=87"
"648","box-4","648","6394695","87","https://www.lego.com/cdn/product-assets/product.bi.core.pdf/6394695.pdf#page=87"
"649","box-4","649","6394695","87","https://www.lego.com/cdn/product-assets/product.bi.core.pdf/6394695.pdf#page=87"
"650","box-4","650","6394695","87","https://www.lego.com/cdn/product-assets/product.bi.core.pdf/6394695.pdf#page=87"
"651","box-4","651","6394695","87","https://www.lego.com/cdn/product-assets/product.bi.core.pdf/6394695.pdf#page=87"
"652","box-4","652","6394695","88","https://www.lego.com/cdn/product-assets/product.bi.core.pdf/6394695.pdf#page=88"
"653","box-4","653","6394695","88","https://www.lego.com/cdn/product-assets/product.bi.core.pdf/6394695.pdf#page=88"
"654","box-4","654","6394695","88","https://www.lego.com/cdn/product-assets/product.bi.core.pdf/6394695.pdf#page=88"
"655","box-4","655","6394695","89","https://www.lego.com/cdn/product-assets/product.bi.core.pdf/6394695.pdf#page=89"
"656","box-4","656","6394695","89","https://www.lego.com/cdn/product-assets/product.bi.core.pdf/6394695.pdf#page=89"
"657","box-4","657","6394695","90","https://www.lego.com/cdn/product-assets/product.bi.core.pdf/6394695.pdf#page=90"
"658","box-4","658","6394695","90","https://www.lego.com/cdn/product-assets/product.bi.core.pdf/6394695.pdf#page=90"
"659","box-4","659","6394695","90","https://www.lego.com/cdn/product-assets/product.bi.core.pdf/6394695.pdf#page=90"
"660","box-4","660","6394695","91","https://www.lego.com/cdn/product-assets/product.bi.core.pdf/6394695.pdf#page=91"
"661","box-4","661","6394695","92","https://www.lego.com/cdn/product-assets/product.bi.core.pdf/6394695.pdf#page=92"
"662","box-4","662","6394695","92","https://www.lego.com/cdn/product-assets/product.bi.core.pdf/6394695.pdf#page=92"
"663","box-4","663","6394695","92","https://www.lego.com/cdn/product-assets/product.bi.core.pdf/6394695.pdf#page=92"
"664","box-4","664","6394695","92","https://www.lego.com/cdn/product-assets/product.bi.core.pdf/6394695.pdf#page=92"
"665","box-4","665","6394695","93","https://www.lego.com/cdn/product-assets/product.bi.core.pdf/6394695.pdf#page=93"
"666","box-4","666","6394695","94","https://www.lego.com/cdn/product-assets/product.bi.core.pdf/6394695.pdf#page=94"
"667","box-4","667","6394695","94","https://www.lego.com/cdn/product-assets/product.bi.core.pdf/6394695.pdf#page=94"
"668","box-4","668","6394695","94","https://www.lego.com/cdn/product-assets/product.bi.core.pdf/6394695.pdf#page=94"
"669","box-4","669","6394695","94","https://www.lego.com/cdn/product-assets/product.bi.core.pdf/6394695.pdf#page=94"
"670","box-4","670","6394695","95","https://www.lego.com/cdn/product-assets/product.bi.core.pdf/6394695.pdf#page=95"
"671","box-4","671","6394695","96","https://www.lego.com/cdn/product-assets/product.bi.core.pdf/6394695.pdf#page=96"
"672","box-4","672","6394695","97","https://www.lego.com/cdn/product-assets/product.bi.core.pdf/6394695.pdf#page=97"
"673","box-4","673","6394695","98","https://www.lego.com/cdn/product-assets/product.bi.core.pdf/6394695.pdf#page=98"
"674","box-4","674","6394695","99","https://www.lego.com/cdn/product-assets/product.bi.core.pdf/6394695.pdf#page=99"
"675","box-4","675","6394695","100","https://www.lego.com/cdn/product-assets/product.bi.core.pdf/6394695.pdf#page=100"
"676","box-4","676","6394695","100","https://www.lego.com/cdn/product-assets/product.bi.core.pdf/6394695.pdf#page=100"
"677","box-4","677","6394695","100","https://www.lego.com/cdn/product-assets/product.bi.core.pdf/6394695.pdf#page=100"
"678","box-4","678","6394695","100","https://www.lego.com/cdn/product-assets/product.bi.core.pdf/6394695.pdf#page=100"
"679","box-4","679","6394695","101","https://www.lego.com/cdn/product-assets/product.bi.core.pdf/6394695.pdf#page=101"
"680","box-4","680","6394695","101","https://www.lego.com/cdn/product-assets/product.bi.core.pdf/6394695.pdf#page=101"
"681","box-4","681","6394695","102","https://www.lego.com/cdn/product-assets/product.bi.core.pdf/6394695.pdf#page=102"
"682","box-4","682","6394695","102","https://www.lego.com/cdn/product-assets/product.bi.core.pdf/6394695.pdf#page=102"
"683","box-4","683","6394695","102","https://www.lego.com/cdn/product-assets/product.bi.core.pdf/6394695.pdf#page=102"
"684","box-4","684","6394695","103","https://www.lego.com/cdn/product-assets/product.bi.core.pdf/6394695.pdf#page=103"
"685","box-4","685","6394695","103","https://www.lego.com/cdn/product-assets/product.bi.core.pdf/6394695.pdf#page=103"
"686","box-4","686","6394695","104","https://www.lego.com/cdn/product-assets/product.bi.core.pdf/6394695.pdf#page=104"
"687","box-4","687","6394695","105","https://www.lego.com/cdn/product-assets/product.bi.core.pdf/6394695.pdf#page=105"
"688","box-4","688","6394695","105","https://www.lego.com/cdn/product-assets/product.bi.core.pdf/6394695.pdf#page=105"
"689","box-4","689","6394695","105","https://www.lego.com/cdn/product-assets/product.bi.core.pdf/6394695.pdf#page=105"
"690","box-4","690","6394695","105","https://www.lego.com/cdn/product-assets/product.bi.core.pdf/6394695.pdf#page=105"
"691","box-4","691","6394695","106","https://www.lego.com/cdn/product-assets/product.bi.core.pdf/6394695.pdf#page=106"
"692","box-4","692","6394695","106","https://www.lego.com/cdn/product-assets/product.bi.core.pdf/6394695.pdf#page=106"
"693","box-4","693","6394695","106","https://www.lego.com/cdn/product-assets/product.bi.core.pdf/6394695.pdf#page=106"
"694","box-4","694","6394695","106","https://www.lego.com/cdn/product-assets/product.bi.core.pdf/6394695.pdf#page=106"
"695","box-4","695","6394695","107","https://www.lego.com/cdn/product-assets/product.bi.core.pdf/6394695.pdf#page=107"
"696","box-4","696","6394695","108","https://www.lego.com/cdn/product-assets/product.bi.core.pdf/6394695.pdf#page=108"
"697","box-4","697","6394695","108","https://www.lego.com/cdn/product-assets/product.bi.core.pdf/6394695.pdf#page=108"
"698","box-4","698","6394695","108","https://www.lego.com/cdn/product-assets/product.bi.core.pdf/6394695.pdf#page=108"
"699","box-4","699","6394695","108","https://www.lego.com/cdn/product-assets/product.bi.core.pdf/6394695.pdf#page=108"
"700","box-4","700","6394695","108","https://www.lego.com/cdn/product-assets/product.bi.core.pdf/6394695.pdf#page=108"
"701","box-4","701","6394695","109","https://www.lego.com/cdn/product-assets/product.bi.core.pdf/6394695.pdf#page=109"
"702","box-4","702","6394695","110 111","https://www.lego.com/cdn/product-assets/product.bi.core.pdf/6394695.pdf#page=110"
"703","box-4","703","6394695","112","https://www.lego.com/cdn/product-assets/product.bi.core.pdf/6394695.pdf#page=112"
"704","box-4","704","6394695","112","https://www.lego.com/cdn/product-assets/product.bi.core.pdf/6394695.pdf#page=112"
"705","box-4","705","6394695","112","https://www.lego.com/cdn/product-assets/product.bi.core.pdf/6394695.pdf#page=112"
"706","box-4","706","6394695","112","https://www.lego.com/cdn/product-assets/product.bi.core.pdf/6394695.pdf#page=112"
"707","box-4","707","6394695","113","https://www.lego.com/cdn/product-assets/product.bi.core.pdf/6394695.pdf#page=113"
"708","box-4","708","6394695","113","https://www.lego.com/cdn/product-assets/product.bi.core.pdf/6394695.pdf#page=113"
"709","box-4","709","6394695","113","https://www.lego.com/cdn/product-assets/product.bi.core.pdf/6394695.pdf#page=113"
"710","box-4","710","6394695","113","https://www.lego.com/cdn/product-assets/product.bi.core.pdf/6394695.pdf#page=113"
"711","box-4","711","6394695","114","https://www.lego.com/cdn/product-assets/product.bi.core.pdf/6394695.pdf#page=114"
"712","box-4","712","6394695","115","https://www.lego.com/cdn/product-assets/product.bi.core.pdf/6394695.pdf#page=115"
"713","box-4","713","6394695","116 117","https://www.lego.com/cdn/product-assets/product.bi.core.pdf/6394695.pdf#page=116"
"714","box-4","714","6394695","118","https://www.lego.com/cdn/product-assets/product.bi.core.pdf/6394695.pdf#page=118"
"715","box-4","715","6394695","119","https://www.lego.com/cdn/product-assets/product.bi.core.pdf/6394695.pdf#page=119"
"716","box-4","716","6394695","119","https://www.lego.com/cdn/product-assets/product.bi.core.pdf/6394695.pdf#page=119"
"717","box-4","717","6394695","119","https://www.lego.com/cdn/product-assets/product.bi.core.pdf/6394695.pdf#page=119"
"718","box-4","718","6394695","119","https://www.lego.com/cdn/product-assets/product.bi.core.pdf/6394695.pdf#page=119"
"719","box-4","719","6394695","120","https://www.lego.com/cdn/product-assets/product.bi.core.pdf/6394695.pdf#page=120"
"720","box-4","720","6394695","120","https://www.lego.com/cdn/product-assets/product.bi.core.pdf/6394695.pdf#page=120"
"721","box-4","721","6394695","120","https://www.lego.com/cdn/product-assets/product.bi.core.pdf/6394695.pdf#page=120"
"722","box-4","722","6394695","121","https://www.lego.com/cdn/product-assets/product.bi.core.pdf/6394695.pdf#page=121"
"723","box-4","723","6394695","122","https://www.lego.com/cdn/product-assets/product.bi.core.pdf/6394695.pdf#page=122"
"724","box-4","724","6394695","123","https://www.lego.com/cdn/product-assets/product.bi.core.pdf/6394695.pdf#page=123"
"725","box-4","725","6394695","124","https://www.lego.com/cdn/product-assets/product.bi.core.pdf/6394695.pdf#page=124"
"726","box-4","726","6394695","124","https://www.lego.com/cdn/product-assets/product.bi.core.pdf/6394695.pdf#page=124"
"727","box-4","727","6394695","124","https://www.lego.com/cdn/product-assets/product.bi.core.pdf/6394695.pdf#page=124"
"728","box-4","728","6394695","124","https://www.lego.com/cdn/product-assets/product.bi.core.pdf/6394695.pdf#page=124"
"729","box-4","729","6394695","125","https://www.lego.com/cdn/product-assets/product.bi.core.pdf/6394695.pdf#page=125"
"730","box-4","730","6394695","125","https://www.lego.com/cdn/product-assets/product.bi.core.pdf/6394695.pdf#page=125"
"731","box-4","731","6394695","126","https://www.lego.com/cdn/product-assets/product.bi.core.pdf/6394695.pdf#page=126"
"732","box-4","732","6394695","126","https://www.lego.com/cdn/product-assets/product.bi.core.pdf/6394695.pdf#page=126"
"733","box-4","733","6394695","126","https://www.lego.com/cdn/product-assets/product.bi.core.pdf/6394695.pdf#page=126"
"734","box-4","734","6394695","127","https://www.lego.com/cdn/product-assets/product.bi.core.pdf/6394695.pdf#page=127"
"735","box-4","735","6394695","127","https://www.lego.com/cdn/product-assets/product.bi.core.pdf/6394695.pdf#page=127"
"736","box-4","736","6394695","128","https://www.lego.com/cdn/product-assets/product.bi.core.pdf/6394695.pdf#page=128"
"737","box-4","737","6394695","129","https://www.lego.com/cdn/product-assets/product.bi.core.pdf/6394695.pdf#page=129"
"738","box-4","738","6394695","129","https://www.lego.com/cdn/product-assets/product.bi.core.pdf/6394695.pdf#page=129"
"739","box-4","739","6394695","129","https://www.lego.com/cdn/product-assets/product.bi.core.pdf/6394695.pdf#page=129"
"740","box-4","740","6394695","129","https://www.lego.com/cdn/product-assets/product.bi.core.pdf/6394695.pdf#page=129"
"741","box-4","741","6394695","130","https://www.lego.com/cdn/product-assets/product.bi.core.pdf/6394695.pdf#page=130"
"742","box-4","742","6394695","130","https://www.lego.com/cdn/product-assets/product.bi.core.pdf/6394695.pdf#page=130"
"743","box-4","743","6394695","130","https://www.lego.com/cdn/product-assets/product.bi.core.pdf/6394695.pdf#page=130"
"744","box-4","744","6394695","131","https://www.lego.com/cdn/product-assets/product.bi.core.pdf/6394695.pdf#page=131"
"745","box-4","745","6394695","132","https://www.lego.com/cdn/product-assets/product.bi.core.pdf/6394695.pdf#page=132"
"746","box-4","746","6394695","132","https://www.lego.com/cdn/product-assets/product.bi.core.pdf/6394695.pdf#page=132"
"747","box-4","747","6394695","132","https://www.lego.com/cdn/product-assets/product.bi.core.pdf/6394695.pdf#page=132"
"748","box-4","748","6394695","132","https://www.lego.com/cdn/product-assets/product.bi.core.pdf/6394695.pdf#page=132"
"749","box-4","749","6394695","132","https://www.lego.com/cdn/product-assets/product.bi.core.pdf/6394695.pdf#page=132"
"750","box-4","750","6394695","133","https://www.lego.com/cdn/product-assets/product.bi.core.pdf/6394695.pdf#page=133"
"751","box-4","751","6394695","134 135","https://www.lego.com/cdn/product-assets/product.bi.core.pdf/6394695.pdf#page=134"
"752","box-4","752","6394695","136","https://www.lego.com/cdn/product-assets/product.bi.core.pdf/6394695.pdf#page=136"
"753","box-4","753","6394695","136","https://www.lego.com/cdn/product-assets/product.bi.core.pdf/6394695.pdf#page=136"
"754","box-4","754","6394695","136","https://www.lego.com/cdn/product-assets/product.bi.core.pdf/6394695.pdf#page=136"
"755","box-4","755","6394695","136","https://www.lego.com/cdn/product-assets/product.bi.core.pdf/6394695.pdf#page=136"
"756","box-4","756","6394695","137","https://www.lego.com/cdn/product-assets/product.bi.core.pdf/6394695.pdf#page=137"
"757","box-4","757","6394695","137","https://www.lego.com/cdn/product-assets/product.bi.core.pdf/6394695.pdf#page=137"
"758","box-4","758","6394695","137","https://www.lego.com/cdn/product-assets/product.bi.core.pdf/6394695.pdf#page=137"
"759","box-4","759","6394695","137","https://www.lego.com/cdn/product-assets/product.bi.core.pdf/6394695.pdf#page=137"
"760","box-4","760","6394695","138","https://www.lego.com/cdn/product-assets/product.bi.core.pdf/6394695.pdf#page=138"
"761","box-4","761","6394695","139","https://www.lego.com/cdn/product-assets/product.bi.core.pdf/6394695.pdf#page=139"
"762","box-4","762","6394695","140 141","https://www.lego.com/cdn/product-assets/product.bi.core.pdf/6394695.pdf#page=140"
"763","box-4","763","6394695","142","https://www.lego.com/cdn/product-assets/product.bi.core.pdf/6394695.pdf#page=142"
"764","box-4","764","6394695","143","https://www.lego.com/cdn/product-assets/product.bi.core.pdf/6394695.pdf#page=143"
"765","box-4","765","6394695","143","https://www.lego.com/cdn/product-assets/product.bi.core.pdf/6394695.pdf#page=143"
"766","box-4","766","6394695","143","https://www.lego.com/cdn/product-assets/product.bi.core.pdf/6394695.pdf#page=143"
"767","box-4","767","6394695","143","https://www.lego.com/cdn/product-assets/product.bi.core.pdf/6394695.pdf#page=143"
"768","box-4","768","6394695","144","https://www.lego.com/cdn/product-assets/product.bi.core.pdf/6394695.pdf#page=144"
"769","box-4","769","6394695","144","https://www.lego.com/cdn/product-assets/product.bi.core.pdf/6394695.pdf#page=144"
"770","box-4","770","6394695","144","https://www.lego.com/cdn/product-assets/product.bi.core.pdf/6394695.pdf#page=144"
"771","box-4","771","6394695","145","https://www.lego.com/cdn/product-assets/product.bi.core.pdf/6394695.pdf#page=145"
"772","box-4","772","6394695","146","https://www.lego.com/cdn/product-assets/product.bi.core.pdf/6394695.pdf#page=146"
"773","box-4","773","6394695","146","https://www.lego.com/cdn/product-assets/product.bi.core.pdf/6394695.pdf#page=146"
"774","box-4","774","6394695","146","https://www.lego.com/cdn/product-assets/product.bi.core.pdf/6394695.pdf#page=146"
"775","box-4","775","6394695","146","https://www.lego.com/cdn/product-assets/product.bi.core.pdf/6394695.pdf#page=146"
"776","box-4","776","6394695","147","https://www.lego.com/cdn/product-assets/product.bi.core.pdf/6394695.pdf#page=147"
"777","box-4","777","6394695","147","https://www.lego.com/cdn/product-assets/product.bi.core.pdf/6394695.pdf#page=147"
"778","box-4","778","6394695","148","https://www.lego.com/cdn/product-assets/product.bi.core.pdf/6394695.pdf#page=148"
"779","box-4","779","6394695","149","https://www.lego.com/cdn/product-assets/product.bi.core.pdf/6394695.pdf#page=149"
"780","box-4","780","6394695","149","https://www.lego.com/cdn/product-assets/product.bi.core.pdf/6394695.pdf#page=149"
"781","box-4","781","6394695","150","https://www.lego.com/cdn/product-assets/product.bi.core.pdf/6394695.pdf#page=150"
"782","box-4","782","6394695","151","https://www.lego.com/cdn/product-assets/product.bi.core.pdf/6394695.pdf#page=151"
"783","box-4","783","6394695","151","https://www.lego.com/cdn/product-assets/product.bi.core.pdf/6394695.pdf#page=151"
"784","box-4","784","6394695","152","https://www.lego.com/cdn/product-assets/product.bi.core.pdf/6394695.pdf#page=152"
"785","box-4","785","6394695","153","https://www.lego.com/cdn/product-assets/product.bi.core.pdf/6394695.pdf#page=153"
"786","box-4","786","6394695","154","https://www.lego.com/cdn/product-assets/product.bi.core.pdf/6394695.pdf#page=154"
"787","box-4","787","6394695","155","https://www.lego.com/cdn/product-assets/product.bi.core.pdf/6394695.pdf#page=155"
"788","box-4","788","6394695","156","https://www.lego.com/cdn/product-assets/product.bi.core.pdf/6394695.pdf#page=156"
"789","box-4","789","6394695","157","https://www.lego.com/cdn/product-assets/product.bi.core.pdf/6394695.pdf#page=157"
"790","box-4","790","6394695","158","https://www.lego.com/cdn/product-assets/product.bi.core.pdf/6394695.pdf#page=158"
"791","box-4","791","6394695","159","https://www.lego.com/cdn/product-assets/product.bi.core.pdf/6394695.pdf#page=159"
"792","box-4","792","6394695","159","https://www.lego.com/cdn/product-assets/product.bi.core.pdf/6394695.pdf#page=159"
"793","box-4","793","6394695","159","https://www.lego.com/cdn/product-assets/product.bi.core.pdf/6394695.pdf#page=159"
"794","box-4","794","6394695","160","https://www.lego.com/cdn/product-assets/product.bi.core.pdf/6394695.pdf#page=160"
"795","box-4","795","6394695","160","https://www.lego.com/cdn/product-assets/product.bi.core.pdf/6394695.pdf#page=160"
"796","box-4","796","6394695","160","https://www.lego.com/cdn/product-assets/product.bi.core.pdf/6394695.pdf#page=160"
"797","box-4","797","6394695","160","https://www.lego.com/cdn/product-assets/product.bi.core.pdf/6394695.pdf#page=160"
"798","box-4","798","6394695","161","https://www.lego.com/cdn/product-assets/product.bi.core.pdf/6394695.pdf#page=161"
"799","box-4","799","6394695","161","https://www.lego.com/cdn/product-assets/product.bi.core.pdf/6394695.pdf#page=161"
"800","box-4","800","6394695","162","https://www.lego.com/cdn/product-assets/product.bi.core.pdf/6394695.pdf#page=162"
"801","box-4","801","6394695","163","https://www.lego.com/cdn/product-assets/product.bi.core.pdf/6394695.pdf#page=163"
"802","box-4","802","6394695","164","https://www.lego.com/cdn/product-assets/product.bi.core.pdf/6394695.pdf#page=164"
"803","box-4","803","6394695","164","https://www.lego.com/cdn/product-assets/product.bi.core.pdf/6394695.pdf#page=164"
"804","box-4","804","6394695","164","https://www.lego.com/cdn/product-assets/product.bi.core.pdf/6394695.pdf#page=164"
"805","box-4","805","6394695","164","https://www.lego.com/cdn/product-assets/product.bi.core.pdf/6394695.pdf#page=164"
"806","box-4","806","6394695","165","https://www.lego.com/cdn/product-assets/product.bi.core.pdf/6394695.pdf#page=165"
"807","box-4","807","6394695","165","https://www.lego.com/cdn/product-assets/product.bi.core.pdf/6394695.pdf#page=165"
"808","box-4","808","6394695","166","https://www.lego.com/cdn/product-assets/product.bi.core.pdf/6394695.pdf#page=166"
"809","box-4","809","6394695","167","https://www.lego.com/cdn/product-assets/product.bi.core.pdf/6394695.pdf#page=167"
"810","box-4","810","6394695","167","https://www.lego.com/cdn/product-assets/product.bi.core.pdf/6394695.pdf#page=167"
"811","box-4","811","6394695","168","https://www.lego.com/cdn/product-assets/product.bi.core.pdf/6394695.pdf#page=168"
"812","box-4","812","6394695","168","https://www.lego.com/cdn/product-assets/product.bi.core.pdf/6394695.pdf#page=168"
"813","box-4","813","6394695","169","https://www.lego.com/cdn/product-assets/product.bi.core.pdf/6394695.pdf#page=169"
"814","box-4","814","6394695","169","https://www.lego.com/cdn/product-assets/product.bi.core.pdf/6394695.pdf#page=169"
"815","box-4","815","6394695","170","https://www.lego.com/cdn/product-assets/product.bi.core.pdf/6394695.pdf#page=170"
"816","box-4","816","6394695","171","https://www.lego.com/cdn/product-assets/product.bi.core.pdf/6394695.pdf#page=171"
"817","box-4","817","6394695","172","https://www.lego.com/cdn/product-assets/product.bi.core.pdf/6394695.pdf#page=172"
"818","box-4","818","6394695","172","https://www.lego.com/cdn/product-assets/product.bi.core.pdf/6394695.pdf#page=172"
"819","box-4","819","6394695","172","https://www.lego.com/cdn/product-assets/product.bi.core.pdf/6394695.pdf#page=172"
"820","box-4","820","6394695","172","https://www.lego.com/cdn/product-assets/product.bi.core.pdf/6394695.pdf#page=172"
"821","box-4","821","6394695","173","https://www.lego.com/cdn/product-assets/product.bi.core.pdf/6394695.pdf#page=173"
"822","box-4","822","6394695","173","https://www.lego.com/cdn/product-assets/product.bi.core.pdf/6394695.pdf#page=173"
"823","box-4","823","6394695","174","https://www.lego.com/cdn/product-assets/product.bi.core.pdf/6394695.pdf#page=174"
"824","box-4","824","6394695","174","https://www.lego.com/cdn/product-assets/product.bi.core.pdf/6394695.pdf#page=174"
"825","box-4","825","6394695","175","https://www.lego.com/cdn/product-assets/product.bi.core.pdf/6394695.pdf#page=175"
"826","box-4","826","6394695","176","https://www.lego.com/cdn/product-assets/product.bi.core.pdf/6394695.pdf#page=176"
"827","box-4","827","6394695","177","https://www.lego.com/cdn/product-assets/product.bi.core.pdf/6394695.pdf#page=177"
"828","box-4","828","6394695","177","https://www.lego.com/cdn/product-assets/product.bi.core.pdf/6394695.pdf#page=177"
"829","box-4","829","6394695","178","https://www.lego.com/cdn/product-assets/product.bi.core.pdf/6394695.pdf#page=178"
"830","box-4","830","6394695","178","https://www.lego.com/cdn/product-assets/product.bi.core.pdf/6394695.pdf#page=178"
"831","box-4","831","6394695","178","https://www.lego.com/cdn/product-assets/product.bi.core.pdf/6394695.pdf#page=178"
"832","box-4","832","6394695","178","https://www.lego.com/cdn/product-assets/product.bi.core.pdf/6394695.pdf#page=178"
"833","box-4","833","6394695","179","https://www.lego.com/cdn/product-assets/product.bi.core.pdf/6394695.pdf#page=179"
"834","box-4","834","6394695","179","https://www.lego.com/cdn/product-assets/product.bi.core.pdf/6394695.pdf#page=179"
"835","box-4","835","6394695","179","https://www.lego.com/cdn/product-assets/product.bi.core.pdf/6394695.pdf#page=179"
"836","box-4","836","6394695","179","https://www.lego.com/cdn/product-assets/product.bi.core.pdf/6394695.pdf#page=179"
"837","box-4","837","6394695","180","https://www.lego.com/cdn/product-assets/product.bi.core.pdf/6394695.pdf#page=180"
"838","box-4","838","6394695","180","https://www.lego.com/cdn/product-assets/product.bi.core.pdf/6394695.pdf#page=180"
"839","box-4","839","6394695","180","https://www.lego.com/cdn/product-assets/product.bi.core.pdf/6394695.pdf#page=180"
"840","box-4","840","6394695","180","https://www.lego.com/cdn/product-assets/product.bi.core.pdf/6394695.pdf#page=180"
"841","box-4","841","6394695","181","https://www.lego.com/cdn/product-assets/product.bi.core.pdf/6394695.pdf#page=181"
"842","box-4","842","6394695","181","https://www.lego.com/cdn/product-assets/product.bi.core.pdf/6394695.pdf#page=181"
"843","box-4","843","6394695","181","https://www.lego.com/cdn/product-assets/product.bi.core.pdf/6394695.pdf#page=181"
"844","box-4","844","6394695","181","https://www.lego.com/cdn/product-assets/product.bi.core.pdf/6394695.pdf#page=181"
"845","box-4","845","6394695","182","https://www.lego.com/cdn/product-assets/product.bi.core.pdf/6394695.pdf#page=182"
"846","box-4","846","6394695","182","https://www.lego.com/cdn/product-assets/product.bi.core.pdf/6394695.pdf#page=182"
"847","box-4","847","6394695","182","https://www.lego.com/cdn/product-assets/product.bi.core.pdf/6394695.pdf#page=182"
"848","box-4","848","6394695","182","https://www.lego.com/cdn/product-assets/product.bi.core.pdf/6394695.pdf#page=182"
"849","box-4","849","6394695","183","https://www.lego.com/cdn/product-assets/product.bi.core.pdf/6394695.pdf#page=183"
"850","box-4","850","6394695","183","https://www.lego.com/cdn/product-assets/product.bi.core.pdf/6394695.pdf#page=183"
"851","box-4","851","6394695","183","https://www.lego.com/cdn/product-assets/product.bi.core.pdf/6394695.pdf#page=183"
"852","box-4","852","6394695","184","https://www.lego.com/cdn/product-assets/product.bi.core.pdf/6394695.pdf#page=184"
"853","box-4","853","6394695","184","https://www.lego.com/cdn/product-assets/product.bi.core.pdf/6394695.pdf#page=184"
"854","box-4","854","6394695","184","https://www.lego.com/cdn/product-assets/product.bi.core.pdf/6394695.pdf#page=184"
"855","box-4","855","6394695","185","https://www.lego.com/cdn/product-assets/product.bi.core.pdf/6394695.pdf#page=185"
"856","box-4","856","6394695","186","https://www.lego.com/cdn/product-assets/product.bi.core.pdf/6394695.pdf#page=186"
"857","box-4","857","6394695","187","https://www.lego.com/cdn/product-assets/product.bi.core.pdf/6394695.pdf#page=187"
"858","box-5","858","6394695","193","https://www.lego.com/cdn/product-assets/product.bi.core.pdf/6394695.pdf#page=193"
"859","box-5","859","6394695","193","https://www.lego.com/cdn/product-assets/product.bi.core.pdf/6394695.pdf#page=193"
"860","box-5","860","6394695","193","https://www.lego.com/cdn/product-assets/product.bi.core.pdf/6394695.pdf#page=193"
"861","box-5","861","6394695","193","https://www.lego.com/cdn/product-assets/product.bi.core.pdf/6394695.pdf#page=193"
"862","box-5","862","6394695","194","https://www.lego.com/cdn/product-assets/product.bi.core.pdf/6394695.pdf#page=194"
"863","box-5","863","6394695","195","https://www.lego.com/cdn/product-assets/product.bi.core.pdf/6394695.pdf#page=195"
"864","box-5","864","6394695","196","https://www.lego.com/cdn/product-assets/product.bi.core.pdf/6394695.pdf#page=196"
"865","box-5","865","6394695","196","https://www.lego.com/cdn/product-assets/product.bi.core.pdf/6394695.pdf#page=196"
"866","box-5","866","6394695","197","https://www.lego.com/cdn/product-assets/product.bi.core.pdf/6394695.pdf#page=197"
"867","box-5","867","6394695","198","https://www.lego.com/cdn/product-assets/product.bi.core.pdf/6394695.pdf#page=198"
"868","box-5","868","6394695","198","https://www.lego.com/cdn/product-assets/product.bi.core.pdf/6394695.pdf#page=198"
"869","box-5","869","6394695","199","https://www.lego.com/cdn/product-assets/product.bi.core.pdf/6394695.pdf#page=199"
"870","box-5","870","6394695","200","https://www.lego.com/cdn/product-assets/product.bi.core.pdf/6394695.pdf#page=200"
"871","box-5","871","6394695","200","https://www.lego.com/cdn/product-assets/product.bi.core.pdf/6394695.pdf#page=200"
"872","box-5","872","6394695","201","https://www.lego.com/cdn/product-assets/product.bi.core.pdf/6394695.pdf#page=201"
"873","box-5","873","6394695","201","https://www.lego.com/cdn/product-assets/product.bi.core.pdf/6394695.pdf#page=201"
"874","box-5","874","6394695","201","https://www.lego.com/cdn/product-assets/product.bi.core.pdf/6394695.pdf#page=201"
"875","box-5","875","6394695","201","https://www.lego.com/cdn/product-assets/product.bi.core.pdf/6394695.pdf#page=201"
"876","box-5","876","6394695","201","https://www.lego.com/cdn/product-assets/product.bi.core.pdf/6394695.pdf#page=201"
"877","box-5","877","6394695","202","https://www.lego.com/cdn/product-assets/product.bi.core.pdf/6394695.pdf#page=202"
"878","box-5","878","6394695","202","https://www.lego.com/cdn/product-assets/product.bi.core.pdf/6394695.pdf#page=202"
"879","box-5","879","6394695","202","https://www.lego.com/cdn/product-assets/product.bi.core.pdf/6394695.pdf#page=202"
"880","box-5","880","6394695","203","https://www.lego.com/cdn/product-assets/product.bi.core.pdf/6394695.pdf#page=203"
"881","box-5","881","6394695","203","https://www.lego.com/cdn/product-assets/product.bi.core.pdf/6394695.pdf#page=203"
"882","box-5","882","6394695","204","https://www.lego.com/cdn/product-assets/product.bi.core.pdf/6394695.pdf#page=204"
"883","box-5","883","6394695","205","https://www.lego.com/cdn/product-assets/product.bi.core.pdf/6394695.pdf#page=205"
"884","box-5","884","6394695","205","https://www.lego.com/cdn/product-assets/product.bi.core.pdf/6394695.pdf#page=205"
"885","box-5","885","6394695","206","https://www.lego.com/cdn/product-assets/product.bi.core.pdf/6394695.pdf#page=206"
"886","box-5","886","6394695","207","https://www.lego.com/cdn/product-assets/product.bi.core.pdf/6394695.pdf#page=207"
"887","box-5","887","6394695","208","https://www.lego.com/cdn/product-assets/product.bi.core.pdf/6394695.pdf#page=208"
"888","box-5","888","6394695","209","https://www.lego.com/cdn/product-assets/product.bi.core.pdf/6394695.pdf#page=209"
"889","box-5","889","6394695","210","https://www.lego.com/cdn/product-assets/product.bi.core.pdf/6394695.pdf#page=210"
"890","box-5","890","6394695","211","https://www.lego.com/cdn/product-assets/product.bi.core.pdf/6394695.pdf#page=211"
"891","box-5","891","6394695","212","https://www.lego.com/cdn/product-assets/product.bi.core.pdf/6394695.pdf#page=212"
"892","box-5","892","6394695","213","https://www.lego.com/cdn/product-assets/product.bi.core.pdf/6394695.pdf#page=213"
"893","box-5","893","6394695","214","https://www.lego.com/cdn/product-assets/product.bi.core.pdf/6394695.pdf#page=214"
"894","box-5","894","6394695","215","https://www.lego.com/cdn/product-assets/product.bi.core.pdf/6394695.pdf#page=215"
"895","box-5","895","6394695","216","https://www.lego.com/cdn/product-assets/product.bi.core.pdf/6394695.pdf#page=216"
"896","box-5","896","6394695","217","https://www.lego.com/cdn/product-assets/product.bi.core.pdf/6394695.pdf#page=217"
"897","box-5","897","6394695","218","https://www.lego.com/cdn/product-assets/product.bi.core.pdf/6394695.pdf#page=218"
"898","box-5","898","6394695","219","https://www.lego.com/cdn/product-assets/product.bi.core.pdf/6394695.pdf#page=219"
"899","box-5","899","6394695","220","https://www.lego.com/cdn/product-assets/product.bi.core.pdf/6394695.pdf#page=220"
"900","box-5","900","6394695","221","https://www.lego.com/cdn/product-assets/product.bi.core.pdf/6394695.pdf#page=221"
"901","box-5","901","6394695","222","https://www.lego.com/cdn/product-assets/product.bi.core.pdf/6394695.pdf#page=222"
"902","box-5","902","6394695","222","https://www.lego.com/cdn/product-assets/product.bi.core.pdf/6394695.pdf#page=222"
"903","box-5","903","6394695","222","https://www.lego.com/cdn/product-assets/product.bi.core.pdf/6394695.pdf#page=222"
"904","box-5","904","6394695","222","https://www.lego.com/cdn/product-assets/product.bi.core.pdf/6394695.pdf#page=222"
"905","box-5","905","6394695","222","https://www.lego.com/cdn/product-assets/product.bi.core.pdf/6394695.pdf#page=222"
"906","box-5","906","6394695","223","https://www.lego.com/cdn/product-assets/product.bi.core.pdf/6394695.pdf#page=223"
"907","box-5","907","6394695","223","https://www.lego.com/cdn/product-assets/product.bi.core.pdf/6394695.pdf#page=223"
"908","box-5","908","6394695","223","https://www.lego.com/cdn/product-assets/product.bi.core.pdf/6394695.pdf#page=223"
"909","box-5","909","6394695","223","https://www.lego.com/cdn/product-assets/product.bi.core.pdf/6394695.pdf#page=223"
"910","box-5","910","6394695","224","https://www.lego.com/cdn/product-assets/product.bi.core.pdf/6394695.pdf#page=224"
"911","box-5","911","6394695","224","https://www.lego.com/cdn/product-assets/product.bi.core.pdf/6394695.pdf#page=224"
"912","box-5","912","6394695","224","https://www.lego.com/cdn/product-assets/product.bi.core.pdf/6394695.pdf#page=224"
"913","box-5","913","6394695","225","https://www.lego.com/cdn/product-assets/product.bi.core.pdf/6394695.pdf#page=225"
"914","box-5","914","6394695","225","https://www.lego.com/cdn/product-assets/product.bi.core.pdf/6394695.pdf#page=225"
"915","box-5","915","6394695","226","https://www.lego.com/cdn/product-assets/product.bi.core.pdf/6394695.pdf#page=226"
"916","box-5","916","6394695","226","https://www.lego.com/cdn/product-assets/product.bi.core.pdf/6394695.pdf#page=226"
"917","box-5","917","6394695","227","https://www.lego.com/cdn/product-assets/product.bi.core.pdf/6394695.pdf#page=227"
"918","box-5","918","6394695","227","https://www.lego.com/cdn/product-assets/product.bi.core.pdf/6394695.pdf#page=227"
"919","box-5","919","6394695","228","https://www.lego.com/cdn/product-assets/product.bi.core.pdf/6394695.pdf#page=228"
"920","box-5","920","6394695","229","https://www.lego.com/cdn/product-assets/product.bi.core.pdf/6394695.pdf#page=229"
"921","box-5","921","6394695","230","https://www.lego.com/cdn/product-assets/product.bi.core.pdf/6394695.pdf#page=230"
"922","box-5","922","6394695","231","https://www.lego.com/cdn/product-assets/product.bi.core.pdf/6394695.pdf#page=231"
"923","box-5","923","6394695","232","https://www.lego.com/cdn/product-assets/product.bi.core.pdf/6394695.pdf#page=232"
"924","box-5","924","6394695","232","https://www.lego.com/cdn/product-assets/product.bi.core.pdf/6394695.pdf#page=232"
"925","box-5","925","6394695","232","https://www.lego.com/cdn/product-assets/product.bi.core.pdf/6394695.pdf#page=232"
"926","box-5","926","6394695","232","https://www.lego.com/cdn/product-assets/product.bi.core.pdf/6394695.pdf#page=232"
"927","box-5","927","6394695","233","https://www.lego.com/cdn/product-assets/product.bi.core.pdf/6394695.pdf#page=233"
"928","box-5","928","6394695","234","https://www.lego.com/cdn/product-assets/product.bi.core.pdf/6394695.pdf#page=234"
"929","box-5","929","6394695","234","https://www.lego.com/cdn/product-assets/product.bi.core.pdf/6394695.pdf#page=234"
"930","box-5","930","6394695","234","https://www.lego.com/cdn/product-assets/product.bi.core.pdf/6394695.pdf#page=234"
"931","box-5","931","6394695","234","https://www.lego.com/cdn/product-assets/product.bi.core.pdf/6394695.pdf#page=234"
"932","box-5","932","6394695","235","https://www.lego.com/cdn/product-assets/product.bi.core.pdf/6394695.pdf#page=235"
"933","box-5","933","6394695","235","https://www.lego.com/cdn/product-assets/product.bi.core.pdf/6394695.pdf#page=235"
"934","box-5","934","6394695","235","https://www.lego.com/cdn/product-assets/product.bi.core.pdf/6394695.pdf#page=235"
"935","box-5","935","6394695","235","https://www.lego.com/cdn/product-assets/product.bi.core.pdf/6394695.pdf#page=235"
"936","box-5","936","6394695","236","https://www.lego.com/cdn/product-assets/product.bi.core.pdf/6394695.pdf#page=236"
"937","box-5","937","6394695","236","https://www.lego.com/cdn/product-assets/product.bi.core.pdf/6394695.pdf#page=236"
"938","box-5","938","6394695","236","https://www.lego.com/cdn/product-assets/product.bi.core.pdf/6394695.pdf#page=236"
"939","box-5","939","6394695","236","https://www.lego.com/cdn/product-assets/product.bi.core.pdf/6394695.pdf#page=236"
"940","box-5","940","6394695","237","https://www.lego.com/cdn/product-assets/product.bi.core.pdf/6394695.pdf#page=237"
"941","box-5","941","6394695","237","https://www.lego.com/cdn/product-assets/product.bi.core.pdf/6394695.pdf#page=237"
"942","box-5","942","6394695","238","https://www.lego.com/cdn/product-assets/product.bi.core.pdf/6394695.pdf#page=238"
"943","box-5","943","6394695","238","https://www.lego.com/cdn/product-assets/product.bi.core.pdf/6394695.pdf#page=238"
"944","box-5","944","6394695","239","https://www.lego.com/cdn/product-assets/product.bi.core.pdf/6394695.pdf#page=239"
"945","box-5","945","6394695","239","https://www.lego.com/cdn/product-assets/product.bi.core.pdf/6394695.pdf#page=239"
"946","box-5","946","6394695","240","https://www.lego.com/cdn/product-assets/product.bi.core.pdf/6394695.pdf#page=240"
"947","box-5","947","6394695","241","https://www.lego.com/cdn/product-assets/product.bi.core.pdf/6394695.pdf#page=241"
"948","box-5","948","6394695","242","https://www.lego.com/cdn/product-assets/product.bi.core.pdf/6394695.pdf#page=242"
"949","box-5","949","6394695","243","https://www.lego.com/cdn/product-assets/product.bi.core.pdf/6394695.pdf#page=243"
"950","box-5","950","6394695","244 245","https://www.lego.com/cdn/product-assets/product.bi.core.pdf/6394695.pdf#page=244"
"951","box-5","951","6394695","246","https://www.lego.com/cdn/product-assets/product.bi.core.pdf/6394695.pdf#page=246"
"952","box-5","952","6394695","246","https://www.lego.com/cdn/product-assets/product.bi.core.pdf/6394695.pdf#page=246"
"953","box-5","953","6394695","246","https://www.lego.com/cdn/product-assets/product.bi.core.pdf/6394695.pdf#page=246"
"954","box-5","954","6394695","246","https://www.lego.com/cdn/product-assets/product.bi.core.pdf/6394695.pdf#page=246"
"955","box-5","955","6394695","246","https://www.lego.com/cdn/product-assets/product.bi.core.pdf/6394695.pdf#page=246"
"956","box-5","956","6394695","247","https://www.lego.com/cdn/product-assets/product.bi.core.pdf/6394695.pdf#page=247"
"957","box-5","957","6394695","247","https://www.lego.com/cdn/product-assets/product.bi.core.pdf/6394695.pdf#page=247"
"958","box-5","958","6394695","247","https://www.lego.com/cdn/product-assets/product.bi.core.pdf/6394695.pdf#page=247"
"959","box-5","959","6394695","247","https://www.lego.com/cdn/product-assets/product.bi.core.pdf/6394695.pdf#page=247"
"960","box-5","960","6394695","248","https://www.lego.com/cdn/product-assets/product.bi.core.pdf/6394695.pdf#page=248"
"961","box-5","961","6394695","249","https://www.lego.com/cdn/product-assets/product.bi.core.pdf/6394695.pdf#page=249"
"962","box-5","962","6394695","250","https://www.lego.com/cdn/product-assets/product.bi.core.pdf/6394695.pdf#page=250"
"963","box-5","963","6394695","251","https://www.lego.com/cdn/product-assets/product.bi.core.pdf/6394695.pdf#page=251"
"964","box-5","964","6394695","252","https://www.lego.com/cdn/product-assets/product.bi.core.pdf/6394695.pdf#page=252"
"965","box-5","965","6394695","252","https://www.lego.com/cdn/product-assets/product.bi.core.pdf/6394695.pdf#page=252"
"966","box-5","966","6394695","252","https://www.lego.com/cdn/product-assets/product.bi.core.pdf/6394695.pdf#page=252"
"967","box-5","967","6394695","252","https://www.lego.com/cdn/product-assets/product.bi.core.pdf/6394695.pdf#page=252"
"968","box-5","968","6394695","253","https://www.lego.com/cdn/product-assets/product.bi.core.pdf/6394695.pdf#page=253"
"969","box-5","969","6394695","253","https://www.lego.com/cdn/product-assets/product.bi.core.pdf/6394695.pdf#page=253"
"970","box-5","970","6394695","253","https://www.lego.com/cdn/product-assets/product.bi.core.pdf/6394695.pdf#page=253"
"971","box-5","971","6394695","253","https://www.lego.com/cdn/product-assets/product.bi.core.pdf/6394695.pdf#page=253"
"972","box-5","972","6394695","254","https://www.lego.com/cdn/product-assets/product.bi.core.pdf/6394695.pdf#page=254"
"973","box-5","973","6394695","254 255","https://www.lego.com/cdn/product-assets/product.bi.core.pdf/6394695.pdf#page=254"
"974","box-5","974","6394695","256","https://www.lego.com/cdn/product-assets/product.bi.core.pdf/6394695.pdf#page=256"
"975","box-5","975","6394695","257","https://www.lego.com/cdn/product-assets/product.bi.core.pdf/6394695.pdf#page=257"
"976","box-5","976","6394695","258","https://www.lego.com/cdn/product-assets/product.bi.core.pdf/6394695.pdf#page=258"
"977","box-5","977","6394695","259","https://www.lego.com/cdn/product-assets/product.bi.core.pdf/6394695.pdf#page=259"
"978","box-5","978","6394695","260","https://www.lego.com/cdn/product-assets/product.bi.core.pdf/6394695.pdf#page=260"
"979","box-5","979","6394695","260","https://www.lego.com/cdn/product-assets/product.bi.core.pdf/6394695.pdf#page=260"
"980","box-5","980","6394695","260","https://www.lego.com/cdn/product-assets/product.bi.core.pdf/6394695.pdf#page=260"
"981","box-5","981","6394695","260","https://www.lego.com/cdn/product-assets/product.bi.core.pdf/6394695.pdf#page=260"
"982","box-5","982","6394695","261","https://www.lego.com/cdn/product-assets/product.bi.core.pdf/6394695.pdf#page=261"
"983","box-5","983","6394695","261","https://www.lego.com/cdn/product-assets/product.bi.core.pdf/6394695.pdf#page=261"
"984","box-5","984","6394695","261","https://www.lego.com/cdn/product-assets/product.bi.core.pdf/6394695.pdf#page=261"
"985","box-5","985","6394695","261","https://www.lego.com/cdn/product-assets/product.bi.core.pdf/6394695.pdf#page=261"
"986","box-5","986","6394695","262","https://www.lego.com/cdn/product-assets/product.bi.core.pdf/6394695.pdf#page=262"
"987","box-5","987","6394695","263","https://www.lego.com/cdn/product-assets/product.bi.core.pdf/6394695.pdf#page=263"
"988","box-5","988","6394695","263","https://www.lego.com/cdn/product-assets/product.bi.core.pdf/6394695.pdf#page=263"
"989","box-5","989","6394695","263","https://www.lego.com/cdn/product-assets/product.bi.core.pdf/6394695.pdf#page=263"
"990","box-5","990","6394695","263","https://www.lego.com/cdn/product-assets/product.bi.core.pdf/6394695.pdf#page=263"
"991","box-5","991","6394695","264","https://www.lego.com/cdn/product-assets/product.bi.core.pdf/6394695.pdf#page=264"
"992","box-5","992","6394695","264","https://www.lego.com/cdn/product-assets/product.bi.core.pdf/6394695.pdf#page=264"
"993","box-5","993","6394695","264","https://www.lego.com/cdn/product-assets/product.bi.core.pdf/6394695.pdf#page=264"
"994","box-5","994","6394695","264","https://www.lego.com/cdn/product-assets/product.bi.core.pdf/6394695.pdf#page=264"
"995","box-5","995","6394695","265","https://www.lego.com/cdn/product-assets/product.bi.core.pdf/6394695.pdf#page=265"
"996","box-5","996","6394695","266","https://www.lego.com/cdn/product-assets/product.bi.core.pdf/6394695.pdf#page=266"
"997","box-5","997","6394695","267","https://www.lego.com/cdn/product-assets/product.bi.core.pdf/6394695.pdf#page=267"
"998","box-5","998","6394695","268","https://www.lego.com/cdn/product-assets/product.bi.core.pdf/6394695.pdf#page=268"
"999","box-5","999","6394695","269","https://www.lego.com/cdn/product-assets/product.bi.core.pdf/6394695.pdf#page=269"
"1000","box-5","1000","6394695","269","https://www.lego.com/cdn/product-assets/product.bi.core.pdf/6394695.pdf#page=269"
"1001","box-5","1001","6394695","269","https://www.lego.com/cdn/product-assets/product.bi.core.pdf/6394695.pdf#page=269"
"1002","box-5","1002","6394695","269","https://www.lego.com/cdn/product-assets/product.bi.core.pdf/6394695.pdf#page=269"
"1003","box-5","1003","6394695","270","https://www.lego.com/cdn/product-assets/product.bi.core.pdf/6394695.pdf#page=270"
"1004","box-5","1004","6394695","270","https://www.lego.com/cdn/product-assets/product.bi.core.pdf/6394695.pdf#page=270"
"1005","box-5","1005","6394695","270","https://www.lego.com/cdn/product-assets/product.bi.core.pdf/6394695.pdf#page=270"
"1006","box-5","1006","6394695","271","https://www.lego.com/cdn/product-assets/product.bi.core.pdf/6394695.pdf#page=271"
"1007","box-5","1007","6394695","271","https://www.lego.com/cdn/product-assets/product.bi.core.pdf/6394695.pdf#page=271"
"1008","box-5","1008","6394695","272","https://www.lego.com/cdn/product-assets/product.bi.core.pdf/6394695.pdf#page=272"
"1009","box-5","1009","6394695","272","https://www.lego.com/cdn/product-assets/product.bi.core.pdf/6394695.pdf#page=272"
"1010","box-5","1010","6394695","272","https://www.lego.com/cdn/product-assets/product.bi.core.pdf/6394695.pdf#page=272"
"1011","box-5","1011","6394695","272","https://www.lego.com/cdn/product-assets/product.bi.core.pdf/6394695.pdf#page=272"
"1012","box-5","1012","6394695","273","https://www.lego.com/cdn/product-assets/product.bi.core.pdf/6394695.pdf#page=273"
"1013","box-5","1013","6394695","273","https://www.lego.com/cdn/product-assets/product.bi.core.pdf/6394695.pdf#page=273"
"1014","box-5","1014","6394695","273","https://www.lego.com/cdn/product-assets/product.bi.core.pdf/6394695.pdf#page=273"
"1015","box-5","1015","6394695","274","https://www.lego.com/cdn/product-assets/product.bi.core.pdf/6394695.pdf#page=274"
"1016","box-5","1016","6394695","274","https://www.lego.com/cdn/product-assets/product.bi.core.pdf/6394695.pdf#page=274"
"1017","box-5","1017","6394695","275","https://www.lego.com/cdn/product-assets/product.bi.core.pdf/6394695.pdf#page=275"
"1018","box-5","1018","6394695","276","https://www.lego.com/cdn/product-assets/product.bi.core.pdf/6394695.pdf#page=276"
"1019","box-5","1019","6394695","277","https://www.lego.com/cdn/product-assets/product.bi.core.pdf/6394695.pdf#page=277"
"1020","box-5","1020","6394695","278","https://www.lego.com/cdn/product-assets/product.bi.core.pdf/6394695.pdf#page=278"
"1021","box-5","1021","6394695","279","https://www.lego.com/cdn/product-assets/product.bi.core.pdf/6394695.pdf#page=279"
"1022","box-5","1022","6394695","279","https://www.lego.com/cdn/product-assets/product.bi.core.pdf/6394695.pdf#page=279"
"1023","box-5","1023","6394695","279","https://www.lego.com/cdn/product-assets/product.bi.core.pdf/6394695.pdf#page=279"
"1024","box-5","1024","6394695","279","https://www.lego.com/cdn/product-assets/product.bi.core.pdf/6394695.pdf#page=279"
"1025","box-5","1025","6394695","280","https://www.lego.com/cdn/product-assets/product.bi.core.pdf/6394695.pdf#page=280"
"1026","box-5","1026","6394695","281","https://www.lego.com/cdn/product-assets/product.bi.core.pdf/6394695.pdf#page=281"
"1027","box-5","1027","6394695","282","https://www.lego.com/cdn/product-assets/product.bi.core.pdf/6394695.pdf#page=282"
"1028","box-5","1028","6394695","283","https://www.lego.com/cdn/product-assets/product.bi.core.pdf/6394695.pdf#page=283"
"1029","box-5","1029","6394695","284","https://www.lego.com/cdn/product-assets/product.bi.core.pdf/6394695.pdf#page=284"
"1030","box-5","1030","6394695","285","https://www.lego.com/cdn/product-assets/product.bi.core.pdf/6394695.pdf#page=285"
"1031","box-5","1031","6394695","286","https://www.lego.com/cdn/product-assets/product.bi.core.pdf/6394695.pdf#page=286"
"1032","box-5","1032","6394695","287","https://www.lego.com/cdn/product-assets/product.bi.core.pdf/6394695.pdf#page=287"
"1033","box-5","1033","6394695","287","https://www.lego.com/cdn/product-assets/product.bi.core.pdf/6394695.pdf#page=287"
"1034","box-5","1034","6394695","287","https://www.lego.com/cdn/product-assets/product.bi.core.pdf/6394695.pdf#page=287"
"1035","box-5","1035","6394695","287","https://www.lego.com/cdn/product-assets/product.bi.core.pdf/6394695.pdf#page=287"
"1036","box-5","1036","6394695","288","https://www.lego.com/cdn/product-assets/product.bi.core.pdf/6394695.pdf#page=288"
"1037","box-5","1037","6394695","288","https://www.lego.com/cdn/product-assets/product.bi.core.pdf/6394695.pdf#page=288"
"1038","box-5","1038","6394695","288","https://www.lego.com/cdn/product-assets/product.bi.core.pdf/6394695.pdf#page=288"
"1039","box-5","1039","6394695","289","https://www.lego.com/cdn/product-assets/product.bi.core.pdf/6394695.pdf#page=289"
"1040","box-5","1040","6394695","289","https://www.lego.com/cdn/product-assets/product.bi.core.pdf/6394695.pdf#page=289"
"1041","box-5","1041","6394695","290","https://www.lego.com/cdn/product-assets/product.bi.core.pdf/6394695.pdf#page=290"
"1042","box-5","1042","6394695","290","https://www.lego.com/cdn/product-assets/product.bi.core.pdf/6394695.pdf#page=290"
"1043","box-5","1043","6394695","290","https://www.lego.com/cdn/product-assets/product.bi.core.pdf/6394695.pdf#page=290"
"1044","box-5","1044","6394695","290","https://www.lego.com/cdn/product-assets/product.bi.core.pdf/6394695.pdf#page=290"
"1045","box-5","1045","6394695","291","https://www.lego.com/cdn/product-assets/product.bi.core.pdf/6394695.pdf#page=291"
"1046","box-5","1046","6394695","291","https://www.lego.com/cdn/product-assets/product.bi.core.pdf/6394695.pdf#page=291"
"1047","box-5","1047","6394695","291","https://www.lego.com/cdn/product-assets/product.bi.core.pdf/6394695.pdf#page=291"
"1048","box-5","1048","6394695","292","https://www.lego.com/cdn/product-assets/product.bi.core.pdf/6394695.pdf#page=292"
"1049","box-5","1049","6394695","292","https://www.lego.com/cdn/product-assets/product.bi.core.pdf/6394695.pdf#page=292"
"1050","box-5","1050","6394695","293","https://www.lego.com/cdn/product-assets/product.bi.core.pdf/6394695.pdf#page=293"
"1051","box-5","1051","6394695","294","https://www.lego.com/cdn/product-assets/product.bi.core.pdf/6394695.pdf#page=294"
"1052","box-5","1052","6394695","295","https://www.lego.com/cdn/product-assets/product.bi.core.pdf/6394695.pdf#page=295"
"1053","box-5","1053","6394695","296","https://www.lego.com/cdn/product-assets/product.bi.core.pdf/6394695.pdf#page=296"
"1054","box-5","1054","6394695","297","https://www.lego.com/cdn/product-assets/product.bi.core.pdf/6394695.pdf#page=297"
"1055","box-5","1055","6394695","298","https://www.lego.com/cdn/product-assets/product.bi.core.pdf/6394695.pdf#page=298"
"1056","box-5","1056","6394695","298","https://www.lego.com/cdn/product-assets/product.bi.core.pdf/6394695.pdf#page=298"
"1057","box-5","1057","6394695","298","https://www.lego.com/cdn/product-assets/product.bi.core.pdf/6394695.pdf#page=298"
"1058","box-5","1058","6394695","298","https://www.lego.com/cdn/product-assets/product.bi.core.pdf/6394695.pdf#page=298"
"1059","box-5","1059","6394695","299","https://www.lego.com/cdn/product-assets/product.bi.core.pdf/6394695.pdf#page=299"
"1060","box-5","1060","6394695","300","https://www.lego.com/cdn/product-assets/product.bi.core.pdf/6394695.pdf#page=300"
"1061","box-5","1061","6394695","301","https://www.lego.com/cdn/product-assets/product.bi.core.pdf/6394695.pdf#page=301"
"1062","box-5","1062","6394695","302","https://www.lego.com/cdn/product-assets/product.bi.core.pdf/6394695.pdf#page=302"
"1063","box-5","1063","6394695","303","https://www.lego.com/cdn/product-assets/product.bi.core.pdf/6394695.pdf#page=303"
"1064","box-5","1064","6394695","304","https://www.lego.com/cdn/product-assets/product.bi.core.pdf/6394695.pdf#page=304"
"1065","box-5","1065","6394695","305","https://www.lego.com/cdn/product-assets/product.bi.core.pdf/6394695.pdf#page=305"
"1066","box-5","1066","6394695","306 307","https://www.lego.com/cdn/product-assets/product.bi.core.pdf/6394695.pdf#page=306"
"1067","box-5","1067","6394695","308","https://www.lego.com/cdn/product-assets/product.bi.core.pdf/6394695.pdf#page=308"
"1068","box-5","1068","6394695","309","https://www.lego.com/cdn/product-assets/product.bi.core.pdf/6394695.pdf#page=309"
"1069","box-6","1069","6394695","315","https://www.lego.com/cdn/product-assets/product.bi.core.pdf/6394695.pdf#page=315"
"1070","box-6","1070","6394695","316","https://www.lego.com/cdn/product-assets/product.bi.core.pdf/6394695.pdf#page=316"
"1071","box-6","1071","6394695","316","https://www.lego.com/cdn/product-assets/product.bi.core.pdf/6394695.pdf#page=316"
"1072","box-6","1072","6394695","317","https://www.lego.com/cdn/product-assets/product.bi.core.pdf/6394695.pdf#page=317"
"1073","box-6","1073","6394695","317","https://www.lego.com/cdn/product-assets/product.bi.core.pdf/6394695.pdf#page=317"
"1074","box-6","1074","6394695","317","https://www.lego.com/cdn/product-assets/product.bi.core.pdf/6394695.pdf#page=317"
"1075","box-6","1075","6394695","318","https://www.lego.com/cdn/product-assets/product.bi.core.pdf/6394695.pdf#page=318"
"1076","box-6","1076","6394695","318","https://www.lego.com/cdn/product-assets/product.bi.core.pdf/6394695.pdf#page=318"
"1077","box-6","1077","6394695","318","https://www.lego.com/cdn/product-assets/product.bi.core.pdf/6394695.pdf#page=318"
"1078","box-6","1078","6394695","319","https://www.lego.com/cdn/product-assets/product.bi.core.pdf/6394695.pdf#page=319"
"1079","box-6","1079","6394695","320","https://www.lego.com/cdn/product-assets/product.bi.core.pdf/6394695.pdf#page=320"
"1080","box-6","1080","6394695","320","https://www.lego.com/cdn/product-assets/product.bi.core.pdf/6394695.pdf#page=320"
"1081","box-6","1081","6394695","320","https://www.lego.com/cdn/product-assets/product.bi.core.pdf/6394695.pdf#page=320"
"1082","box-6","1082","6394695","320","https://www.lego.com/cdn/product-assets/product.bi.core.pdf/6394695.pdf#page=320"
"1083","box-6","1083","6394695","320","https://www.lego.com/cdn/product-assets/product.bi.core.pdf/6394695.pdf#page=320"
"1084","box-6","1084","6394695","321","https://www.lego.com/cdn/product-assets/product.bi.core.pdf/6394695.pdf#page=321"