"Progress step","Step ID","Booklet","PDF pages","New rigid pieces","Total new pieces","Element quantities","3D instance IDs","Action","Existing action instance IDs"
"1","sian-1","6392465","30","3","3","4542573:1 6299413:2","sian-part-0001 sian-part-0002 sian-part-0003","",""
"2","sian-2","6392465","30","6","6","4211815:2 4112287:4","sian-part-0008 sian-part-0009 sian-part-0004 sian-part-0005 sian-part-0006 sian-part-0007","",""
"3","sian-3","6392465","31","4","4","6273712:1 6276974:1 4211815:1 4206482:1","sian-part-0013 sian-part-0011 sian-part-0012 sian-part-0010","",""
"4","sian-4","6392465","31","1","1","4542573:1","sian-part-0014","",""
"5","sian-5","6392465","32","4","4","4211815:2 6273712:1 6276974:1","sian-part-0015 sian-part-0017 sian-part-0018 sian-part-0016","",""
"6","sian-6","6392465","32","3","3","6279875:2 6276974:1","sian-part-0019 sian-part-0020 sian-part-0021","",""
"7","sian-7","6392465","32","1","1","6286222:1","sian-part-0022","",""
"8","sian-8","6392465","33","2","2","4142865:1 4140806:1","sian-part-0024 sian-part-0023","",""
"9","sian-9","6392465","33","4","4","370626:2 6074651:2","sian-part-0025 sian-part-0026 sian-part-0027 sian-part-0028","",""
"10","sian-10","6392465","34","2","2","6030286:2","sian-part-0029 sian-part-0030","",""
"11","sian-11","6392465","34","4","4","6279875:2 6273712:2","sian-part-0033 sian-part-0034 sian-part-0031 sian-part-0032","",""
"12","sian-12","6392465","35","2","2","4666999:1 6084724:1","sian-part-0036 sian-part-0037","",""
"13","sian-13","6392465","35","2","2","4539880:1 6084724:1","sian-part-0035 sian-part-0038","",""
"14","sian-14","6392465","35","6","6","4565452:3 4211815:2 4525184:1","sian-part-0042 sian-part-0043 sian-part-0044 sian-part-0040 sian-part-0041 sian-part-0039","",""
"15","sian-15","6392465","35","2","2","4519010:2","sian-part-0045 sian-part-0046","",""
"16","sian-16","6392465","36","2","2","4140806:2","sian-part-0047 sian-part-0048","",""
"17","sian-17","6392465","36","2","2","4211815:2","sian-part-0049 sian-part-0050","Attach the rear differential","sian-part-0036 sian-part-0037 sian-part-0035 sian-part-0038 sian-part-0042 sian-part-0043 sian-part-0044 sian-part-0040 sian-part-0041 sian-part-0039 sian-part-0045 sian-part-0046 sian-part-0047 sian-part-0048"
"18","sian-18","6392465","36","4","4","4211815:2 6321309:2","sian-part-0053 sian-part-0054 sian-part-0051 sian-part-0052","",""
"19","sian-19","6392465","37","15","15","4211815:2 4522934:1 4211566:4 6279875:2 6074651:2 6129995:2 6299413:2","sian-part-0065 sian-part-0066 sian-part-0067 sian-part-0059 sian-part-0060 sian-part-0061 sian-part-0062 sian-part-0068 sian-part-0069 sian-part-0057 sian-part-0058 sian-part-0055 sian-part-0056 sian-part-0063 sian-part-0064","",""
"20","sian-20","6392465","38","2","2","6135494:2","sian-part-0090 sian-part-0091","",""
"21","sian-21","6392465","39","20","20","4164133:4 4141811:4 6194079:2 6299413:2 4211815:4 4211566:4","sian-part-0075 sian-part-0076 sian-part-0085 sian-part-0086 sian-part-0073 sian-part-0078 sian-part-0083 sian-part-0088 sian-part-0077 sian-part-0087 sian-part-0074 sian-part-0084 sian-part-0071 sian-part-0072 sian-part-0081 sian-part-0082 sian-part-0070 sian-part-0079 sian-part-0080 sian-part-0089","",""
"22","sian-22","6392465","40","8","8","6219840:1 6145859:1 6265690:1 6135494:1 6254216:2 4211375:1 6275844:1","sian-part-0094 sian-part-0093 sian-part-0092 sian-part-0098 sian-part-0095 sian-part-0096 sian-part-0097 sian-part-0099","",""
"23","sian-23","6392465","41","8","8","6219840:1 6145859:1 6265690:1 6135494:1 6254216:2 4211375:1 6275844:1","sian-part-0102 sian-part-0101 sian-part-0100 sian-part-0106 sian-part-0103 sian-part-0104 sian-part-0105 sian-part-0107","",""
"24","sian-24","6392465","42","2","2","6030286:2","sian-part-0108 sian-part-0109","",""
"25","sian-25","6392465","42","2","2","4142865:2","sian-part-0110 sian-part-0111","",""
"26","sian-26","6392465","43","6","6","4142135:2 6321305:4","sian-part-0114 sian-part-0115 sian-part-0112 sian-part-0113 sian-part-0117 sian-part-0118","",""
"27","sian-27","6392465","44","2","2","6135494:2","sian-part-0116 sian-part-0121","",""
"28","sian-28","6392465","44","2","2","4142135:2","sian-part-0119 sian-part-0120","",""
"29","sian-29","6392465","45","6","6","6282151:2 4140806:2 6016154:2","sian-part-0124 sian-part-0125 sian-part-0126 sian-part-0127 sian-part-0122 sian-part-0123","",""
"30","sian-30","6392465","46","2","2","6083620:2","sian-part-0128 sian-part-0129","",""
"31","sian-31","6392465","46","4","4","6279875:2 6299413:2","sian-part-0132 sian-part-0133 sian-part-0130 sian-part-0131","",""
"32","sian-32","6392465","47","10","10","6279875:6 4211655:2 6247352:2","sian-part-0134 sian-part-0136 sian-part-0137 sian-part-0139 sian-part-0140 sian-part-0141 sian-part-0135 sian-part-0142 sian-part-0138 sian-part-0143","",""
"33","sian-33","6392465","48","3","3","4164133:2 6130008:1","sian-part-0148 sian-part-0149 sian-part-0145","",""
"34","sian-34","6392465","48","2","2","6275844:1 4538007:1","sian-part-0146 sian-part-0144","",""
"35","sian-35","6392465","48","1","1","6275844:1","sian-part-0147","",""
"36","sian-36","6392465","48","2","2","4164133:2","sian-part-0150 sian-part-0151","",""
"37","sian-37","6392465","49","6","6","6261371:2 6280393:2 4211815:2","sian-part-0156 sian-part-0157 sian-part-0154 sian-part-0155 sian-part-0152 sian-part-0153","",""
"38","sian-38","6392465","49","6","6","6299413:6","sian-part-0158 sian-part-0159 sian-part-0160 sian-part-0161 sian-part-0162 sian-part-0163","",""
"39","sian-39","6392465","49","4","4","4114634:4","sian-part-0164 sian-part-0165 sian-part-0166 sian-part-0167","",""
"40","sian-40","6392465","50","0","0","","","Attach the rear suspension linkage","sian-part-0148 sian-part-0149 sian-part-0145 sian-part-0146 sian-part-0144 sian-part-0147 sian-part-0150 sian-part-0151 sian-part-0156 sian-part-0157 sian-part-0154 sian-part-0155 sian-part-0152 sian-part-0153 sian-part-0158 sian-part-0159 sian-part-0160 sian-part-0161 sian-part-0162 sian-part-0163 sian-part-0164 sian-part-0165 sian-part-0166 sian-part-0167"
"41","sian-41","6392465","51","2","2","6299413:2","sian-part-0168 sian-part-0169","",""
"42","sian-42","6392465","51","3","3","6279875:1 4211655:2","sian-part-0170 sian-part-0171 sian-part-0172","",""
"43","sian-43","6392465","52","4","4","6144791:4","sian-part-0173 sian-part-0174 sian-part-0175 sian-part-0176","",""
"44","sian-44","6392465","52","6","6","6254216:2 6307436:2 6161772:2","sian-part-0178 sian-part-0181 sian-part-0177 sian-part-0180 sian-part-0179 sian-part-0182","",""
"45","sian-45","6392465","53","5","5","6265646:1 6299413:4","sian-part-0183 sian-part-0184 sian-part-0185 sian-part-0186 sian-part-0187","",""
"46","sian-46","6392465","53","1","1","6265646:1","sian-part-0188","",""
"47","sian-47","6392465","54","2","2","6282151:2","sian-part-0189 sian-part-0190","",""
"48","sian-48","6392465","54","2","2","6279875:1 6271874:1","sian-part-0191 sian-part-0192","",""
"49","sian-49","6392465","54","3","3","4177431:1 4666999:1 6084724:1","sian-part-0194 sian-part-0193 sian-part-0195","",""
"50","sian-50","6392465","55","3","3","6135494:1 4640536:1 4211713:1","sian-part-0197 sian-part-0198 sian-part-0196","",""
"51","sian-51","6392465","55","1","1","6273211:1","sian-part-0199","",""
"52","sian-52","6392465","55","4","4","6273211:1 6100930:1 6130008:1 6084724:1","sian-part-0203 sian-part-0202 sian-part-0200 sian-part-0201","",""
"53","sian-53","6392465","56","1","1","6100931:1","sian-part-0204","",""
"54","sian-54","6392465","56","3","3","4211566:2 6299413:1","sian-part-0206 sian-part-0207 sian-part-0205","",""
"55","sian-55","6392465","56","3","3","6279875:1 6170474:1 4211713:1","sian-part-0209 sian-part-0210 sian-part-0208","",""
"56","sian-56","6392465","56","0","0","","","Turn the gearbox subassembly","sian-part-0197 sian-part-0198 sian-part-0196 sian-part-0199 sian-part-0203 sian-part-0202 sian-part-0200 sian-part-0201 sian-part-0204 sian-part-0206 sian-part-0207 sian-part-0205 sian-part-0209 sian-part-0210 sian-part-0208"
"57","sian-57","6392465","57","0","0","","","Position the gearbox subassembly","sian-part-0197 sian-part-0198 sian-part-0196 sian-part-0199 sian-part-0203 sian-part-0202 sian-part-0200 sian-part-0201 sian-part-0204 sian-part-0206 sian-part-0207 sian-part-0205 sian-part-0209 sian-part-0210 sian-part-0208"
"58","sian-58","6392465","57","0","0","","","Push the yellow axle through","sian-part-0197 sian-part-0198 sian-part-0196 sian-part-0199 sian-part-0203 sian-part-0202 sian-part-0200 sian-part-0201 sian-part-0204 sian-part-0206 sian-part-0207 sian-part-0205 sian-part-0209 sian-part-0210 sian-part-0208"
"59","sian-59","6392465","58","3","3","4211805:1 6299413:2","sian-part-0211 sian-part-0212 sian-part-0213","",""
"60","sian-60","6392465","58","2","2","4211805:1 4211713:1","sian-part-0214 sian-part-0215","",""
"61","sian-61","6392465","59","1","1","6276974:1","sian-part-0216","",""
"62","sian-62","6392465","59","2","2","4640536:1 6130008:1","sian-part-0218 sian-part-0217","",""
"63","sian-63","6392465","60","1","1","4640536:1","sian-part-0219","",""
"64","sian-64","6392465","60","2","2","4211805:1 6100930:1","sian-part-0220 sian-part-0221","",""
"65","sian-65","6392465","61","1","1","6100930:1","sian-part-0222","",""
"66","sian-66","6392465","61","3","3","370626:1 4640536:1 6100930:1","sian-part-0223 sian-part-0225 sian-part-0224","",""
"67","sian-67","6392465","62","5","5","4177431:1 6100930:1 4640536:1 4211805:1 4211713:1","sian-part-0230 sian-part-0228 sian-part-0227 sian-part-0226 sian-part-0229","",""
"68","sian-68","6392465","62","4","4","4206482:1 6271874:1 6209519:1 4254606:1","sian-part-0234 sian-part-0232 sian-part-0231 sian-part-0233","",""
"69","sian-69","6392465","63","1","1","6273211:1","sian-part-0235","",""
"70","sian-70","6392465","63","3","3","6273211:1 6224999:1 6100931:1","sian-part-0237 sian-part-0236 sian-part-0238","",""
"71","sian-71","6392465","64","3","3","4211805:1 6100930:1 6211768:1","sian-part-0239 sian-part-0241 sian-part-0240","",""
"72","sian-72","6392465","64","2","2","370626:1 4640536:1","sian-part-0242 sian-part-0243","",""
"73","sian-73","6392465","65","3","3","4140806:1 4211805:1 4211713:1","sian-part-0246 sian-part-0244 sian-part-0245","",""
"74","sian-74","6392465","65","0","0","","","Push the gearbox axle through","sian-part-0183 sian-part-0184 sian-part-0185 sian-part-0186 sian-part-0187 sian-part-0188 sian-part-0189 sian-part-0190 sian-part-0191 sian-part-0192 sian-part-0194 sian-part-0193 sian-part-0195 sian-part-0197 sian-part-0198 sian-part-0196 sian-part-0199 sian-part-0203 sian-part-0202 sian-part-0200 sian-part-0201 sian-part-0204 sian-part-0206 sian-part-0207 sian-part-0205 sian-part-0209 sian-part-0210 sian-part-0208 sian-part-0211 sian-part-0212 sian-part-0213 sian-part-0214 sian-part-0215 sian-part-0216 sian-part-0218 sian-part-0217 sian-part-0219 sian-part-0220 sian-part-0221 sian-part-0222 sian-part-0223 sian-part-0225 sian-part-0224 sian-part-0230 sian-part-0228 sian-part-0227 sian-part-0226 sian-part-0229 sian-part-0234 sian-part-0232 sian-part-0231 sian-part-0233 sian-part-0235 sian-part-0237 sian-part-0236 sian-part-0238 sian-part-0239 sian-part-0241 sian-part-0240 sian-part-0242 sian-part-0243 sian-part-0246 sian-part-0244 sian-part-0245"
"75","sian-75","6392465","66","4","4","370626:1 6130008:1 4519010:2","sian-part-0253 sian-part-0251 sian-part-0252 sian-part-0254","",""
"76","sian-76","6392465","66","2","2","6100930:1 6130008:1","sian-part-0256 sian-part-0255","",""
"77","sian-77","6392465","67","4","4","4206482:2 4140806:2","sian-part-0247 sian-part-0248 sian-part-0249 sian-part-0250","",""
"78","sian-78","6392465","67","2","2","6275844:2","sian-part-0257 sian-part-0258","",""
"79","sian-79","6392465","68","3","3","4142865:1 6280393:1 4162857:1","sian-part-0261 sian-part-0259 sian-part-0260","",""
"80","sian-80","6392465","68","4","4","4142865:1 6273211:1 4519010:2","sian-part-0263 sian-part-0265 sian-part-0262 sian-part-0264","",""
"81","sian-81","6392465","69","8","8","6275844:1 6302741:1 6273712:2 6279875:1 6261371:2 6130008:1","sian-part-0269 sian-part-0273 sian-part-0270 sian-part-0271 sian-part-0272 sian-part-0266 sian-part-0267 sian-part-0268","",""
"82","sian-82","6392465","70","6","6","6293920:2 6299413:4","sian-part-0274 sian-part-0275 sian-part-0276 sian-part-0277 sian-part-0278 sian-part-0279","",""
"83","sian-83","6392465","71","5","5","6279875:2 6299413:1 6265646:1 6271874:1","sian-part-0281 sian-part-0282 sian-part-0283 sian-part-0280 sian-part-0284","",""
"84","sian-84","6392465","72","1","1","4211805:1","sian-part-0285","",""
"85","sian-85","6392465","73","2","2","6135494:1 6271826:1","sian-part-0289 sian-part-0288","",""
"86","sian-86","6392465","73","2","2","6273211:1 6100930:1","sian-part-0291 sian-part-0290","",""
"87","sian-87","6392465","73","1","1","6100931:1","sian-part-0292","",""
"88","sian-88","6392465","73","2","2","6279875:2","sian-part-0286 sian-part-0287","",""
"89","sian-89","6392465","73","1","1","4522934:1","sian-part-0293","",""
"90","sian-90","6392465","74","0","0","","","Attach the geared linkage","sian-part-0289 sian-part-0288 sian-part-0291 sian-part-0290 sian-part-0292 sian-part-0286 sian-part-0287 sian-part-0293"
"91","sian-91","6392465","74","3","3","4211805:1 6100930:1 4177431:1","sian-part-0294 sian-part-0295 sian-part-0296","",""
"92","sian-92","6392465","75","10","10","6279875:1 6299413:2 4211655:1 6130008:1 4211713:1 6273211:1 6100930:1 4640536:1 6100931:1","sian-part-0300 sian-part-0298 sian-part-0299 sian-part-0306 sian-part-0301 sian-part-0297 sian-part-0304 sian-part-0303 sian-part-0302 sian-part-0305","",""
"93","sian-93","6392465","76","3","3","6279875:1 6057802:1 6083620:1","sian-part-0307 sian-part-0308 sian-part-0309","",""
"94","sian-94","6392465","76","2","2","4519010:1 6084724:1","sian-part-0311 sian-part-0310","",""
"95","sian-95","6392465","77","5","5","4142865:1 6273211:1 4519010:1 4211815:1 6227330:1","sian-part-0312 sian-part-0313 sian-part-0315 sian-part-0314 sian-part-0316","",""
"96","sian-96","6392465","78","5","5","6227330:1 6129995:1 4211815:1 4519010:2","sian-part-0322 sian-part-0319 sian-part-0321 sian-part-0320 sian-part-0323","",""
"97","sian-97","6392465","79","2","2","370626:1 6130008:1","sian-part-0317 sian-part-0324","",""
"98","sian-98","6392465","79","2","2","6271874:2","sian-part-0318 sian-part-0325","",""
"99","sian-99","6392465","80","3","3","4206482:1 6271874:1 4211713:1","sian-part-0327 sian-part-0328 sian-part-0326","",""
"100","sian-100","6392465","80","1","1","6299413:1","sian-part-0329","",""
"101","sian-101","6392465","81","2","2","6130008:1 6261371:1","sian-part-0334 sian-part-0332","",""
"102","sian-102","6392465","81","2","2","4538007:1 6261371:1","sian-part-0337 sian-part-0333","",""
"103","sian-103","6392465","81","2","2","6261371:2","sian-part-0335 sian-part-0336","",""
"104","sian-104","6392465","81","2","2","6279875:2","sian-part-0330 sian-part-0331","",""
"105","sian-105","6392465","81","2","2","6159763:1 6012451:1","sian-part-0338 sian-part-0339","",""
"106","sian-106","6392465","82","0","0","","","Attach the gray geared subassembly","sian-part-0334 sian-part-0332 sian-part-0337 sian-part-0333 sian-part-0335 sian-part-0336 sian-part-0330 sian-part-0331 sian-part-0338 sian-part-0339"
"107","sian-107","6392465","82","2","2","6129995:1 6224999:1","sian-part-0340 sian-part-0341","",""
"108","sian-108","6392465","83","2","2","370626:1 4640536:1","sian-part-0342 sian-part-0343","",""
"109","sian-109","6392465","83","3","3","6012451:1 4211655:1 6276974:1","sian-part-0344 sian-part-0347 sian-part-0346","",""
"110","sian-110","6392465","84","6","6","6282151:1 6276974:1 4206482:2 6299413:1 6055519:1","sian-part-0352 sian-part-0351 sian-part-0349 sian-part-0350 sian-part-0345 sian-part-0348","",""
"111","sian-111","6392465","84","4","4","4206482:1 4140806:1 4640536:2","sian-part-0354 sian-part-0353 sian-part-0359 sian-part-0360","",""
"112","sian-112","6392465","85","4","4","6321305:2 6100930:2","sian-part-0355 sian-part-0356 sian-part-0357 sian-part-0358","",""
"113","sian-113","6392465","85","2","2","6282151:1 6055519:1","sian-part-0362 sian-part-0361","",""
"114","sian-114","6392465","86","3","3","4522934:1 6273211:2","sian-part-0363 sian-part-0364 sian-part-0365","",""
"115","sian-115","6392465","86","4","4","4211805:2 6299413:1 6279875:1","sian-part-0366 sian-part-0367 sian-part-0368 sian-part-0369","",""
"116","sian-116","6392465","87","4","4","6276974:2 6194079:2","sian-part-0372 sian-part-0373 sian-part-0370 sian-part-0371","",""
"117","sian-117","6392465","88","0","0","","","Bring the gearbox to the rear chassis","sian-part-0183 sian-part-0184 sian-part-0185 sian-part-0186 sian-part-0187 sian-part-0188 sian-part-0189 sian-part-0190 sian-part-0191 sian-part-0192 sian-part-0194 sian-part-0193 sian-part-0195 sian-part-0197 sian-part-0198 sian-part-0196 sian-part-0199 sian-part-0203 sian-part-0202 sian-part-0200 sian-part-0201 sian-part-0204 sian-part-0206 sian-part-0207 sian-part-0205 sian-part-0209 sian-part-0210 sian-part-0208 sian-part-0211 sian-part-0212 sian-part-0213 sian-part-0214 sian-part-0215 sian-part-0216 sian-part-0218 sian-part-0217 sian-part-0219 sian-part-0220 sian-part-0221 sian-part-0222 sian-part-0223 sian-part-0225 sian-part-0224 sian-part-0230 sian-part-0228 sian-part-0227 sian-part-0226 sian-part-0229 sian-part-0234 sian-part-0232 sian-part-0231 sian-part-0233 sian-part-0235 sian-part-0237 sian-part-0236 sian-part-0238 sian-part-0239 sian-part-0241 sian-part-0240 sian-part-0242 sian-part-0243 sian-part-0246 sian-part-0244 sian-part-0245 sian-part-0253 sian-part-0251 sian-part-0252 sian-part-0254 sian-part-0256 sian-part-0255 sian-part-0247 sian-part-0248 sian-part-0249 sian-part-0250 sian-part-0257 sian-part-0258 sian-part-0261 sian-part-0259 sian-part-0260 sian-part-0263 sian-part-0265 sian-part-0262 sian-part-0264 sian-part-0269 sian-part-0273 sian-part-0270 sian-part-0271 sian-part-0272 sian-part-0266 sian-part-0267 sian-part-0268 sian-part-0274 sian-part-0275 sian-part-0276 sian-part-0277 sian-part-0278 sian-part-0279 sian-part-0281 sian-part-0282 sian-part-0283 sian-part-0280 sian-part-0284 sian-part-0285 sian-part-0289 sian-part-0288 sian-part-0291 sian-part-0290 sian-part-0292 sian-part-0286 sian-part-0287 sian-part-0293 sian-part-0294 sian-part-0295 sian-part-0296 sian-part-0300 sian-part-0298 sian-part-0299 sian-part-0306 sian-part-0301 sian-part-0297 sian-part-0304 sian-part-0303 sian-part-0302 sian-part-0305 sian-part-0307 sian-part-0308 sian-part-0309 sian-part-0311 sian-part-0310 sian-part-0312 sian-part-0313 sian-part-0315 sian-part-0314 sian-part-0316 sian-part-0322 sian-part-0319 sian-part-0321 sian-part-0320 sian-part-0323 sian-part-0317 sian-part-0324 sian-part-0318 sian-part-0325 sian-part-0327 sian-part-0328 sian-part-0326 sian-part-0329 sian-part-0334 sian-part-0332 sian-part-0337 sian-part-0333 sian-part-0335 sian-part-0336 sian-part-0330 sian-part-0331 sian-part-0338 sian-part-0339 sian-part-0340 sian-part-0341 sian-part-0342 sian-part-0343 sian-part-0344 sian-part-0347 sian-part-0346 sian-part-0352 sian-part-0351 sian-part-0349 sian-part-0350 sian-part-0345 sian-part-0348 sian-part-0354 sian-part-0353 sian-part-0359 sian-part-0360 sian-part-0355 sian-part-0356 sian-part-0357 sian-part-0358 sian-part-0362 sian-part-0361 sian-part-0363 sian-part-0364 sian-part-0365 sian-part-0366 sian-part-0367 sian-part-0368 sian-part-0369 sian-part-0372 sian-part-0373 sian-part-0370 sian-part-0371"
"118","sian-118","6392465","89","0","0","","","Join the gearbox and rear chassis","sian-part-0183 sian-part-0184 sian-part-0185 sian-part-0186 sian-part-0187 sian-part-0188 sian-part-0189 sian-part-0190 sian-part-0191 sian-part-0192 sian-part-0194 sian-part-0193 sian-part-0195 sian-part-0197 sian-part-0198 sian-part-0196 sian-part-0199 sian-part-0203 sian-part-0202 sian-part-0200 sian-part-0201 sian-part-0204 sian-part-0206 sian-part-0207 sian-part-0205 sian-part-0209 sian-part-0210 sian-part-0208 sian-part-0211 sian-part-0212 sian-part-0213 sian-part-0214 sian-part-0215 sian-part-0216 sian-part-0218 sian-part-0217 sian-part-0219 sian-part-0220 sian-part-0221 sian-part-0222 sian-part-0223 sian-part-0225 sian-part-0224 sian-part-0230 sian-part-0228 sian-part-0227 sian-part-0226 sian-part-0229 sian-part-0234 sian-part-0232 sian-part-0231 sian-part-0233 sian-part-0235 sian-part-0237 sian-part-0236 sian-part-0238 sian-part-0239 sian-part-0241 sian-part-0240 sian-part-0242 sian-part-0243 sian-part-0246 sian-part-0244 sian-part-0245 sian-part-0253 sian-part-0251 sian-part-0252 sian-part-0254 sian-part-0256 sian-part-0255 sian-part-0247 sian-part-0248 sian-part-0249 sian-part-0250 sian-part-0257 sian-part-0258 sian-part-0261 sian-part-0259 sian-part-0260 sian-part-0263 sian-part-0265 sian-part-0262 sian-part-0264 sian-part-0269 sian-part-0273 sian-part-0270 sian-part-0271 sian-part-0272 sian-part-0266 sian-part-0267 sian-part-0268 sian-part-0274 sian-part-0275 sian-part-0276 sian-part-0277 sian-part-0278 sian-part-0279 sian-part-0281 sian-part-0282 sian-part-0283 sian-part-0280 sian-part-0284 sian-part-0285 sian-part-0289 sian-part-0288 sian-part-0291 sian-part-0290 sian-part-0292 sian-part-0286 sian-part-0287 sian-part-0293 sian-part-0294 sian-part-0295 sian-part-0296 sian-part-0300 sian-part-0298 sian-part-0299 sian-part-0306 sian-part-0301 sian-part-0297 sian-part-0304 sian-part-0303 sian-part-0302 sian-part-0305 sian-part-0307 sian-part-0308 sian-part-0309 sian-part-0311 sian-part-0310 sian-part-0312 sian-part-0313 sian-part-0315 sian-part-0314 sian-part-0316 sian-part-0322 sian-part-0319 sian-part-0321 sian-part-0320 sian-part-0323 sian-part-0317 sian-part-0324 sian-part-0318 sian-part-0325 sian-part-0327 sian-part-0328 sian-part-0326 sian-part-0329 sian-part-0334 sian-part-0332 sian-part-0337 sian-part-0333 sian-part-0335 sian-part-0336 sian-part-0330 sian-part-0331 sian-part-0338 sian-part-0339 sian-part-0340 sian-part-0341 sian-part-0342 sian-part-0343 sian-part-0344 sian-part-0347 sian-part-0346 sian-part-0352 sian-part-0351 sian-part-0349 sian-part-0350 sian-part-0345 sian-part-0348 sian-part-0354 sian-part-0353 sian-part-0359 sian-part-0360 sian-part-0355 sian-part-0356 sian-part-0357 sian-part-0358 sian-part-0362 sian-part-0361 sian-part-0363 sian-part-0364 sian-part-0365 sian-part-0366 sian-part-0367 sian-part-0368 sian-part-0369 sian-part-0372 sian-part-0373 sian-part-0370 sian-part-0371"
"119","sian-119","6392465","90","3","3","4177431:1 4211805:1 370626:1","sian-part-0376 sian-part-0375 sian-part-0374","",""
"120","sian-120","6392465","91","1","1","6293920:1","sian-part-0377","",""
"121","sian-121","6392465","92","2","2","6275844:1 4177431:1","sian-part-0379 sian-part-0378","",""
"122","sian-122","6392465","93","3","3","6302741:1 6299413:1 4142823:1","sian-part-0381 sian-part-0380 sian-part-0382","",""
"123","sian-123","6392465","94","2","2","6012451:1 6133119:1","sian-part-0383 sian-part-0384","",""
"124","sian-124","6392465","95","14","14","4140806:2 6273712:2 4254606:2 4211815:2 4645732:2 6279875:4","sian-part-0391 sian-part-0392 sian-part-0393 sian-part-0394 sian-part-0385 sian-part-0386 sian-part-0387 sian-part-0388 sian-part-0389 sian-part-0390 sian-part-0395 sian-part-0396 sian-part-0397 sian-part-0398","",""
"125","sian-125","6392465","96","4","4","6209519:2 4538007:2","sian-part-0401 sian-part-0402 sian-part-0399 sian-part-0400","",""
"126","sian-126","6392465","97","4","4","4140806:2 6209519:2","sian-part-0405 sian-part-0406 sian-part-0403 sian-part-0404","",""
"127","sian-127","6392465","98","8","8","6279875:2 4542573:2 6299413:4","sian-part-0409 sian-part-0410 sian-part-0407 sian-part-0408 sian-part-0411 sian-part-0412 sian-part-0413 sian-part-0414","",""
"128","sian-128","6392465","99","3","3","4522934:1 6261371:2","sian-part-0415 sian-part-0416 sian-part-0417","",""
"129","sian-129","6392465","100","6","6","4211375:2 4211561:2 4666579:2","sian-part-0422 sian-part-0423 sian-part-0420 sian-part-0421 sian-part-0418 sian-part-0419","",""
"130","sian-130","6392465","101","3","3","4666579:1 6273211:1 4544151:1","sian-part-0424 sian-part-0425 sian-part-0426","",""
"131","sian-131","6392465","102","4","4","370626:2 6129995:1 4211815:1","sian-part-0427 sian-part-0428 sian-part-0429 sian-part-0430","",""
"132","sian-132","6392465","103","2","2","4142135:1 6275844:1","sian-part-0431 sian-part-0432","",""
"133","sian-133","6392465","104","6","6","6275844:2 4519010:1 6284189:3","sian-part-0436 sian-part-0437 sian-part-0438 sian-part-0433 sian-part-0434 sian-part-0435","",""
"134","sian-134","6392465","105","3","3","4206482:1 6275844:1 6307436:1","sian-part-0440 sian-part-0441 sian-part-0439","",""
"135","sian-135","6392465","106 107","12","12","4206482:3 6279875:1 6261371:2 6299413:2 6271826:1 6315899:1 4542573:1 4142823:1","sian-part-0443 sian-part-0444 sian-part-0445 sian-part-0446 sian-part-0521 sian-part-0522 sian-part-0520 sian-part-0523 sian-part-0447 sian-part-0448 sian-part-0442 sian-part-0449","",""
"136","sian-136","6392465","108","6","6","6130008:1 6265690:1 4142865:1 6273211:2 4610374:1","sian-part-0453 sian-part-0455 sian-part-0451 sian-part-0450 sian-part-0452 sian-part-0454","",""
"137","sian-137","6392465","109","3","3","6299413:2 6308236:1","sian-part-0457 sian-part-0458 sian-part-0459","",""
"138","sian-138","6392465","109","2","2","4522934:1 6308236:1","sian-part-0456 sian-part-0460","",""
"139","sian-139","6392465","109","4","4","6299413:4","sian-part-0461 sian-part-0462 sian-part-0463 sian-part-0464","",""
"140","sian-140","6392465","109","3","3","6279875:2 4142823:1","sian-part-0466 sian-part-0467 sian-part-0465","",""
"141","sian-141","6392465","110","1","1","6282158:1","sian-part-0469","",""
"142","sian-142","6392465","110","4","4","6057802:1 6282158:1 4142823:1 6299413:1","sian-part-0472 sian-part-0470 sian-part-0468 sian-part-0471","",""
"143","sian-143","6392465","110","4","4","4177431:1 370626:1 6129995:1 6084724:1","sian-part-0476 sian-part-0473 sian-part-0474 sian-part-0475","",""
"144","sian-144","6392465","111","3","3","6057802:1 6299413:1 6282158:1","sian-part-0481 sian-part-0480 sian-part-0479","",""
"145","sian-145","6392465","111","2","2","4142823:2","sian-part-0477 sian-part-0478","",""
"146","sian-146","6392465","111","4","4","6279875:4","sian-part-0482 sian-part-0483 sian-part-0484 sian-part-0485","",""
"147","sian-147","6392465","112","6","6","4566243:2 6279875:4","sian-part-0486 sian-part-0494 sian-part-0487 sian-part-0488 sian-part-0495 sian-part-0496","",""
"148","sian-148","6392465","112","2","2","6016154:2","sian-part-0489 sian-part-0497","",""
"149","sian-149","6392465","112","8","8","6299413:4 4211655:2 6055519:2","sian-part-0490 sian-part-0491 sian-part-0498 sian-part-0499 sian-part-0492 sian-part-0500 sian-part-0493 sian-part-0501","",""
"150","sian-150","6392465","113","0","0","","","Attach both floor panels","sian-part-0486 sian-part-0494 sian-part-0487 sian-part-0488 sian-part-0495 sian-part-0496 sian-part-0489 sian-part-0497 sian-part-0490 sian-part-0491 sian-part-0498 sian-part-0499 sian-part-0492 sian-part-0500 sian-part-0493 sian-part-0501"
"151","sian-151","6392465","113","4","4","6299413:4","sian-part-0502 sian-part-0503 sian-part-0504 sian-part-0505","",""
"152","sian-152","6392465","114","1","1","4522934:1","sian-part-0506","",""
"153","sian-153","6392465","114","6","6","6279875:4 4140806:2","sian-part-0507 sian-part-0508 sian-part-0509 sian-part-0510 sian-part-0511 sian-part-0512","",""
"154","sian-154","6392465","115","3","3","6279875:3","sian-part-0513 sian-part-0514 sian-part-0515","",""
"155","sian-155","6392465","116","0","0","","","Join the floor and gearbox chassis","sian-part-0443 sian-part-0444 sian-part-0445 sian-part-0446 sian-part-0521 sian-part-0522 sian-part-0520 sian-part-0523 sian-part-0447 sian-part-0448 sian-part-0442 sian-part-0449 sian-part-0453 sian-part-0455 sian-part-0451 sian-part-0450 sian-part-0452 sian-part-0454 sian-part-0457 sian-part-0458 sian-part-0459 sian-part-0456 sian-part-0460 sian-part-0461 sian-part-0462 sian-part-0463 sian-part-0464 sian-part-0466 sian-part-0467 sian-part-0465 sian-part-0469 sian-part-0472 sian-part-0470 sian-part-0468 sian-part-0471 sian-part-0476 sian-part-0473 sian-part-0474 sian-part-0475 sian-part-0481 sian-part-0480 sian-part-0479 sian-part-0477 sian-part-0478 sian-part-0482 sian-part-0483 sian-part-0484 sian-part-0485 sian-part-0486 sian-part-0494 sian-part-0487 sian-part-0488 sian-part-0495 sian-part-0496 sian-part-0489 sian-part-0497 sian-part-0490 sian-part-0491 sian-part-0498 sian-part-0499 sian-part-0492 sian-part-0500 sian-part-0493 sian-part-0501 sian-part-0502 sian-part-0503 sian-part-0504 sian-part-0505 sian-part-0506 sian-part-0507 sian-part-0508 sian-part-0509 sian-part-0510 sian-part-0511 sian-part-0512 sian-part-0513 sian-part-0514 sian-part-0515"
"156","sian-156","6392465","117","4","4","4206482:2 4254606:2","sian-part-0516 sian-part-0519 sian-part-0517 sian-part-0518","",""
"157","sian-157","6392465","118","2","2","4610374:1 6265690:1","sian-part-0524 sian-part-0525","",""
"158","sian-158","6392465","119","2","2","6275844:1 6308233:1","sian-part-0526 sian-part-0527","",""
"159","sian-159","6392465","120","6","6","4142865:1 6302741:1 6308233:1 6084724:1 6262968:1 6261793:1","sian-part-0531 sian-part-0532 sian-part-0528 sian-part-0533 sian-part-0530 sian-part-0529","",""
"160","sian-160","6392465","121","2","2","4140806:1 4142823:1","sian-part-0535 sian-part-0534","",""
"161","sian-161","6392465","122","2","2","4140806:1 6308233:1","sian-part-0537 sian-part-0536","",""
"162","sian-162","6392465","123","3","3","4519010:1 4640536:1 6129995:1","sian-part-0538 sian-part-0540 sian-part-0539","",""
"163","sian-163","6392465","124","2","2","6100930:1 6276052:1","sian-part-0541 sian-part-0542","",""
"164","sian-164","6392465","125","3","3","4666999:1 6100930:1 6100931:1","sian-part-0544 sian-part-0545 sian-part-0543","",""
"165","sian-165","6392465","126","5","5","6282158:1 4114634:4","sian-part-0546 sian-part-0547 sian-part-0548 sian-part-0549 sian-part-0550","",""
"166","sian-166","6392465","127","2","2","6275844:1 4519010:1","sian-part-0552 sian-part-0551","",""
"167","sian-167","6392465","128","8","8","6299413:2 6279875:4 4142135:2","sian-part-0555 sian-part-0559 sian-part-0553 sian-part-0554 sian-part-0557 sian-part-0558 sian-part-0556 sian-part-0560","",""
"168","sian-168","6392465","129","2","2","4645732:1 6308236:1","sian-part-0561 sian-part-0562","",""
"169","sian-169","6392465","130","11","11","6302741:4 6284189:1 6130008:1 6133119:1 4211807:4","sian-part-0569 sian-part-0570 sian-part-0571 sian-part-0572 sian-part-0573 sian-part-0563 sian-part-0564 sian-part-0565 sian-part-0566 sian-part-0567 sian-part-0568","",""
"170","sian-170","6392465","131","2","2","4645732:1 6159763:1","sian-part-0574 sian-part-0575","",""
"171","sian-171","6392465","131","5","5","6030286:2 6129995:2 6275844:1","sian-part-0577 sian-part-0578 sian-part-0580 sian-part-0581 sian-part-0579","",""
"172","sian-172","6392465","131","1","1","6159763:1","sian-part-0576","",""
"173","sian-173","6392465","132","4","4","6279875:2 6282151:1 6055519:1","sian-part-0584 sian-part-0585 sian-part-0583 sian-part-0582","",""
"174","sian-174","6392465","132","2","2","4211758:1 6275844:1","sian-part-0586 sian-part-0587","",""
"175","sian-175","6392465","132","8","8","6271165:2 4211815:2 6261386:2 6261371:2","sian-part-0590 sian-part-0594 sian-part-0589 sian-part-0593 sian-part-0591 sian-part-0595 sian-part-0588 sian-part-0592","",""
"176","sian-176","6392465","132","2","2","6030286:2","sian-part-0596 sian-part-0597","",""
"177","sian-177","6392465","133","3","3","6254216:2 4544140:1","sian-part-0599 sian-part-0600 sian-part-0598","",""
"178","sian-178","6392465","133","4","4","6279875:2 6299413:2","sian-part-0601 sian-part-0602 sian-part-0603 sian-part-0604","",""
"179","sian-179","6392465","133","0","0","","","Attach the gear selector","sian-part-0574 sian-part-0575 sian-part-0577 sian-part-0578 sian-part-0580 sian-part-0581 sian-part-0579 sian-part-0576 sian-part-0584 sian-part-0585 sian-part-0583 sian-part-0582 sian-part-0586 sian-part-0587 sian-part-0590 sian-part-0594 sian-part-0589 sian-part-0593 sian-part-0591 sian-part-0595 sian-part-0588 sian-part-0592 sian-part-0596 sian-part-0597 sian-part-0599 sian-part-0600 sian-part-0598 sian-part-0601 sian-part-0602 sian-part-0603 sian-part-0604"
"180","sian-180","6392465","134","6","6","4610374:1 4211815:1 6265690:1 4206482:1 4519010:1 4254606:1","sian-part-0607 sian-part-0610 sian-part-0609 sian-part-0605 sian-part-0608 sian-part-0606","",""
"181","sian-181","6392465","135","3","3","4211815:1 6284189:1 6308233:1","sian-part-0611 sian-part-0613 sian-part-0612","",""
"182","sian-182","6392465","140","6","6","6299413:6","sian-part-0614 sian-part-0615 sian-part-0616 sian-part-0617 sian-part-0618 sian-part-0619","",""
"183","sian-183","6392465","141","10","10","6279875:4 4542573:2 6299413:4","sian-part-0623 sian-part-0624 sian-part-0634 sian-part-0635 sian-part-0620 sian-part-0631 sian-part-0621 sian-part-0622 sian-part-0632 sian-part-0633","",""
"184","sian-184","6392465","141","4","4","4542573:2 4495935:2","sian-part-0625 sian-part-0636 sian-part-0626 sian-part-0637","",""
"185","sian-185","6392465","141","6","6","6279875:2 6299413:4","sian-part-0629 sian-part-0640 sian-part-0627 sian-part-0628 sian-part-0638 sian-part-0639","",""
"186","sian-186","6392465","141","2","2","6308230:2","sian-part-0630 sian-part-0641","",""
"187","sian-187","6392465","142","0","0","","","Attach both lower frame rails","sian-part-0623 sian-part-0624 sian-part-0634 sian-part-0635 sian-part-0620 sian-part-0631 sian-part-0621 sian-part-0622 sian-part-0632 sian-part-0633 sian-part-0625 sian-part-0636 sian-part-0626 sian-part-0637 sian-part-0629 sian-part-0640 sian-part-0627 sian-part-0628 sian-part-0638 sian-part-0639 sian-part-0630 sian-part-0641"
"188","sian-188","6392465","143","13","13","6299413:2 6209519:2 4140806:2 6170474:2 4542573:1 6265091:2 6279875:2","sian-part-0644 sian-part-0645 sian-part-0649 sian-part-0650 sian-part-0653 sian-part-0654 sian-part-0647 sian-part-0648 sian-part-0646 sian-part-0651 sian-part-0652 sian-part-0642 sian-part-0643","",""
"189","sian-189","6392465","144","18","18","6279875:12 4234251:6","sian-part-0656 sian-part-0657 sian-part-0658 sian-part-0660 sian-part-0661 sian-part-0663 sian-part-0664 sian-part-0666 sian-part-0667 sian-part-0669 sian-part-0670 sian-part-0672 sian-part-0655 sian-part-0659 sian-part-0662 sian-part-0665 sian-part-0668 sian-part-0671","",""
"190","sian-190","6392465","145","3","3","4119474:1 6000018:2","sian-part-0673 sian-part-0674 sian-part-0675","",""
"191","sian-191","6392465","145","2","2","4142865:1 6013937:1","sian-part-0677 sian-part-0676","",""
"192","sian-192","6392465","145","3","3","6000018:2 6013937:1","sian-part-0678 sian-part-0679 sian-part-0680","",""
"193","sian-193","6392465","145","4","4","4142865:1 6000018:2 6013937:1","sian-part-0681 sian-part-0682 sian-part-0683 sian-part-0684","",""
"194","sian-194","6392465","146","4","4","4142865:1 6000018:2 6013937:1","sian-part-0685 sian-part-0686 sian-part-0687 sian-part-0688","",""
"195","sian-195","6392465","146","4","4","4142865:1 6000018:2 6013937:1","sian-part-0689 sian-part-0690 sian-part-0691 sian-part-0692","",""
"196","sian-196","6392465","146","4","4","4119474:1 4142865:1 6000018:2","sian-part-0696 sian-part-0693 sian-part-0694 sian-part-0695","",""
"197","sian-197","6392465","147","12","12","4112203:12","sian-part-0697 sian-part-0698 sian-part-0699 sian-part-0700 sian-part-0701 sian-part-0702 sian-part-0703 sian-part-0704 sian-part-0705 sian-part-0706 sian-part-0707 sian-part-0708","",""
"198","sian-198","6392465","147","0","0","","","Place the crankshaft and pistons in the engine","sian-part-0673 sian-part-0674 sian-part-0675 sian-part-0677 sian-part-0676 sian-part-0678 sian-part-0679 sian-part-0680 sian-part-0681 sian-part-0682 sian-part-0683 sian-part-0684 sian-part-0685 sian-part-0686 sian-part-0687 sian-part-0688 sian-part-0689 sian-part-0690 sian-part-0691 sian-part-0692 sian-part-0696 sian-part-0693 sian-part-0694 sian-part-0695 sian-part-0697 sian-part-0698 sian-part-0699 sian-part-0700 sian-part-0701 sian-part-0702 sian-part-0703 sian-part-0704 sian-part-0705 sian-part-0706 sian-part-0707 sian-part-0708"
"199","sian-199","6392465","147","7","7","4206482:2 6321745:4 6271358:1","sian-part-0714 sian-part-0715 sian-part-0710 sian-part-0711 sian-part-0712 sian-part-0713 sian-part-0709","",""
"200","sian-200","6392465","148","18","18","6279875:12 4234251:6","sian-part-0717 sian-part-0718 sian-part-0719 sian-part-0721 sian-part-0722 sian-part-0724 sian-part-0725 sian-part-0727 sian-part-0728 sian-part-0730 sian-part-0731 sian-part-0733 sian-part-0716 sian-part-0720 sian-part-0723 sian-part-0726 sian-part-0729 sian-part-0732","",""
"201","sian-201","6392465","149","0","0","","","Push the engine axle through","sian-part-0673 sian-part-0674 sian-part-0675 sian-part-0677 sian-part-0676 sian-part-0678 sian-part-0679 sian-part-0680 sian-part-0681 sian-part-0682 sian-part-0683 sian-part-0684 sian-part-0685 sian-part-0686 sian-part-0687 sian-part-0688 sian-part-0689 sian-part-0690 sian-part-0691 sian-part-0692 sian-part-0696 sian-part-0693 sian-part-0694 sian-part-0695 sian-part-0697 sian-part-0698 sian-part-0699 sian-part-0700 sian-part-0701 sian-part-0702 sian-part-0703 sian-part-0704 sian-part-0705 sian-part-0706 sian-part-0707 sian-part-0708 sian-part-0714 sian-part-0715 sian-part-0710 sian-part-0711 sian-part-0712 sian-part-0713 sian-part-0709 sian-part-0717 sian-part-0718 sian-part-0719 sian-part-0721 sian-part-0722 sian-part-0724 sian-part-0725 sian-part-0727 sian-part-0728 sian-part-0730 sian-part-0731 sian-part-0733 sian-part-0716 sian-part-0720 sian-part-0723 sian-part-0726 sian-part-0729 sian-part-0732"
"202","sian-202","6392465","149","3","3","6279875:2 6271358:1","sian-part-0735 sian-part-0736 sian-part-0734","",""
"203","sian-203","6392465","150","3","3","6029578:1 6299413:2","sian-part-0737 sian-part-0744 sian-part-0745","",""
"204","sian-204","6392465","150","6","6","4508553:1 4512363:2 4142865:1 6302741:2","sian-part-0738 sian-part-0741 sian-part-0743 sian-part-0742 sian-part-0739 sian-part-0740","",""
"205","sian-205","6392465","151","0","0","","","Attach the engine to the chassis","sian-part-0656 sian-part-0657 sian-part-0658 sian-part-0660 sian-part-0661 sian-part-0663 sian-part-0664 sian-part-0666 sian-part-0667 sian-part-0669 sian-part-0670 sian-part-0672 sian-part-0655 sian-part-0659 sian-part-0662 sian-part-0665 sian-part-0668 sian-part-0671 sian-part-0673 sian-part-0674 sian-part-0675 sian-part-0677 sian-part-0676 sian-part-0678 sian-part-0679 sian-part-0680 sian-part-0681 sian-part-0682 sian-part-0683 sian-part-0684 sian-part-0685 sian-part-0686 sian-part-0687 sian-part-0688 sian-part-0689 sian-part-0690 sian-part-0691 sian-part-0692 sian-part-0696 sian-part-0693 sian-part-0694 sian-part-0695 sian-part-0697 sian-part-0698 sian-part-0699 sian-part-0700 sian-part-0701 sian-part-0702 sian-part-0703 sian-part-0704 sian-part-0705 sian-part-0706 sian-part-0707 sian-part-0708 sian-part-0714 sian-part-0715 sian-part-0710 sian-part-0711 sian-part-0712 sian-part-0713 sian-part-0709 sian-part-0717 sian-part-0718 sian-part-0719 sian-part-0721 sian-part-0722 sian-part-0724 sian-part-0725 sian-part-0727 sian-part-0728 sian-part-0730 sian-part-0731 sian-part-0733 sian-part-0716 sian-part-0720 sian-part-0723 sian-part-0726 sian-part-0729 sian-part-0732 sian-part-0735 sian-part-0736 sian-part-0734 sian-part-0737 sian-part-0744 sian-part-0745 sian-part-0738 sian-part-0741 sian-part-0743 sian-part-0742 sian-part-0739 sian-part-0740"
"206","sian-206","6392465","152","3","3","6130010:1 4177431:1 4539880:1","sian-part-0747 sian-part-0748 sian-part-0746","",""
"207","sian-207","6392465","152","2","2","6173127:2","sian-part-0750 sian-part-0751","",""
"208","sian-208","6392465","152","1","1","4177431:1","sian-part-0749","",""
"209","sian-209","6392465","152","4","4","6279875:4","sian-part-0752 sian-part-0753 sian-part-0754 sian-part-0755","",""
"210","sian-210","6392465","153","4","4","6299413:2 6261378:2","sian-part-0756 sian-part-0757 sian-part-0758 sian-part-0759","",""
"211","sian-211","6392465","153","1","1","6308236:1","sian-part-0760","",""
"212","sian-212","6392465","153","3","3","4542573:1 6299413:2","sian-part-0763 sian-part-0764 sian-part-0765","",""
"213","sian-213","6392465","153","4","4","4112287:4","sian-part-0766 sian-part-0767 sian-part-0768 sian-part-0769","",""
"214","sian-214","6392465","154","1","1","4542573:1","sian-part-0770","",""
"215","sian-215","6392465","154","4","4","6279875:2 6083620:2","sian-part-2403 sian-part-2404 sian-part-0771 sian-part-0772","",""
"216","sian-216","6392465","154","2","2","6307436:2","sian-part-0775 sian-part-0776","",""
"217","sian-217","6392465","154","2","2","6083620:2","sian-part-0773 sian-part-0774","",""
"218","sian-218","6392465","155","0","0","","","Attach the front suspension crossbeam","sian-part-0763 sian-part-0764 sian-part-0765 sian-part-0766 sian-part-0767 sian-part-0768 sian-part-0769 sian-part-0770 sian-part-2403 sian-part-2404 sian-part-0771 sian-part-0772 sian-part-0775 sian-part-0776 sian-part-0773 sian-part-0774"
"219","sian-219","6392465","155","2","2","4666999:2","sian-part-0761 sian-part-0762","",""
"220","sian-220","6392465","155","3","3","4211651:1 6299413:2","sian-part-0777 sian-part-0778 sian-part-0779","",""
"221","sian-221","6392465","155","8","8","4140806:4 4206482:4","sian-part-0781 sian-part-0783 sian-part-0785 sian-part-0787 sian-part-0780 sian-part-0782 sian-part-0784 sian-part-0786","",""
"222","sian-222","6392465","156","14","14","4211815:2 4519010:2 4539880:1 4525184:1 6084724:2 4666999:1 4565452:3 6279875:2","sian-part-0789 sian-part-0790 sian-part-0800 sian-part-0801 sian-part-0788 sian-part-0792 sian-part-0796 sian-part-0797 sian-part-0791 sian-part-0793 sian-part-0794 sian-part-0795 sian-part-0798 sian-part-0799","",""
"223","sian-223","6392465","157","2","2","6170474:2","sian-part-0802 sian-part-0803","",""
"224","sian-224","6392465","157","2","2","4142822:2","sian-part-0804 sian-part-0805","",""
"225","sian-225","6392465","158","16","16","6299413:6 6089119:2 6273712:2 6123815:2 6261378:2 6271826:2","sian-part-0806 sian-part-0807 sian-part-0814 sian-part-0815 sian-part-0816 sian-part-0817 sian-part-0810 sian-part-0811 sian-part-0818 sian-part-0819 sian-part-0820 sian-part-0821 sian-part-0808 sian-part-0809 sian-part-0812 sian-part-0813","",""
"226","sian-226","6392465","159","10","10","6074651:2 6030286:2 6083620:2 370626:2 6273712:2","sian-part-0822 sian-part-0827 sian-part-0828 sian-part-0829 sian-part-0842 sian-part-0843 sian-part-0823 sian-part-0825 sian-part-0824 sian-part-0826","",""
"227","sian-227","6392465","160","6","6","4211815:4 6321309:2","sian-part-0830 sian-part-0832 sian-part-0833 sian-part-0835 sian-part-0831 sian-part-0834","",""
"228","sian-228","6392465","161","13","13","4211815:2 6029578:1 6074651:2 6299413:2 4141811:4 6308233:2","sian-part-0840 sian-part-0841 sian-part-0848 sian-part-0836 sian-part-0837 sian-part-0838 sian-part-0839 sian-part-0844 sian-part-0845 sian-part-0846 sian-part-0847 sian-part-0849 sian-part-0850","",""
"229","sian-229","6392465","162","22","22","4211566:4 4211815:4 6083620:2 4164133:4 6299413:2 4141811:4 6194079:2","sian-part-0851 sian-part-0860 sian-part-0861 sian-part-0870 sian-part-0852 sian-part-0853 sian-part-0862 sian-part-0863 sian-part-0873 sian-part-0874 sian-part-0856 sian-part-0857 sian-part-0866 sian-part-0867 sian-part-0855 sian-part-0865 sian-part-0854 sian-part-0859 sian-part-0864 sian-part-0869 sian-part-0858 sian-part-0868","",""
"230","sian-230","6392465","162","2","2","6030286:2","sian-part-0871 sian-part-0872","",""
"231","sian-231","6392465","163","8","8","6135494:1 6254216:2 4211375:1 6219840:1 6145859:1 6265690:1 6275844:1","sian-part-0881 sian-part-0878 sian-part-0879 sian-part-0880 sian-part-0877 sian-part-0876 sian-part-0875 sian-part-0882","",""
"232","sian-232","6392465","164","8","8","6135494:1 6254216:2 4211375:1 6219840:1 6145859:1 6265690:1 6275844:1","sian-part-0889 sian-part-0886 sian-part-0887 sian-part-0888 sian-part-0885 sian-part-0884 sian-part-0883 sian-part-0890","",""
"233","sian-233","6392465","165","0","0","","","Swing both suspension arms outward","sian-part-0789 sian-part-0790 sian-part-0800 sian-part-0801 sian-part-0788 sian-part-0792 sian-part-0796 sian-part-0797 sian-part-0791 sian-part-0793 sian-part-0794 sian-part-0795 sian-part-0798 sian-part-0799 sian-part-0802 sian-part-0803 sian-part-0804 sian-part-0805 sian-part-0806 sian-part-0807 sian-part-0814 sian-part-0815 sian-part-0816 sian-part-0817 sian-part-0810 sian-part-0811 sian-part-0818 sian-part-0819 sian-part-0820 sian-part-0821 sian-part-0808 sian-part-0809 sian-part-0812 sian-part-0813 sian-part-0822 sian-part-0827 sian-part-0828 sian-part-0829 sian-part-0842 sian-part-0843 sian-part-0823 sian-part-0825 sian-part-0824 sian-part-0826 sian-part-0830 sian-part-0832 sian-part-0833 sian-part-0835 sian-part-0831 sian-part-0834 sian-part-0840 sian-part-0841 sian-part-0848 sian-part-0836 sian-part-0837 sian-part-0838 sian-part-0839 sian-part-0844 sian-part-0845 sian-part-0846 sian-part-0847 sian-part-0849 sian-part-0850 sian-part-0851 sian-part-0860 sian-part-0861 sian-part-0870 sian-part-0852 sian-part-0853 sian-part-0862 sian-part-0863 sian-part-0873 sian-part-0874 sian-part-0856 sian-part-0857 sian-part-0866 sian-part-0867 sian-part-0855 sian-part-0865 sian-part-0854 sian-part-0859 sian-part-0864 sian-part-0869 sian-part-0858 sian-part-0868 sian-part-0871 sian-part-0872 sian-part-0881 sian-part-0878 sian-part-0879 sian-part-0880 sian-part-0877 sian-part-0876 sian-part-0875 sian-part-0882 sian-part-0889 sian-part-0886 sian-part-0887 sian-part-0888 sian-part-0885 sian-part-0884 sian-part-0883 sian-part-0890"
"234","sian-234","6392465","165","8","8","6030286:4 6135494:4","sian-part-0893 sian-part-0894 sian-part-0897 sian-part-0898 sian-part-0891 sian-part-0892 sian-part-0895 sian-part-0896","",""
"235","sian-235","6392465","166","2","2","6135494:2","sian-part-0899 sian-part-0900","",""
"236","sian-236","6392465","166","6","6","4164133:4 4211815:2","sian-part-0902 sian-part-0903 sian-part-0906 sian-part-0907 sian-part-0901 sian-part-0905","",""
"237","sian-237","6392465","167","2","2","6116602:2","sian-part-0904 sian-part-0908","",""
"238","sian-238","6392465","168","11","11","6299413:2 6261378:2 4162857:2 4211815:2 4142865:1 4519010:2","sian-part-0909 sian-part-0910 sian-part-0911 sian-part-0912 sian-part-0915 sian-part-0916 sian-part-0913 sian-part-0914 sian-part-0918 sian-part-0917 sian-part-0919","",""
"239","sian-239","6392465","169","3","3","6308230:1 6279875:2","sian-part-0920 sian-part-0921 sian-part-0922","",""
"240","sian-240","6392465","169","6","6","4211651:2 6299413:4","sian-part-0923 sian-part-0924 sian-part-0925 sian-part-0926 sian-part-0927 sian-part-0928","",""
"241","sian-241","6392465","170","6","6","6299413:2 6170574:4","sian-part-0929 sian-part-0930 sian-part-0931 sian-part-0932 sian-part-0933 sian-part-0934","",""
"242","sian-242","6392465","171","13","13","6299413:2 6321305:2 4542573:1 6170574:2 6302741:2 6100930:2 4640536:1 6083620:1","sian-part-0936 sian-part-0937 sian-part-0943 sian-part-0944 sian-part-0935 sian-part-0940 sian-part-0941 sian-part-0938 sian-part-0939 sian-part-0946 sian-part-0947 sian-part-0945 sian-part-0942","",""
"243","sian-243","6392465","172","3","3","4177431:1 4142823:2","sian-part-0948 sian-part-0949 sian-part-0950","",""
"244","sian-244","6392465","172","4","4","6144791:4","sian-part-0951 sian-part-0952 sian-part-0953 sian-part-0954","",""
"245","sian-245","6392465","173","6","6","6161772:2 6254216:2 6307436:2","sian-part-0957 sian-part-0960 sian-part-0956 sian-part-0959 sian-part-0955 sian-part-0958","",""
"246","sian-246","6392465","174","6","6","6275844:1 4206482:1 4499858:1 6273712:1 4254606:1 6254216:1","sian-part-0964 sian-part-0961 sian-part-0963 sian-part-0965 sian-part-0962 sian-part-0966","",""
"247","sian-247","6392465","175","2","2","4198367:1 6089119:1","sian-part-0968 sian-part-0967","",""
"248","sian-248","6392465","175","6","6","4206482:2 6299413:3 6302741:1","sian-part-0971 sian-part-0972 sian-part-0969 sian-part-0973 sian-part-0974 sian-part-0970","",""
"249","sian-249","6392465","176","5","5","6279875:2 6308233:2 6055519:1","sian-part-0978 sian-part-0979 sian-part-0976 sian-part-0977 sian-part-0975","",""
"250","sian-250","6392465","176","1","1","4211651:1","sian-part-0980","",""
"251","sian-251","6392465","177","0","0","","","Join the front suspension to the chassis","sian-part-0747 sian-part-0748 sian-part-0746 sian-part-0750 sian-part-0751 sian-part-0749 sian-part-0752 sian-part-0753 sian-part-0754 sian-part-0755 sian-part-0756 sian-part-0757 sian-part-0758 sian-part-0759 sian-part-0760 sian-part-0763 sian-part-0764 sian-part-0765 sian-part-0766 sian-part-0767 sian-part-0768 sian-part-0769 sian-part-0770 sian-part-2403 sian-part-2404 sian-part-0771 sian-part-0772 sian-part-0775 sian-part-0776 sian-part-0773 sian-part-0774 sian-part-0761 sian-part-0762 sian-part-0777 sian-part-0778 sian-part-0779 sian-part-0781 sian-part-0783 sian-part-0785 sian-part-0787 sian-part-0780 sian-part-0782 sian-part-0784 sian-part-0786 sian-part-0789 sian-part-0790 sian-part-0800 sian-part-0801 sian-part-0788 sian-part-0792 sian-part-0796 sian-part-0797 sian-part-0791 sian-part-0793 sian-part-0794 sian-part-0795 sian-part-0798 sian-part-0799 sian-part-0802 sian-part-0803 sian-part-0804 sian-part-0805 sian-part-0806 sian-part-0807 sian-part-0814 sian-part-0815 sian-part-0816 sian-part-0817 sian-part-0810 sian-part-0811 sian-part-0818 sian-part-0819 sian-part-0820 sian-part-0821 sian-part-0808 sian-part-0809 sian-part-0812 sian-part-0813 sian-part-0822 sian-part-0827 sian-part-0828 sian-part-0829 sian-part-0842 sian-part-0843 sian-part-0823 sian-part-0825 sian-part-0824 sian-part-0826 sian-part-0830 sian-part-0832 sian-part-0833 sian-part-0835 sian-part-0831 sian-part-0834 sian-part-0840 sian-part-0841 sian-part-0848 sian-part-0836 sian-part-0837 sian-part-0838 sian-part-0839 sian-part-0844 sian-part-0845 sian-part-0846 sian-part-0847 sian-part-0849 sian-part-0850 sian-part-0851 sian-part-0860 sian-part-0861 sian-part-0870 sian-part-0852 sian-part-0853 sian-part-0862 sian-part-0863 sian-part-0873 sian-part-0874 sian-part-0856 sian-part-0857 sian-part-0866 sian-part-0867 sian-part-0855 sian-part-0865 sian-part-0854 sian-part-0859 sian-part-0864 sian-part-0869 sian-part-0858 sian-part-0868 sian-part-0871 sian-part-0872 sian-part-0881 sian-part-0878 sian-part-0879 sian-part-0880 sian-part-0877 sian-part-0876 sian-part-0875 sian-part-0882 sian-part-0889 sian-part-0886 sian-part-0887 sian-part-0888 sian-part-0885 sian-part-0884 sian-part-0883 sian-part-0890 sian-part-0893 sian-part-0894 sian-part-0897 sian-part-0898 sian-part-0891 sian-part-0892 sian-part-0895 sian-part-0896 sian-part-0899 sian-part-0900 sian-part-0902 sian-part-0903 sian-part-0906 sian-part-0907 sian-part-0901 sian-part-0905 sian-part-0904 sian-part-0908 sian-part-0909 sian-part-0910 sian-part-0911 sian-part-0912 sian-part-0915 sian-part-0916 sian-part-0913 sian-part-0914 sian-part-0918 sian-part-0917 sian-part-0919 sian-part-0920 sian-part-0921 sian-part-0922 sian-part-0923 sian-part-0924 sian-part-0925 sian-part-0926 sian-part-0927 sian-part-0928 sian-part-0929 sian-part-0930 sian-part-0931 sian-part-0932 sian-part-0933 sian-part-0934 sian-part-0936 sian-part-0937 sian-part-0943 sian-part-0944 sian-part-0935 sian-part-0940 sian-part-0941 sian-part-0938 sian-part-0939 sian-part-0946 sian-part-0947 sian-part-0945 sian-part-0942 sian-part-0948 sian-part-0949 sian-part-0950 sian-part-0951 sian-part-0952 sian-part-0953 sian-part-0954 sian-part-0957 sian-part-0960 sian-part-0956 sian-part-0959 sian-part-0955 sian-part-0958 sian-part-0964 sian-part-0961 sian-part-0963 sian-part-0965 sian-part-0962 sian-part-0966 sian-part-0968 sian-part-0967 sian-part-0971 sian-part-0972 sian-part-0969 sian-part-0973 sian-part-0974 sian-part-0970 sian-part-0978 sian-part-0979 sian-part-0976 sian-part-0977 sian-part-0975 sian-part-0980"
"252","sian-252","6392465","178","0","0","","","Push the front drivetrain axle through","sian-part-0747 sian-part-0748 sian-part-0746 sian-part-0750 sian-part-0751 sian-part-0749 sian-part-0752 sian-part-0753 sian-part-0754 sian-part-0755 sian-part-0756 sian-part-0757 sian-part-0758 sian-part-0759 sian-part-0760 sian-part-0763 sian-part-0764 sian-part-0765 sian-part-0766 sian-part-0767 sian-part-0768 sian-part-0769 sian-part-0770 sian-part-2403 sian-part-2404 sian-part-0771 sian-part-0772 sian-part-0775 sian-part-0776 sian-part-0773 sian-part-0774 sian-part-0761 sian-part-0762 sian-part-0777 sian-part-0778 sian-part-0779 sian-part-0781 sian-part-0783 sian-part-0785 sian-part-0787 sian-part-0780 sian-part-0782 sian-part-0784 sian-part-0786 sian-part-0789 sian-part-0790 sian-part-0800 sian-part-0801 sian-part-0788 sian-part-0792 sian-part-0796 sian-part-0797 sian-part-0791 sian-part-0793 sian-part-0794 sian-part-0795 sian-part-0798 sian-part-0799 sian-part-0802 sian-part-0803 sian-part-0804 sian-part-0805 sian-part-0806 sian-part-0807 sian-part-0814 sian-part-0815 sian-part-0816 sian-part-0817 sian-part-0810 sian-part-0811 sian-part-0818 sian-part-0819 sian-part-0820 sian-part-0821 sian-part-0808 sian-part-0809 sian-part-0812 sian-part-0813 sian-part-0822 sian-part-0827 sian-part-0828 sian-part-0829 sian-part-0842 sian-part-0843 sian-part-0823 sian-part-0825 sian-part-0824 sian-part-0826 sian-part-0830 sian-part-0832 sian-part-0833 sian-part-0835 sian-part-0831 sian-part-0834 sian-part-0840 sian-part-0841 sian-part-0848 sian-part-0836 sian-part-0837 sian-part-0838 sian-part-0839 sian-part-0844 sian-part-0845 sian-part-0846 sian-part-0847 sian-part-0849 sian-part-0850 sian-part-0851 sian-part-0860 sian-part-0861 sian-part-0870 sian-part-0852 sian-part-0853 sian-part-0862 sian-part-0863 sian-part-0873 sian-part-0874 sian-part-0856 sian-part-0857 sian-part-0866 sian-part-0867 sian-part-0855 sian-part-0865 sian-part-0854 sian-part-0859 sian-part-0864 sian-part-0869 sian-part-0858 sian-part-0868 sian-part-0871 sian-part-0872 sian-part-0881 sian-part-0878 sian-part-0879 sian-part-0880 sian-part-0877 sian-part-0876 sian-part-0875 sian-part-0882 sian-part-0889 sian-part-0886 sian-part-0887 sian-part-0888 sian-part-0885 sian-part-0884 sian-part-0883 sian-part-0890 sian-part-0893 sian-part-0894 sian-part-0897 sian-part-0898 sian-part-0891 sian-part-0892 sian-part-0895 sian-part-0896 sian-part-0899 sian-part-0900 sian-part-0902 sian-part-0903 sian-part-0906 sian-part-0907 sian-part-0901 sian-part-0905 sian-part-0904 sian-part-0908 sian-part-0909 sian-part-0910 sian-part-0911 sian-part-0912 sian-part-0915 sian-part-0916 sian-part-0913 sian-part-0914 sian-part-0918 sian-part-0917 sian-part-0919 sian-part-0920 sian-part-0921 sian-part-0922 sian-part-0923 sian-part-0924 sian-part-0925 sian-part-0926 sian-part-0927 sian-part-0928 sian-part-0929 sian-part-0930 sian-part-0931 sian-part-0932 sian-part-0933 sian-part-0934 sian-part-0936 sian-part-0937 sian-part-0943 sian-part-0944 sian-part-0935 sian-part-0940 sian-part-0941 sian-part-0938 sian-part-0939 sian-part-0946 sian-part-0947 sian-part-0945 sian-part-0942 sian-part-0948 sian-part-0949 sian-part-0950 sian-part-0951 sian-part-0952 sian-part-0953 sian-part-0954 sian-part-0957 sian-part-0960 sian-part-0956 sian-part-0959 sian-part-0955 sian-part-0958 sian-part-0964 sian-part-0961 sian-part-0963 sian-part-0965 sian-part-0962 sian-part-0966 sian-part-0968 sian-part-0967 sian-part-0971 sian-part-0972 sian-part-0969 sian-part-0973 sian-part-0974 sian-part-0970 sian-part-0978 sian-part-0979 sian-part-0976 sian-part-0977 sian-part-0975 sian-part-0980"
"253","sian-253","6392465","179","4","4","6029578:1 6279875:3","sian-part-0981 sian-part-0982 sian-part-0983 sian-part-0984","",""
"254","sian-254","6392465","180","4","4","6299413:3 6271826:1","sian-part-0986 sian-part-0987 sian-part-0988 sian-part-0990","",""
"255","sian-255","6392465","180","2","2","4142822:1 4211815:1","sian-part-0998 sian-part-0992","",""
"256","sian-256","6392465","180","3","3","4495935:1 6299413:2","sian-part-0985 sian-part-0989 sian-part-0994","",""
"257","sian-257","6392465","180","6","6","6299413:3 4142822:1 4211815:1 6271826:1","sian-part-0995 sian-part-0996 sian-part-0997 sian-part-0999 sian-part-0993 sian-part-0991","",""
"258","sian-258","6392465","181","2","2","6271826:2","sian-part-1000 sian-part-1001","",""
"259","sian-259","6392465","181","2","2","6254216:2","sian-part-1002 sian-part-1003","",""
"260","sian-260","6392465","181","3","3","4562009:1 6244698:2","sian-part-1004 sian-part-1005 sian-part-1006","",""
"261","sian-261","6392465","182","0","0","","","Attach the front frame module","sian-part-0986 sian-part-0987 sian-part-0988 sian-part-0990 sian-part-0998 sian-part-0992 sian-part-0985 sian-part-0989 sian-part-0994 sian-part-0995 sian-part-0996 sian-part-0997 sian-part-0999 sian-part-0993 sian-part-0991 sian-part-1000 sian-part-1001 sian-part-1002 sian-part-1003 sian-part-1004 sian-part-1005 sian-part-1006"
"262","sian-262","6392465","183","1","1","4495935:1","sian-part-1007","",""
"263","sian-263","6392465","184","5","5","6279875:1 4142823:1 4206482:1 6299413:1 6273712:1","sian-part-1008 sian-part-1010 sian-part-1012 sian-part-1009 sian-part-1011","",""
"264","sian-264","6392465","185","2","2","6129995:1 6284189:1","sian-part-1015 sian-part-1016","",""
"265","sian-265","6392465","185","2","2","6055519:1 6284189:1","sian-part-1013 sian-part-1017","",""
"266","sian-266","6392465","185","2","2","4519010:1 6129995:1","sian-part-1018 sian-part-1019","",""
"267","sian-267","6392465","185","2","2","4142865:1 4519010:1","sian-part-1021 sian-part-1020","",""
"268","sian-268","6392465","185","1","1","6055519:1","sian-part-1014","",""
"269","sian-269","6392465","186","0","0","","","Attach the steering linkage","sian-part-1015 sian-part-1016 sian-part-1013 sian-part-1017 sian-part-1018 sian-part-1019 sian-part-1021 sian-part-1020 sian-part-1014"
"270","sian-270","6392465","187","8","8","6209519:1 6273211:2 6279875:1 4206482:3 4211651:1","sian-part-1027 sian-part-1024 sian-part-1025 sian-part-1029 sian-part-1022 sian-part-1023 sian-part-1026 sian-part-1028","",""
"271","sian-271","6392465","188","4","4","4142823:2 6299413:2","sian-part-1030 sian-part-1031 sian-part-1032 sian-part-1033","",""
"272","sian-272","6392465","189 190","6","6","4495935:1 6029578:1 6299413:2 6326619:2","sian-part-1038 sian-part-1034 sian-part-1037 sian-part-1039 sian-part-1035 sian-part-1036","",""
"273","sian-273","6392465","191","2","2","4107800:1 4211375:1","sian-part-1041 sian-part-1042","",""
"274","sian-274","6392465","192","5","5","6254216:1 4206482:1 6089119:1 6135494:1 6276969:1","sian-part-1046 sian-part-1043 sian-part-1044 sian-part-1040 sian-part-1045","",""
"275","sian-275","6392465","193","6","6","4544140:1 6299413:4 4211651:1","sian-part-1052 sian-part-1047 sian-part-1048 sian-part-1049 sian-part-1050 sian-part-1051","",""
"276","sian-276","6392465","194 195","10","10","6282140:1 6279875:3 6321745:1 6299413:1 6135494:1 4542576:1 6308236:2","sian-part-1058 sian-part-1054 sian-part-1056 sian-part-1057 sian-part-1059 sian-part-1053 sian-part-1061 sian-part-1055 sian-part-1060 sian-part-1062","",""
"277","sian-277","6392465","196","2","2","6299413:1 6302741:1","sian-part-1063 sian-part-1064","",""
"278","sian-278","6392465","197","2","2","6299413:1 4552347:1","sian-part-1065 sian-part-1066","",""
"279","sian-279","6392465","198","2","2","6299413:1 6302741:1","sian-part-1067 sian-part-1068","",""
"280","sian-280","6392465","199","2","2","4211375:1 6313493:1","sian-part-1070 sian-part-1069","",""
"281","sian-281","6392465","200","9","9","6308236:2 4542576:1 6279875:4 6321745:1 6282140:1","sian-part-1071 sian-part-1075 sian-part-1074 sian-part-1072 sian-part-1073 sian-part-1076 sian-part-1079 sian-part-1078 sian-part-1077","",""
"282","sian-282","6392465","201","2","2","6279875:2","sian-part-1080 sian-part-1081","",""
"283","sian-283","6392465","202","2","2","4142865:1 6273712:1","sian-part-1087 sian-part-1086","",""
"284","sian-284","6392465","202","2","2","4164133:2","sian-part-1088 sian-part-1089","",""
"285","sian-285","6392465","202","2","2","6129995:1 6275844:1","sian-part-1090 sian-part-1091","",""
"286","sian-286","6392465","202","2","2","4107800:1 6151349:1","sian-part-1092 sian-part-1094","",""
"287","sian-287","6392465","202","4","4","4142865:2 6151349:2","sian-part-1093 sian-part-1096 sian-part-1095 sian-part-1097","",""
"288","sian-288","6392465","202","4","4","4211651:1 6299413:1 6279875:2","sian-part-1082 sian-part-1085 sian-part-1083 sian-part-1084","",""
"289","sian-289","6392465","203","0","0","","","Attach the first exhaust manifold","sian-part-1080 sian-part-1081 sian-part-1087 sian-part-1086 sian-part-1088 sian-part-1089 sian-part-1090 sian-part-1091 sian-part-1092 sian-part-1094 sian-part-1093 sian-part-1096 sian-part-1095 sian-part-1097 sian-part-1082 sian-part-1085 sian-part-1083 sian-part-1084"
"290","sian-290","6392465","204","3","3","6279875:1 4206482:1 6116017:1","sian-part-1098 sian-part-1100 sian-part-1111","",""
"291","sian-291","6392465","204","2","2","6209519:1 6151349:1","sian-part-1106 sian-part-1101","",""
"292","sian-292","6392465","204","2","2","6123815:1 6173127:1","sian-part-1102 sian-part-1099","",""
"293","sian-293","6392465","204","2","2","6299413:1 6151349:1","sian-part-1103 sian-part-1108","",""
"294","sian-294","6392465","204","2","2","6123815:1 6173127:1","sian-part-1107 sian-part-1104","",""
"295","sian-295","6392465","204","4","4","6279875:1 4206482:1 6173127:1 6151349:1","sian-part-1112 sian-part-1110 sian-part-1105 sian-part-1109","",""
"296","sian-296","6392465","205","0","0","","","Attach the first outer exhaust pipe","sian-part-1098 sian-part-1100 sian-part-1111 sian-part-1106 sian-part-1101 sian-part-1102 sian-part-1099 sian-part-1103 sian-part-1108 sian-part-1107 sian-part-1104 sian-part-1112 sian-part-1110 sian-part-1105 sian-part-1109"
"297","sian-297","6392465","206","5","5","6321745:2 6265643:1 6279875:2","sian-part-1116 sian-part-1117 sian-part-1113 sian-part-1114 sian-part-1115","",""
"298","sian-298","6392465","206","4","4","4143005:1 4206482:1 6279875:1 6271830:1","sian-part-1121 sian-part-1120 sian-part-1118 sian-part-1119","",""
"299","sian-299","6392465","207","1","1","6271152:1","sian-part-1122","",""
"300","sian-300","6392465","207","5","5","6279875:2 6279881:1 6308247:1 6209519:1","sian-part-1125 sian-part-1126 sian-part-1123 sian-part-1127 sian-part-1124","",""
"301","sian-301","6392465","208","0","0","","","Attach the first engine side frame","sian-part-1116 sian-part-1117 sian-part-1113 sian-part-1114 sian-part-1115 sian-part-1121 sian-part-1120 sian-part-1118 sian-part-1119 sian-part-1122 sian-part-1125 sian-part-1126 sian-part-1123 sian-part-1127 sian-part-1124"
"302","sian-302","6392465","209","3","3","4140806:2 6299413:1","sian-part-1129 sian-part-2546 sian-part-1128","",""
"303","sian-303","6392465","210","2","2","4142865:1 6273712:1","sian-part-1135 sian-part-1134","",""
"304","sian-304","6392465","210","2","2","4164133:2","sian-part-1136 sian-part-1137","",""
"305","sian-305","6392465","210","2","2","6129995:1 6275844:1","sian-part-1138 sian-part-1139","",""
"306","sian-306","6392465","210","2","2","4107800:1 6151349:1","sian-part-1140 sian-part-1142","",""
"307","sian-307","6392465","210","4","4","4142865:2 6151349:2","sian-part-1141 sian-part-1144 sian-part-1143 sian-part-1145","",""
"308","sian-308","6392465","210","4","4","4211651:1 6299413:1 6279875:2","sian-part-1130 sian-part-1133 sian-part-1131 sian-part-1132","",""
"309","sian-309","6392465","211","0","0","","","Attach the second exhaust manifold","sian-part-1135 sian-part-1134 sian-part-1136 sian-part-1137 sian-part-1138 sian-part-1139 sian-part-1140 sian-part-1142 sian-part-1141 sian-part-1144 sian-part-1143 sian-part-1145 sian-part-1130 sian-part-1133 sian-part-1131 sian-part-1132"
"310","sian-310","6392465","212","3","3","6279875:1 4206482:1 6116017:1","sian-part-1146 sian-part-1148 sian-part-1159","",""
"311","sian-311","6392465","212","2","2","6209519:1 6151349:1","sian-part-1154 sian-part-1149","",""
"312","sian-312","6392465","212","2","2","6123815:1 6173127:1","sian-part-1150 sian-part-1147","",""
"313","sian-313","6392465","212","2","2","6299413:1 6151349:1","sian-part-1151 sian-part-1156","",""
"314","sian-314","6392465","213","2","2","6123815:1 6173127:1","sian-part-1155 sian-part-1152","",""
"315","sian-315","6392465","213","2","2","4206482:1 6151349:1","sian-part-1158 sian-part-1157","",""
"316","sian-316","6392465","213","2","2","6279875:1 6173127:1","sian-part-1160 sian-part-1153","",""
"317","sian-317","6392465","214","0","0","","","Attach the second outer exhaust pipe","sian-part-1146 sian-part-1148 sian-part-1159 sian-part-1154 sian-part-1149 sian-part-1150 sian-part-1147 sian-part-1151 sian-part-1156 sian-part-1155 sian-part-1152 sian-part-1158 sian-part-1157 sian-part-1160 sian-part-1153"
"318","sian-318","6392465","215","5","5","6279875:2 6265643:1 6321745:2","sian-part-1162 sian-part-1163 sian-part-1161 sian-part-1164 sian-part-1165","",""
"319","sian-319","6392465","215","1","1","6271152:1","sian-part-1170","",""
"320","sian-320","6392465","216","5","5","6279875:2 6279881:1 6308247:1 6209519:1","sian-part-1166 sian-part-1173 sian-part-1171 sian-part-1175 sian-part-1172","",""
"321","sian-321","6392465","216","4","4","4143005:1 4206482:1 6279875:1 6271830:1","sian-part-1169 sian-part-1168 sian-part-1174 sian-part-1167","",""
"322","sian-322","6392465","217","0","0","","","Attach the second engine side frame","sian-part-1162 sian-part-1163 sian-part-1161 sian-part-1164 sian-part-1165 sian-part-1170 sian-part-1166 sian-part-1173 sian-part-1171 sian-part-1175 sian-part-1172 sian-part-1169 sian-part-1168 sian-part-1174 sian-part-1167"
"323","sian-323","6392465","218","3","3","4140806:2 6299413:1","sian-part-1176 sian-part-2547 sian-part-1177","",""
"324","sian-324","6392465","219","3","3","4662161:1 302226:2","sian-part-1178 sian-part-1179 sian-part-1180","",""
"325","sian-325","6392465","219","5","5","379526:1 6114987:4","sian-part-1185 sian-part-1181 sian-part-1182 sian-part-1183 sian-part-1184","",""
"326","sian-326","6392465","219","2","2","6302571:1 370026:1","sian-part-1201 sian-part-1186","",""
"327","sian-327","6392465","219","10","10","6302572:10","sian-part-1191 sian-part-1192 sian-part-1193 sian-part-1194 sian-part-1195 sian-part-1196 sian-part-1197 sian-part-1198 sian-part-1199 sian-part-1200","",""
"328","sian-328","6392465","219","4","4","6279875:4","sian-part-1187 sian-part-1188 sian-part-1189 sian-part-1190","",""
"329","sian-329","6392465","220","8","8","6031916:2 6302574:2 4143005:4","sian-part-1202 sian-part-1203 sian-part-1228 sian-part-1229 sian-part-1204 sian-part-1205 sian-part-1206 sian-part-1207","",""
"330","sian-330","6392465","220","20","20","6279875:4 4206482:8 4211758:4 6276969:4","sian-part-1211 sian-part-1216 sian-part-1221 sian-part-1226 sian-part-1208 sian-part-1209 sian-part-1213 sian-part-1214 sian-part-1218 sian-part-1219 sian-part-1223 sian-part-1224 sian-part-1212 sian-part-1217 sian-part-1222 sian-part-1227 sian-part-1210 sian-part-1215 sian-part-1220 sian-part-1225","",""
"331","sian-331","6392465","221","0","0","","","Attach the engine cover","sian-part-1178 sian-part-1179 sian-part-1180 sian-part-1185 sian-part-1181 sian-part-1182 sian-part-1183 sian-part-1184 sian-part-1201 sian-part-1186 sian-part-1191 sian-part-1192 sian-part-1193 sian-part-1194 sian-part-1195 sian-part-1196 sian-part-1197 sian-part-1198 sian-part-1199 sian-part-1200 sian-part-1187 sian-part-1188 sian-part-1189 sian-part-1190 sian-part-1202 sian-part-1203 sian-part-1228 sian-part-1229 sian-part-1204 sian-part-1205 sian-part-1206 sian-part-1207 sian-part-1211 sian-part-1216 sian-part-1221 sian-part-1226 sian-part-1208 sian-part-1209 sian-part-1213 sian-part-1214 sian-part-1218 sian-part-1219 sian-part-1223 sian-part-1224 sian-part-1212 sian-part-1217 sian-part-1222 sian-part-1227 sian-part-1210 sian-part-1215 sian-part-1220 sian-part-1225"
"332","sian-332","6392465","222","3","3","6279875:2 4142822:1","sian-part-1230 sian-part-1231 sian-part-1232","",""
"333","sian-333","6392465","223","4","4","4140806:2 4142865:2","sian-part-1233 sian-part-1236 sian-part-1234 sian-part-1235","",""
"334","sian-334","6392465","224","4","4","4211815:2 4512363:2","sian-part-1239 sian-part-1240 sian-part-1237 sian-part-1238","",""
"335","sian-335","6392465","225","2","2","6321745:1 4142822:1","sian-part-1242 sian-part-1241","",""
"336","sian-336","6392465","226","3","3","4211807:1 6030286:2","sian-part-1243 sian-part-1244 sian-part-1245","",""
"337","sian-337","6392465","227","2","2","6308230:2","sian-part-1246 sian-part-1247","",""
"338","sian-338","6392465","228","3","3","6308230:1 6299413:2","sian-part-1250 sian-part-1248 sian-part-1249","",""
"339","sian-339","6392465","229","2","2","4512363:1 6129995:1","sian-part-1258 sian-part-1255","",""
"340","sian-340","6392465","229","1","1","6275844:1","sian-part-1257","",""
"341","sian-341","6392465","229","1","1","6308233:1","sian-part-1254","",""
"342","sian-342","6392465","229","2","2","4142865:1 6321309:1","sian-part-1253 sian-part-1252","",""
"343","sian-343","6392465","229","2","2","370626:1 6321309:1","sian-part-1251 sian-part-1256","",""
"344","sian-344","6392465","230","0","0","","","Attach the steering column","sian-part-1258 sian-part-1255 sian-part-1257 sian-part-1254 sian-part-1253 sian-part-1252 sian-part-1251 sian-part-1256"
"345","sian-345","6392465","231","1","1","4640536:1","sian-part-1259","",""
"346","sian-346","6392465","232","2","2","4211815:1 6167281:1","sian-part-1261 sian-part-1260","",""
"347","sian-347","6392465","233","5","5","4143005:4 6279881:1","sian-part-1263 sian-part-1264 sian-part-1265 sian-part-1266 sian-part-1262","",""
"348","sian-348","6392465","233","2","2","4211445:1 4558169:1","sian-part-1267 sian-part-1268","",""
"349","sian-349","6392465","233","2","2","4211356:1 6028813:1","sian-part-1269 sian-part-1270","",""
"350","sian-350","6392465","233","3","3","4211815:2 6299413:1","sian-part-1271 sian-part-1272 sian-part-1273","",""
"351","sian-351","6392465","233","1","1","6265091:1","sian-part-1274","",""
"352","sian-352","6392465","234","0","0","","","Attach the first dashboard bracket","sian-part-1263 sian-part-1264 sian-part-1265 sian-part-1266 sian-part-1262 sian-part-1267 sian-part-1268 sian-part-1269 sian-part-1270 sian-part-1271 sian-part-1272 sian-part-1273 sian-part-1274"
"353","sian-353","6392465","235","9","9","4143005:4 6028813:1 4211445:1 4558169:1 4211356:1 6279881:1","sian-part-1276 sian-part-1277 sian-part-1278 sian-part-1279 sian-part-1283 sian-part-1280 sian-part-1281 sian-part-1282 sian-part-1275","",""
"354","sian-354","6392465","236","2","2","6279875:1 6271152:1","sian-part-1285 sian-part-1284","",""
"355","sian-355","6392465","237","2","2","6170574:2","sian-part-1286 sian-part-1287","",""
"356","sian-356","6392465","238","4","4","4206482:2 4112287:2","sian-part-1289 sian-part-1290 sian-part-1293 sian-part-1294","",""
"357","sian-357","6392465","238","2","2","4206482:1 6326619:1","sian-part-1291 sian-part-1299","",""
"358","sian-358","6392465","239","1","1","4540797:1","sian-part-1288","",""
"359","sian-359","6392465","239","6","6","4206482:3 6326619:1 4112287:2","sian-part-1292 sian-part-1297 sian-part-1298 sian-part-1300 sian-part-1295 sian-part-1296","",""
"360","sian-360","6392465","240","3","3","6282140:1 6299413:2","sian-part-1301 sian-part-1302 sian-part-1303","",""
"361","sian-361","6392465","240","6","6","370626:2 6130008:2 6276969:2","sian-part-1308 sian-part-1309 sian-part-1306 sian-part-1307 sian-part-1304 sian-part-1305","",""
"362","sian-362","6392465","241","5","5","6265091:1 6321745:1 4206482:1 4211815:1 6271826:1","sian-part-1314 sian-part-1311 sian-part-1312 sian-part-1313 sian-part-1310","",""
"363","sian-363","6392465","241","5","5","6265091:1 6321745:1 4206482:1 4211815:1 6271826:1","sian-part-1319 sian-part-1316 sian-part-1317 sian-part-1318 sian-part-1315","",""
"364","sian-364","6392465","242","4","4","4211566:4","sian-part-1320 sian-part-1321 sian-part-1322 sian-part-1323","",""
"365","sian-365","6392465","242","4","4","6299413:2 6308233:2","sian-part-1324 sian-part-1325 sian-part-1326 sian-part-1327","",""
"366","sian-366","6392465","243","9","9","4211651:2 4566243:1 6279875:4 4206482:2","sian-part-1335 sian-part-1336 sian-part-1328 sian-part-1331 sian-part-1332 sian-part-1333 sian-part-1334 sian-part-1329 sian-part-1330","",""
"367","sian-367","6392465","244","0","0","","","Attach the front linkage module","sian-part-1289 sian-part-1290 sian-part-1293 sian-part-1294 sian-part-1291 sian-part-1299 sian-part-1288 sian-part-1292 sian-part-1297 sian-part-1298 sian-part-1300 sian-part-1295 sian-part-1296 sian-part-1301 sian-part-1302 sian-part-1303 sian-part-1308 sian-part-1309 sian-part-1306 sian-part-1307 sian-part-1304 sian-part-1305 sian-part-1314 sian-part-1311 sian-part-1312 sian-part-1313 sian-part-1310 sian-part-1319 sian-part-1316 sian-part-1317 sian-part-1318 sian-part-1315 sian-part-1320 sian-part-1321 sian-part-1322 sian-part-1323 sian-part-1324 sian-part-1325 sian-part-1326 sian-part-1327 sian-part-1335 sian-part-1336 sian-part-1328 sian-part-1331 sian-part-1332 sian-part-1333 sian-part-1334 sian-part-1329 sian-part-1330"
"368","sian-368","6392465","245","4","4","6299413:2 6273712:2","sian-part-1341 sian-part-1342 sian-part-1339 sian-part-1340","",""
"369","sian-369","6392465","246","1","1","6321745:1","sian-part-1343","",""
"370","sian-370","6392465","247","4","4","6279875:1 6080356:1 6299413:2","sian-part-1345 sian-part-1344 sian-part-1346 sian-part-1347","",""
"371","sian-371","6392465","247","2","2","6029578:2","sian-part-1348 sian-part-1349","",""
"372","sian-372","6392465","247","1","1","6080356:1","sian-part-1350","",""
"373","sian-373","6392465","248","6","6","6279875:2 6299413:4","sian-part-1351 sian-part-1352 sian-part-1353 sian-part-1354 sian-part-1355 sian-part-1356","",""
"374","sian-374","6392465","248","3","3","6031916:1 4495935:2","sian-part-1359 sian-part-1357 sian-part-1358","",""
"375","sian-375","6392465","249","0","0","","","Attach the front compartment panels","sian-part-1345 sian-part-1344 sian-part-1346 sian-part-1347 sian-part-1348 sian-part-1349 sian-part-1350 sian-part-1351 sian-part-1352 sian-part-1353 sian-part-1354 sian-part-1355 sian-part-1356 sian-part-1359 sian-part-1357 sian-part-1358"
"376","sian-376","6392465","250","2","2","6299413:1 6265091:1","sian-part-1360 sian-part-1361","",""
"377","sian-377","6392465","251","7","7","6209519:1 6279875:1 6089119:2 6194079:1 6271152:1 6299413:1","sian-part-1367 sian-part-1337 sian-part-1363 sian-part-1364 sian-part-1366 sian-part-1362 sian-part-1368","",""
"378","sian-378","6392465","252","2","2","6265091:1 6299413:1","sian-part-1370 sian-part-1369","",""
"379","sian-379","6392465","253","7","7","6299413:1 6209519:1 6194079:1 6089119:2 6271152:1 6279875:1","sian-part-1377 sian-part-1376 sian-part-1375 sian-part-1372 sian-part-1373 sian-part-1371 sian-part-1338","",""
"380","sian-380","6392465","254","4","4","6321745:2 6276969:2","sian-part-1380 sian-part-1381 sian-part-1378 sian-part-1379","",""
"381","sian-381","6392465","255 256","10","10","6299413:4 4542573:2 6209519:2 4254606:2","sian-part-1383 sian-part-1384 sian-part-1388 sian-part-1389 sian-part-1382 sian-part-1387 sian-part-1385 sian-part-1390 sian-part-1386 sian-part-1391","",""
"382","sian-382","6392465","257","6","6","4542573:2 6299413:4","sian-part-1392 sian-part-1393 sian-part-1394 sian-part-1395 sian-part-1396 sian-part-1397","",""
"383","sian-383","6392465","261","8","8","6299413:6 4645732:2","sian-part-1399 sian-part-1400 sian-part-1401 sian-part-1403 sian-part-1404 sian-part-1405 sian-part-1398 sian-part-1402","",""
"384","sian-384","6392465","262","4","4","6129995:2 6261371:2","sian-part-1406 sian-part-1408 sian-part-1407 sian-part-1409","",""
"385","sian-385","6392465","263","4","4","4206482:4","sian-part-1410 sian-part-1411 sian-part-1412 sian-part-1413","",""
"386","sian-386","6392465","264","12","12","6279875:6 4206482:2 6307436:2 6271830:2","sian-part-1365 sian-part-1374 sian-part-1414 sian-part-1415 sian-part-1417 sian-part-1421 sian-part-1418 sian-part-1425 sian-part-1419 sian-part-1426 sian-part-1416 sian-part-1423","",""
"387","sian-387","6392465","265","4","4","6209519:2 4661486:2","sian-part-1428 sian-part-1429 sian-part-1420 sian-part-1427","",""
"388","sian-388","6392465","266","6","6","4206482:1 4516546:1 6129995:1 6313520:1 4112287:2","sian-part-1430 sian-part-1431 sian-part-1432 sian-part-1435 sian-part-1433 sian-part-1434","",""
"389","sian-389","6392465","267 268","9","9","4206482:2 4645732:1 6212053:2 4563045:2 4666579:2","sian-part-1438 sian-part-1441 sian-part-1440 sian-part-1436 sian-part-1444 sian-part-1437 sian-part-1443 sian-part-1439 sian-part-1442","",""
"390","sian-390","6392465","269","2","2","6209519:1 6271830:1","sian-part-1446 sian-part-1445","",""
"391","sian-391","6392465","270","2","2","6209519:1 6261371:1","sian-part-1448 sian-part-1450","",""
"392","sian-392","6392465","270","2","2","6279875:1 6271152:1","sian-part-1422 sian-part-1447","",""
"393","sian-393","6392465","270","2","2","4114634:2","sian-part-1451 sian-part-1452","",""
"394","sian-394","6392465","270","3","3","6129995:1 6261371:2","sian-part-1453 sian-part-1454 sian-part-1455","",""
"395","sian-395","6392465","271","4","4","6279875:2 6299413:1 6209519:1","sian-part-1424 sian-part-1449 sian-part-1459 sian-part-1456","",""
"396","sian-396","6392465","271","1","1","4603472:1","sian-part-1460","",""
"397","sian-397","6392465","271","3","3","4206482:1 6299413:1 4140806:1","sian-part-1463 sian-part-1462 sian-part-1461","",""
"398","sian-398","6392465","272","3","3","6167281:1 6261371:2","sian-part-1466 sian-part-1464 sian-part-1465","",""
"399","sian-399","6392465","272","2","2","6279875:1 4495931:1","sian-part-1457 sian-part-1467","",""
"400","sian-400","6392465","273","3","3","6279875:1 6271155:1 6130008:1","sian-part-1458 sian-part-1469 sian-part-1470","",""
"401","sian-401","6392465","273","2","2","4211805:1 6273715:1","sian-part-1472 sian-part-1473","",""
"402","sian-402","6392465","273","2","2","6307436:1 6170474:1","sian-part-1475 sian-part-1474","",""
"403","sian-403","6392465","274","4","4","4211815:1 4516546:2 6307436:1","sian-part-1477 sian-part-1478 sian-part-1479 sian-part-1476","",""
"404","sian-404","6392465","274","2","2","6265093:1 6307436:1","sian-part-1480 sian-part-1481","",""
"405","sian-405","6392465","274","4","4","6299413:3 4661486:1","sian-part-1483 sian-part-1484 sian-part-1485 sian-part-1482","",""
"406","sian-406","6392465","274","3","3","6271830:1 4211815:1 6170474:1","sian-part-1487 sian-part-1488 sian-part-1486","",""
"407","sian-407","6392465","275","5","5","6265093:1 4223767:2 4211815:1 6130008:1","sian-part-1493 sian-part-1490 sian-part-1491 sian-part-1489 sian-part-1492","",""
"408","sian-408","6392465","275","2","2","4223767:2","sian-part-1494 sian-part-1495","",""
"409","sian-409","6392465","275","1","1","4661486:1","sian-part-1496","",""
"410","sian-410","6392465","275","0","0","","","Join the first seat back section","sian-part-1483 sian-part-1484 sian-part-1485 sian-part-1482 sian-part-1487 sian-part-1488 sian-part-1486 sian-part-1493 sian-part-1490 sian-part-1491 sian-part-1489 sian-part-1492 sian-part-1494 sian-part-1495 sian-part-1496"
"411","sian-411","6392465","276","5","5","4206482:1 4211815:1 6307436:2 6302570:1","sian-part-1497 sian-part-1499 sian-part-1498 sian-part-1501 sian-part-1500","",""
"412","sian-412","6392465","276","3","3","6279875:1 4206482:1 6271155:1","sian-part-1468 sian-part-1502 sian-part-1504","",""
"413","sian-413","6392465","276","1","1","6273715:1","sian-part-1505","",""
"414","sian-414","6392465","277","4","4","6279875:4","sian-part-1471 sian-part-1503 sian-part-1506 sian-part-1507","",""
"415","sian-415","6392465","277","2","2","6197965:1 6197945:1","sian-part-1518 sian-part-1519","",""
"416","sian-416","6392465","277","5","5","6299413:1 6282144:2 6005331:1 6197945:1","sian-part-1511 sian-part-1512 sian-part-1513 sian-part-1510 sian-part-1589","",""
"417","sian-417","6392465","278","5","5","6299413:1 6282144:2 6005331:1 6197965:1","sian-part-1515 sian-part-1516 sian-part-1517 sian-part-1514 sian-part-1520","",""
"418","sian-418","6392465","278","0","0","","","Attach the first seat to its rail","sian-part-1458 sian-part-1469 sian-part-1470 sian-part-1472 sian-part-1473 sian-part-1475 sian-part-1474 sian-part-1477 sian-part-1478 sian-part-1479 sian-part-1476 sian-part-1480 sian-part-1481 sian-part-1483 sian-part-1484 sian-part-1485 sian-part-1482 sian-part-1487 sian-part-1488 sian-part-1486 sian-part-1493 sian-part-1490 sian-part-1491 sian-part-1489 sian-part-1492 sian-part-1494 sian-part-1495 sian-part-1496 sian-part-1497 sian-part-1499 sian-part-1498 sian-part-1501 sian-part-1500 sian-part-1468 sian-part-1502 sian-part-1504 sian-part-1505 sian-part-1471 sian-part-1503 sian-part-1506 sian-part-1507 sian-part-1518 sian-part-1519 sian-part-1511 sian-part-1512 sian-part-1513 sian-part-1510 sian-part-1589 sian-part-1515 sian-part-1516 sian-part-1517 sian-part-1514 sian-part-1520"
"419","sian-419","6392465","279","0","0","","","Attach the first seat assembly to the chassis","sian-part-1448 sian-part-1450 sian-part-1422 sian-part-1447 sian-part-1451 sian-part-1452 sian-part-1453 sian-part-1454 sian-part-1455 sian-part-1424 sian-part-1449 sian-part-1459 sian-part-1456 sian-part-1460 sian-part-1463 sian-part-1462 sian-part-1461 sian-part-1466 sian-part-1464 sian-part-1465 sian-part-1457 sian-part-1467 sian-part-1458 sian-part-1469 sian-part-1470 sian-part-1472 sian-part-1473 sian-part-1475 sian-part-1474 sian-part-1477 sian-part-1478 sian-part-1479 sian-part-1476 sian-part-1480 sian-part-1481 sian-part-1483 sian-part-1484 sian-part-1485 sian-part-1482 sian-part-1487 sian-part-1488 sian-part-1486 sian-part-1493 sian-part-1490 sian-part-1491 sian-part-1489 sian-part-1492 sian-part-1494 sian-part-1495 sian-part-1496 sian-part-1497 sian-part-1499 sian-part-1498 sian-part-1501 sian-part-1500 sian-part-1468 sian-part-1502 sian-part-1504 sian-part-1505 sian-part-1471 sian-part-1503 sian-part-1506 sian-part-1507 sian-part-1518 sian-part-1519 sian-part-1511 sian-part-1512 sian-part-1513 sian-part-1510 sian-part-1589 sian-part-1515 sian-part-1516 sian-part-1517 sian-part-1514 sian-part-1520"
"420","sian-420","6392465","280","2","2","6209519:1 6261371:1","sian-part-1523 sian-part-1525","",""
"421","sian-421","6392465","280","2","2","6279875:1 6271152:1","sian-part-1508 sian-part-1522","",""
"422","sian-422","6392465","280","2","2","4114634:2","sian-part-1526 sian-part-1527","",""
"423","sian-423","6392465","280","3","3","6129995:1 6261371:2","sian-part-1528 sian-part-1529 sian-part-1530","",""
"424","sian-424","6392465","281","3","3","6279875:2 6209519:1","sian-part-1509 sian-part-1524 sian-part-1531","",""
"425","sian-425","6392465","281","1","1","4603472:1","sian-part-1534","",""
"426","sian-426","6392465","281","3","3","4206482:1 6299413:1 4140806:1","sian-part-1537 sian-part-1536 sian-part-1535","",""
"427","sian-427","6392465","282","2","2","6279875:1 4495931:1","sian-part-1532 sian-part-1538","",""
"428","sian-428","6392465","282","3","3","6130008:1 6271155:1 6279875:1","sian-part-1541 sian-part-1540 sian-part-1533","",""
"429","sian-429","6392465","282","2","2","4211805:1 6273715:1","sian-part-1543 sian-part-1544","",""
"430","sian-430","6392465","283","1","1","6307436:1","sian-part-1546","",""
"431","sian-431","6392465","283","4","4","4211815:1 4516546:2 6307436:1","sian-part-1548 sian-part-1549 sian-part-1550 sian-part-1547","",""
"432","sian-432","6392465","283","2","2","6307436:1 6265093:1","sian-part-1552 sian-part-1551","",""
"433","sian-433","6392465","284","4","4","6299413:3 4661486:1","sian-part-1554 sian-part-1555 sian-part-1556 sian-part-1553","",""
"434","sian-434","6392465","284","3","3","6271830:1 4211815:1 6170474:1","sian-part-1558 sian-part-1559 sian-part-1557","",""
"435","sian-435","6392465","284","5","5","6265093:1 4223767:2 4211815:1 6130008:1","sian-part-1564 sian-part-1561 sian-part-1562 sian-part-1560 sian-part-1563","",""
"436","sian-436","6392465","284","2","2","4223767:2","sian-part-1565 sian-part-1566","",""
"437","sian-437","6392465","285","1","1","4661486:1","sian-part-1567","",""
"438","sian-438","6392465","285","0","0","","","Join the second seat back section","sian-part-1554 sian-part-1555 sian-part-1556 sian-part-1553 sian-part-1558 sian-part-1559 sian-part-1557 sian-part-1564 sian-part-1561 sian-part-1562 sian-part-1560 sian-part-1563 sian-part-1565 sian-part-1566 sian-part-1567"
"439","sian-439","6392465","285","5","5","4206482:1 4211815:1 6302570:1 6307436:2","sian-part-1568 sian-part-1570 sian-part-1571 sian-part-1569 sian-part-1572","",""
"440","sian-440","6392465","286","4","4","6279875:1 6170474:1 4206482:1 6271155:1","sian-part-1539 sian-part-1545 sian-part-1573 sian-part-1575","",""
"441","sian-441","6392465","286","1","1","6273715:1","sian-part-1576","",""
"442","sian-442","6392465","286","4","4","6279875:4","sian-part-1542 sian-part-1574 sian-part-1577 sian-part-1578","",""
"443","sian-443","6392465","286","2","2","6197965:1 6197945:1","sian-part-1521 sian-part-1591","",""
"444","sian-444","6392465","287","5","5","6299413:1 6005331:1 6282144:2 6197945:1","sian-part-1582 sian-part-1581 sian-part-1583 sian-part-1584 sian-part-1592","",""
"445","sian-445","6392465","287","5","5","6299413:1 6005331:1 6282144:2 6197965:1","sian-part-1586 sian-part-1585 sian-part-1587 sian-part-1588 sian-part-1590","",""
"446","sian-446","6392465","288","0","0","","","Attach the second seat to its rail","sian-part-1541 sian-part-1540 sian-part-1533 sian-part-1543 sian-part-1544 sian-part-1546 sian-part-1548 sian-part-1549 sian-part-1550 sian-part-1547 sian-part-1552 sian-part-1551 sian-part-1554 sian-part-1555 sian-part-1556 sian-part-1553 sian-part-1558 sian-part-1559 sian-part-1557 sian-part-1564 sian-part-1561 sian-part-1562 sian-part-1560 sian-part-1563 sian-part-1565 sian-part-1566 sian-part-1567 sian-part-1568 sian-part-1570 sian-part-1571 sian-part-1569 sian-part-1572 sian-part-1539 sian-part-1545 sian-part-1573 sian-part-1575 sian-part-1576 sian-part-1542 sian-part-1574 sian-part-1577 sian-part-1578 sian-part-1521 sian-part-1591 sian-part-1582 sian-part-1581 sian-part-1583 sian-part-1584 sian-part-1592 sian-part-1586 sian-part-1585 sian-part-1587 sian-part-1588 sian-part-1590"
"447","sian-447","6392465","288","0","0","","","Turn the second seat assembly","sian-part-1523 sian-part-1525 sian-part-1508 sian-part-1522 sian-part-1526 sian-part-1527 sian-part-1528 sian-part-1529 sian-part-1530 sian-part-1509 sian-part-1524 sian-part-1531 sian-part-1534 sian-part-1537 sian-part-1536 sian-part-1535 sian-part-1532 sian-part-1538 sian-part-1541 sian-part-1540 sian-part-1533 sian-part-1543 sian-part-1544 sian-part-1546 sian-part-1548 sian-part-1549 sian-part-1550 sian-part-1547 sian-part-1552 sian-part-1551 sian-part-1554 sian-part-1555 sian-part-1556 sian-part-1553 sian-part-1558 sian-part-1559 sian-part-1557 sian-part-1564 sian-part-1561 sian-part-1562 sian-part-1560 sian-part-1563 sian-part-1565 sian-part-1566 sian-part-1567 sian-part-1568 sian-part-1570 sian-part-1571 sian-part-1569 sian-part-1572 sian-part-1539 sian-part-1545 sian-part-1573 sian-part-1575 sian-part-1576 sian-part-1542 sian-part-1574 sian-part-1577 sian-part-1578 sian-part-1521 sian-part-1591 sian-part-1582 sian-part-1581 sian-part-1583 sian-part-1584 sian-part-1592 sian-part-1586 sian-part-1585 sian-part-1587 sian-part-1588 sian-part-1590"
"448","sian-448","6392465","289","0","0","","","Attach the second seat assembly to the chassis","sian-part-1523 sian-part-1525 sian-part-1508 sian-part-1522 sian-part-1526 sian-part-1527 sian-part-1528 sian-part-1529 sian-part-1530 sian-part-1509 sian-part-1524 sian-part-1531 sian-part-1534 sian-part-1537 sian-part-1536 sian-part-1535 sian-part-1532 sian-part-1538 sian-part-1541 sian-part-1540 sian-part-1533 sian-part-1543 sian-part-1544 sian-part-1546 sian-part-1548 sian-part-1549 sian-part-1550 sian-part-1547 sian-part-1552 sian-part-1551 sian-part-1554 sian-part-1555 sian-part-1556 sian-part-1553 sian-part-1558 sian-part-1559 sian-part-1557 sian-part-1564 sian-part-1561 sian-part-1562 sian-part-1560 sian-part-1563 sian-part-1565 sian-part-1566 sian-part-1567 sian-part-1568 sian-part-1570 sian-part-1571 sian-part-1569 sian-part-1572 sian-part-1539 sian-part-1545 sian-part-1573 sian-part-1575 sian-part-1576 sian-part-1542 sian-part-1574 sian-part-1577 sian-part-1578 sian-part-1521 sian-part-1591 sian-part-1582 sian-part-1581 sian-part-1583 sian-part-1584 sian-part-1592 sian-part-1586 sian-part-1585 sian-part-1587 sian-part-1588 sian-part-1590"
"449","sian-449","6392465","290","2","2","6271830:1 6209519:1","sian-part-1594 sian-part-1593","",""
"450","sian-450","6392465","291","2","2","6299413:2","sian-part-1595 sian-part-1596","",""
"451","sian-451","6392465","292","8","8","6307436:2 6209519:2 6089119:2 6271830:2","sian-part-1599 sian-part-1600 sian-part-1603 sian-part-1604 sian-part-1597 sian-part-1598 sian-part-1601 sian-part-1602","",""
"452","sian-452","6392465","293","3","3","4142823:1 6299413:2","sian-part-1605 sian-part-1606 sian-part-1607","",""
"453","sian-453","6392465","293","2","2","6080356:2","sian-part-1610 sian-part-1611","",""
"454","sian-454","6392465","294","4","4","4143005:1 6279875:2 6271830:1","sian-part-1612 sian-part-1579 sian-part-1580 sian-part-1615","",""
"455","sian-455","6392465","294","7","7","4223767:1 4206482:2 4211375:1 6083620:1 6030286:1 4112287:1","sian-part-1618 sian-part-1616 sian-part-1617 sian-part-1622 sian-part-1620 sian-part-1621 sian-part-1619","",""
"456","sian-456","6392465","295","2","2","6299413:2","sian-part-1608 sian-part-1609","",""
"457","sian-457","6392465","295","2","2","6080356:2","sian-part-1623 sian-part-1624","",""
"458","sian-458","6392465","296","5","5","4112287:2 4206482:3","sian-part-1628 sian-part-1629 sian-part-1625 sian-part-1626 sian-part-1627","",""
"459","sian-459","6392465","296","7","7","6279875:2 6284699:1 6299413:2 4162857:1 4142823:1","sian-part-1613 sian-part-1614 sian-part-1635 sian-part-1630 sian-part-1631 sian-part-1636 sian-part-1633","",""
"460","sian-460","6392465","297","7","7","6279875:2 4112287:2 4542573:1 4142135:1 4206482:1","sian-part-1632 sian-part-1634 sian-part-1637 sian-part-1638 sian-part-1640 sian-part-1643 sian-part-1639","",""
"461","sian-461","6392465","298","1","1","6279875:1","sian-part-1641","",""
"462","sian-462","6392465","299","5","5","4206482:2 4542573:1 6273708:1 6279875:1","sian-part-1646 sian-part-1647 sian-part-1645 sian-part-1648 sian-part-1642","",""
"463","sian-463","6392465","300","0","0","","","Attach the first outer chassis rail","sian-part-1605 sian-part-1606 sian-part-1607 sian-part-1610 sian-part-1611 sian-part-1612 sian-part-1579 sian-part-1580 sian-part-1615 sian-part-1618 sian-part-1616 sian-part-1617 sian-part-1622 sian-part-1620 sian-part-1621 sian-part-1619 sian-part-1608 sian-part-1609 sian-part-1623 sian-part-1624 sian-part-1628 sian-part-1629 sian-part-1625 sian-part-1626 sian-part-1627 sian-part-1613 sian-part-1614 sian-part-1635 sian-part-1630 sian-part-1631 sian-part-1636 sian-part-1633 sian-part-1632 sian-part-1634 sian-part-1637 sian-part-1638 sian-part-1640 sian-part-1643 sian-part-1639 sian-part-1641 sian-part-1646 sian-part-1647 sian-part-1645 sian-part-1648 sian-part-1642"
"464","sian-464","6392465","301","2","2","6130008:1 6275844:1","sian-part-1650 sian-part-1649","",""
"465","sian-465","6392465","302","3","3","6130008:1 6275844:1 6313520:1","sian-part-1651 sian-part-1660 sian-part-1652","",""
"466","sian-466","6392465","302","1","1","4645732:1","sian-part-1653","",""
"467","sian-467","6392465","302","3","3","6265091:1 4206482:1 6299413:1","sian-part-1656 sian-part-1655 sian-part-1654","",""
"468","sian-468","6392465","302","3","3","4143005:2 4142823:1","sian-part-1658 sian-part-1659 sian-part-1657","",""
"469","sian-469","6392465","302","0","0","","","Fold the first upper frame bracket","sian-part-1651 sian-part-1660 sian-part-1652 sian-part-1653 sian-part-1656 sian-part-1655 sian-part-1654 sian-part-1658 sian-part-1659 sian-part-1657"
"470","sian-470","6392465","303","0","0","","","Attach the first upper frame bracket","sian-part-1651 sian-part-1660 sian-part-1652 sian-part-1653 sian-part-1656 sian-part-1655 sian-part-1654 sian-part-1658 sian-part-1659 sian-part-1657"
"471","sian-471","6392465","304","1","1","6313520:1","sian-part-1661","",""
"472","sian-472","6392465","305","7","7","4206482:1 6299413:2 4140806:1 6279875:1 4645732:1 4552347:1","sian-part-1662 sian-part-1667 sian-part-1668 sian-part-1663 sian-part-1644 sian-part-1666 sian-part-1664","",""
"473","sian-473","6392465","306","5","5","4142865:1 4516546:1 4107081:1 6209519:1 4508553:1","sian-part-1671 sian-part-1670 sian-part-1672 sian-part-1669 sian-part-1673","",""
"474","sian-474","6392465","307","4","4","6279875:1 4142823:1 6299413:2","sian-part-1675 sian-part-1674 sian-part-1676 sian-part-1677","",""
"475","sian-475","6392465","307","1","1","4645732:1","sian-part-1678","",""
"476","sian-476","6392465","307","3","3","6279875:1 6299413:2","sian-part-1679 sian-part-1680 sian-part-1681","",""
"477","sian-477","6392465","307","1","1","4552347:1","sian-part-1682","",""
"478","sian-478","6392465","307","4","4","4206482:2 6273708:2","sian-part-1685 sian-part-1686 sian-part-1683 sian-part-1684","",""
"479","sian-479","6392465","308","7","7","4206482:1 6326619:1 4542573:1 6279875:3 6271830:1","sian-part-1691 sian-part-1690 sian-part-1689 sian-part-1687 sian-part-1688 sian-part-1692 sian-part-1693","",""
"480","sian-480","6392465","309","0","0","","","Attach the first upper chassis rail","sian-part-1675 sian-part-1674 sian-part-1676 sian-part-1677 sian-part-1678 sian-part-1679 sian-part-1680 sian-part-1681 sian-part-1682 sian-part-1685 sian-part-1686 sian-part-1683 sian-part-1684 sian-part-1691 sian-part-1690 sian-part-1689 sian-part-1687 sian-part-1688 sian-part-1692 sian-part-1693"
"481","sian-481","6392465","310","3","3","6299413:2 4142823:1","sian-part-1695 sian-part-1696 sian-part-1694","",""
"482","sian-482","6392465","310","2","2","6080356:2","sian-part-1699 sian-part-1700","",""
"483","sian-483","6392465","310","4","4","4143005:1 6279875:2 6271830:1","sian-part-1701 sian-part-1665 sian-part-1702 sian-part-1704","",""
"484","sian-484","6392465","311","7","7","4211375:1 6030286:1 4112287:1 4206482:2 6083620:1 4223767:1","sian-part-1711 sian-part-1710 sian-part-1708 sian-part-1705 sian-part-1706 sian-part-1709 sian-part-1707","",""
"485","sian-485","6392465","311","2","2","6299413:2","sian-part-1697 sian-part-1698","",""
"486","sian-486","6392465","312","2","2","6080356:2","sian-part-1712 sian-part-1713","",""
"487","sian-487","6392465","312","5","5","4112287:2 4206482:3","sian-part-1717 sian-part-1718 sian-part-1714 sian-part-1715 sian-part-1716","",""
"488","sian-488","6392465","313","7","7","6279875:2 6299413:2 6284699:1 4162857:1 4142823:1","sian-part-1703 sian-part-1721 sian-part-1719 sian-part-1720 sian-part-1724 sian-part-1725 sian-part-1722","",""
"489","sian-489","6392465","313","1","1","6279875:1","sian-part-1723","",""
"490","sian-490","6392465","314","7","7","6279875:2 4142135:1 4542573:1 4112287:2 4206482:1","sian-part-1730 sian-part-1731 sian-part-1732 sian-part-1729 sian-part-1726 sian-part-1727 sian-part-1728","",""
"491","sian-491","6392465","315","4","4","4206482:2 4542573:1 6273708:1","sian-part-1735 sian-part-1736 sian-part-1734 sian-part-1737","",""
"492","sian-492","6392465","316","0","0","","","Attach the second outer chassis rail","sian-part-1695 sian-part-1696 sian-part-1694 sian-part-1699 sian-part-1700 sian-part-1701 sian-part-1665 sian-part-1702 sian-part-1704 sian-part-1711 sian-part-1710 sian-part-1708 sian-part-1705 sian-part-1706 sian-part-1709 sian-part-1707 sian-part-1697 sian-part-1698 sian-part-1712 sian-part-1713 sian-part-1717 sian-part-1718 sian-part-1714 sian-part-1715 sian-part-1716 sian-part-1703 sian-part-1721 sian-part-1719 sian-part-1720 sian-part-1724 sian-part-1725 sian-part-1722 sian-part-1723 sian-part-1730 sian-part-1731 sian-part-1732 sian-part-1729 sian-part-1726 sian-part-1727 sian-part-1728 sian-part-1735 sian-part-1736 sian-part-1734 sian-part-1737"
"493","sian-493","6392465","317","2","2","6130008:1 6275844:1","sian-part-1739 sian-part-1738","",""
"494","sian-494","6392465","318","3","3","6130008:1 6275844:1 6313520:1","sian-part-1740 sian-part-1749 sian-part-1741","",""
"495","sian-495","6392465","318","1","1","4645732:1","sian-part-1742","",""
"496","sian-496","6392465","318","3","3","4206482:1 6299413:1 6265091:1","sian-part-1744 sian-part-1743 sian-part-1745","",""
"497","sian-497","6392465","318","3","3","4142823:1 4143005:2","sian-part-1746 sian-part-1747 sian-part-1748","",""
"498","sian-498","6392465","319","0","0","","","Attach the second upper frame bracket","sian-part-1740 sian-part-1749 sian-part-1741 sian-part-1742 sian-part-1744 sian-part-1743 sian-part-1745 sian-part-1746 sian-part-1747 sian-part-1748"
"499","sian-499","6392465","320","0","0","","","Fold both engine side supports inward","sian-part-1116 sian-part-1117 sian-part-1113 sian-part-1114 sian-part-1115 sian-part-1121 sian-part-1120 sian-part-1118 sian-part-1119 sian-part-1122 sian-part-1125 sian-part-1126 sian-part-1123 sian-part-1127 sian-part-1124 sian-part-1129 sian-part-2546 sian-part-1128 sian-part-1135 sian-part-1134 sian-part-1136 sian-part-1137 sian-part-1138 sian-part-1139 sian-part-1140 sian-part-1142 sian-part-1141 sian-part-1144 sian-part-1143 sian-part-1145 sian-part-1130 sian-part-1133 sian-part-1131 sian-part-1132 sian-part-1146 sian-part-1148 sian-part-1159 sian-part-1154 sian-part-1149 sian-part-1150 sian-part-1147 sian-part-1151 sian-part-1156 sian-part-1155 sian-part-1152 sian-part-1158 sian-part-1157 sian-part-1160 sian-part-1153 sian-part-1162 sian-part-1163 sian-part-1161 sian-part-1164 sian-part-1165 sian-part-1170 sian-part-1166 sian-part-1173 sian-part-1171 sian-part-1175 sian-part-1172 sian-part-1169 sian-part-1168 sian-part-1174 sian-part-1167"
"500","sian-500","6392465","321","1","1","6313520:1","sian-part-1750","",""
"501","sian-501","6394695","6","8","8","6279875:2 4206482:1 6299413:2 4140806:1 4645732:1 4552347:1","sian-part-1733 sian-part-1754 sian-part-1751 sian-part-1756 sian-part-1757 sian-part-1752 sian-part-1755 sian-part-1753","",""
"502","sian-502","6394695","7","5","5","4107081:1 4516546:1 4508553:1 6209519:1 4142865:1","sian-part-1761 sian-part-1759 sian-part-1762 sian-part-1758 sian-part-1760","",""
"503","sian-503","6394695","8","6","6","4143005:2 6273708:2 6284070:2","sian-part-1764 sian-part-1767 sian-part-1763 sian-part-1766 sian-part-1765 sian-part-1768","",""
"504","sian-504","6394695","9","4","4","6279875:1 6265091:2 6299413:1","sian-part-1772 sian-part-1769 sian-part-1770 sian-part-1771","",""
"505","sian-505","6394695","10","3","3","6299413:2 4566249:1","sian-part-1774 sian-part-1775 sian-part-1776","",""
"506","sian-506","6394695","10","1","1","4142135:1","sian-part-1773","",""
"507","sian-507","6394695","10","1","1","4566251:1","sian-part-1777","",""
"508","sian-508","6394695","10","6","6","4143005:2 6279875:2 6323613:1 4142135:1","sian-part-1781 sian-part-1782 sian-part-1778 sian-part-1779 sian-part-1783 sian-part-1780","",""
"509","sian-509","6394695","10","0","0","","","Turn the instrument panel","sian-part-1774 sian-part-1775 sian-part-1776 sian-part-1773 sian-part-1777 sian-part-1781 sian-part-1782 sian-part-1778 sian-part-1779 sian-part-1783 sian-part-1780"
"510","sian-510","6394695","11","0","0","","","Attach the instrument panel","sian-part-1774 sian-part-1775 sian-part-1776 sian-part-1773 sian-part-1777 sian-part-1781 sian-part-1782 sian-part-1778 sian-part-1779 sian-part-1783 sian-part-1780"
"511","sian-511","6394695","12","6","6","6279875:4 6150082:1 6194722:1","sian-part-1784 sian-part-1785 sian-part-1787 sian-part-1788 sian-part-1786 sian-part-1789","",""
"512","sian-512","6394695","13","2","2","4125213:1 6323635:1","sian-part-1790 sian-part-1791","",""
"513","sian-513","6394695","14","4","4","6279875:1 4142823:1 6299413:2","sian-part-1793 sian-part-1792 sian-part-1794 sian-part-1795","",""
"514","sian-514","6394695","14","1","1","4645732:1","sian-part-1796","",""
"515","sian-515","6394695","14","2","2","6279875:2","sian-part-1797 sian-part-1798","",""
"516","sian-516","6394695","14","4","4","4206482:2 6273708:2","sian-part-1801 sian-part-1802 sian-part-1799 sian-part-1800","",""
"517","sian-517","6394695","15","7","7","6271830:1 4542573:1 6279875:3 4206482:1 6326619:1","sian-part-1809 sian-part-1805 sian-part-1803 sian-part-1804 sian-part-1808 sian-part-1807 sian-part-1806","",""
"518","sian-518","6394695","16","0","0","","","Attach the second upper chassis rail","sian-part-1793 sian-part-1792 sian-part-1794 sian-part-1795 sian-part-1796 sian-part-1797 sian-part-1798 sian-part-1801 sian-part-1802 sian-part-1799 sian-part-1800 sian-part-1809 sian-part-1805 sian-part-1803 sian-part-1804 sian-part-1808 sian-part-1807 sian-part-1806"
"519","sian-519","6394695","17","7","7","4542573:1 6279875:6","sian-part-1810 sian-part-1811 sian-part-1812 sian-part-1813 sian-part-1814 sian-part-1815 sian-part-1816","",""
"520","sian-520","6394695","17","8","8","4142236:4 4211815:2 6209519:2","sian-part-1817 sian-part-1818 sian-part-1821 sian-part-1822 sian-part-1819 sian-part-1823 sian-part-1820 sian-part-1824","",""
"521","sian-521","6394695","17","2","2","4552347:2","sian-part-1825 sian-part-1826","",""
"522","sian-522","6394695","18","4","4","6209519:2 6265091:2","sian-part-1827 sian-part-1828 sian-part-1829 sian-part-1830","",""
"523","sian-523","6394695","18 19","18","18","6167281:1 4211815:1 6132744:4 6279875:4 6284699:4 6286381:4","sian-part-1831 sian-part-1832 sian-part-1837 sian-part-1838 sian-part-1839 sian-part-1840 sian-part-1845 sian-part-1846 sian-part-1847 sian-part-1848 sian-part-1841 sian-part-1842 sian-part-1843 sian-part-1844 sian-part-1833 sian-part-1834 sian-part-1835 sian-part-1836","",""
"524","sian-524","6394695","20","0","0","","","Attach the cross brace over the engine","sian-part-1810 sian-part-1811 sian-part-1812 sian-part-1813 sian-part-1814 sian-part-1815 sian-part-1816 sian-part-1817 sian-part-1818 sian-part-1821 sian-part-1822 sian-part-1819 sian-part-1823 sian-part-1820 sian-part-1824 sian-part-1825 sian-part-1826 sian-part-1827 sian-part-1828 sian-part-1829 sian-part-1830 sian-part-1831 sian-part-1832 sian-part-1837 sian-part-1838 sian-part-1839 sian-part-1840 sian-part-1845 sian-part-1846 sian-part-1847 sian-part-1848 sian-part-1841 sian-part-1842 sian-part-1843 sian-part-1844 sian-part-1833 sian-part-1834 sian-part-1835 sian-part-1836"
"525","sian-525","6394695","21","3","3","4142135:1 6299413:2","sian-part-1851 sian-part-1849 sian-part-1850","",""
"526","sian-526","6394695","22","5","5","6209519:2 4542573:1 6279875:2","sian-part-1853 sian-part-1854 sian-part-1852 sian-part-1855 sian-part-1856","",""
"527","sian-527","6394695","22","2","2","4603472:2","sian-part-1857 sian-part-1858","",""
"528","sian-528","6394695","23","6","6","6279875:2 4206482:2 6271830:2","sian-part-1859 sian-part-1860 sian-part-1861 sian-part-1862 sian-part-1863 sian-part-1864","",""
"529","sian-529","6394695","23","2","2","6299413:2","sian-part-1865 sian-part-1866","",""
"530","sian-530","6394695","24","6","6","4140806:2 6209519:2 6276969:2","sian-part-1871 sian-part-1872 sian-part-1869 sian-part-1870 sian-part-1867 sian-part-1868","",""
"531","sian-531","6394695","24","3","3","4542573:1 6279875:2","sian-part-1873 sian-part-1874 sian-part-1875","",""
"532","sian-532","6394695","25","2","2","4603472:2","sian-part-1876 sian-part-1877","",""
"533","sian-533","6394695","25","4","4","6271826:2 4206482:2","sian-part-1880 sian-part-1881 sian-part-1878 sian-part-1879","",""
"534","sian-534","6394695","26","6","6","4645732:2 6279875:2 6299413:2","sian-part-1884 sian-part-1887 sian-part-1883 sian-part-1886 sian-part-1882 sian-part-1885","",""
"535","sian-535","6394695","26","2","2","6299413:2","sian-part-1888 sian-part-1889","",""
"536","sian-536","6394695","27","0","0","","","Attach the rear crossbeam","sian-part-1853 sian-part-1854 sian-part-1852 sian-part-1855 sian-part-1856 sian-part-1857 sian-part-1858 sian-part-1859 sian-part-1860 sian-part-1861 sian-part-1862 sian-part-1863 sian-part-1864 sian-part-1865 sian-part-1866 sian-part-1871 sian-part-1872 sian-part-1869 sian-part-1870 sian-part-1867 sian-part-1868 sian-part-1873 sian-part-1874 sian-part-1875 sian-part-1876 sian-part-1877 sian-part-1880 sian-part-1881 sian-part-1878 sian-part-1879 sian-part-1884 sian-part-1887 sian-part-1883 sian-part-1886 sian-part-1882 sian-part-1885 sian-part-1888 sian-part-1889"
"537","sian-537","6394695","28","4","4","6262448:2 6279875:2","sian-part-1890 sian-part-1893 sian-part-1891 sian-part-1892","",""
"538","sian-538","6394695","29","2","2","6135494:1 6313520:1","sian-part-1895 sian-part-1894","",""
"539","sian-539","6394695","30 31","10","10","4211815:1 6030286:2 4495931:1 6261371:1 6273211:2 6135494:1 4206482:2","sian-part-1897 sian-part-1900 sian-part-1901 sian-part-1905 sian-part-1902 sian-part-1896 sian-part-1898 sian-part-1899 sian-part-1903 sian-part-1904","",""
"540","sian-540","6394695","32","3","3","4211815:2 6286381:1","sian-part-1907 sian-part-1908 sian-part-1906","",""
"541","sian-541","6394695","32","1","1","6279881:1","sian-part-1909","",""
"542","sian-542","6394695","32","3","3","6209519:2 6286381:1","sian-part-1910 sian-part-1912 sian-part-1911","",""
"543","sian-543","6394695","32","2","2","6089119:1 6286381:1","sian-part-1913 sian-part-1914","",""
"544","sian-544","6394695","33","2","2","6089119:1 6279881:1","sian-part-1916 sian-part-1915","",""
"545","sian-545","6394695","33","2","2","6279875:2","sian-part-1917 sian-part-1918","",""
"546","sian-546","6394695","33","7","7","6279875:6 6016154:1","sian-part-1920 sian-part-1921 sian-part-1923 sian-part-1924 sian-part-1926 sian-part-1927 sian-part-1922","",""
"547","sian-547","6394695","33","6","6","6279875:4 4142135:2","sian-part-1929 sian-part-1930 sian-part-1931 sian-part-1932 sian-part-1925 sian-part-1928","",""
"548","sian-548","6394695","34","3","3","4142823:1 6279875:2","sian-part-1919 sian-part-1933 sian-part-1934","",""
"549","sian-549","6394695","34","0","0","","","Join the rear linkage frame sections","sian-part-1920 sian-part-1921 sian-part-1923 sian-part-1924 sian-part-1926 sian-part-1927 sian-part-1922 sian-part-1929 sian-part-1930 sian-part-1931 sian-part-1932 sian-part-1925 sian-part-1928 sian-part-1919 sian-part-1933 sian-part-1934"
"550","sian-550","6394695","34","1","1","4142823:1","sian-part-1935","",""
"551","sian-551","6394695","34","4","4","4516546:2 6173119:2","sian-part-1938 sian-part-1939 sian-part-1936 sian-part-1937","",""
"552","sian-552","6394695","35","2","2","4495931:2","sian-part-1940 sian-part-1941","",""
"553","sian-553","6394695","35","0","0","","","Attach the rear linkage frame","sian-part-1897 sian-part-1900 sian-part-1901 sian-part-1905 sian-part-1902 sian-part-1896 sian-part-1898 sian-part-1899 sian-part-1903 sian-part-1904 sian-part-1907 sian-part-1908 sian-part-1906 sian-part-1909 sian-part-1910 sian-part-1912 sian-part-1911 sian-part-1913 sian-part-1914 sian-part-1916 sian-part-1915 sian-part-1917 sian-part-1918 sian-part-1920 sian-part-1921 sian-part-1923 sian-part-1924 sian-part-1926 sian-part-1927 sian-part-1922 sian-part-1929 sian-part-1930 sian-part-1931 sian-part-1932 sian-part-1925 sian-part-1928 sian-part-1919 sian-part-1933 sian-part-1934 sian-part-1935 sian-part-1938 sian-part-1939 sian-part-1936 sian-part-1937 sian-part-1940 sian-part-1941"
"554","sian-554","6394695","36","6","6","6121485:2 6321745:2 6083620:2","sian-part-1943 sian-part-1944 sian-part-1946 sian-part-1947 sian-part-1942 sian-part-1945","",""
"555","sian-555","6394695","37","3","3","6271165:1 4211815:1 4164133:1","sian-part-1950 sian-part-1949 sian-part-1955","",""
"556","sian-556","6394695","37","2","2","6271165:1 6308247:1","sian-part-1951 sian-part-1948","",""
"557","sian-557","6394695","37","4","4","6279875:2 6170474:1 6130008:1","sian-part-1952 sian-part-1953 sian-part-1954 sian-part-1956","",""
"558","sian-558","6394695","37","6","6","4223767:2 6271830:1 6129995:1 4107081:2","sian-part-1957 sian-part-1959 sian-part-1958 sian-part-1961 sian-part-1962 sian-part-1963","",""
"559","sian-559","6394695","38","3","3","6321305:1 4164133:1 6302741:1","sian-part-1964 sian-part-1960 sian-part-1965","",""
"560","sian-560","6394695","38","4","4","4107081:2 6130008:2","sian-part-1966 sian-part-1969 sian-part-1967 sian-part-1968","",""
"561","sian-561","6394695","38","2","2","4206482:2","sian-part-1970 sian-part-1971","",""
"562","sian-562","6394695","38","0","0","","","Turn the rear axle linkage","sian-part-1950 sian-part-1949 sian-part-1955 sian-part-1951 sian-part-1948 sian-part-1952 sian-part-1953 sian-part-1954 sian-part-1956 sian-part-1957 sian-part-1959 sian-part-1958 sian-part-1961 sian-part-1962 sian-part-1963 sian-part-1964 sian-part-1960 sian-part-1965 sian-part-1966 sian-part-1969 sian-part-1967 sian-part-1968 sian-part-1970 sian-part-1971"
"563","sian-563","6394695","39","0","0","","","Attach the rear axle linkage","sian-part-1950 sian-part-1949 sian-part-1955 sian-part-1951 sian-part-1948 sian-part-1952 sian-part-1953 sian-part-1954 sian-part-1956 sian-part-1957 sian-part-1959 sian-part-1958 sian-part-1961 sian-part-1962 sian-part-1963 sian-part-1964 sian-part-1960 sian-part-1965 sian-part-1966 sian-part-1969 sian-part-1967 sian-part-1968 sian-part-1970 sian-part-1971"
"564","sian-564","6394695","40","5","5","6167281:1 4560174:1 6299413:1 4211815:1 6271152:1","sian-part-1972 sian-part-1974 sian-part-1975 sian-part-1976 sian-part-1973","",""
"565","sian-565","6394695","41","1","1","6299413:1","sian-part-1977","",""
"566","sian-566","6394695","42","5","5","6299413:1 4560174:1 6167281:1 4211815:1 6271152:1","sian-part-1981 sian-part-1980 sian-part-1978 sian-part-1982 sian-part-1979","",""
"567","sian-567","6394695","43","1","1","6299413:1","sian-part-1983","",""
"568","sian-568","6394695","44 45","9","9","4495931:2 4603472:1 6299413:6","sian-part-1984 sian-part-1985 sian-part-1990 sian-part-1986 sian-part-1987 sian-part-1988 sian-part-1989 sian-part-1991 sian-part-1992","",""
"569","sian-569","6394695","46","2","2","6271152:2","sian-part-1993 sian-part-1994","",""
"570","sian-570","6394695","47 48","13","13","6279875:2 6321745:2 6284699:2 6265643:1 6209519:2 4661486:2 6307436:2","sian-part-2004 sian-part-2005 sian-part-2000 sian-part-2001 sian-part-1998 sian-part-1999 sian-part-1995 sian-part-1996 sian-part-1997 sian-part-2002 sian-part-2003 sian-part-2006 sian-part-2007","",""
"571","sian-571","6394695","49","5","5","4519010:2 6130008:1 6083620:2","sian-part-2009 sian-part-2011 sian-part-2010 sian-part-2008 sian-part-2012","",""
"572","sian-572","6394695","50","3","3","4211396:2 416226:1","sian-part-2019 sian-part-2021 sian-part-2014","",""
"573","sian-573","6394695","50","4","4","416226:2 302226:1 6174917:1","sian-part-2015 sian-part-2016 sian-part-2022 sian-part-2020","",""
"574","sian-574","6394695","50","2","2","416226:2","sian-part-2017 sian-part-2018","",""
"575","sian-575","6394695","50","4","4","307026:1 6166859:2 362326:1","sian-part-2026 sian-part-2024 sian-part-2025 sian-part-2023","",""
"576","sian-576","6394695","51","3","3","6192309:1 302226:1 4211396:1","sian-part-2028 sian-part-2033 sian-part-2034","",""
"577","sian-577","6394695","51","4","4","6192309:4","sian-part-2029 sian-part-2030 sian-part-2031 sian-part-2032","",""
"578","sian-578","6394695","51","1","1","4558170:1","sian-part-2027","",""
"579","sian-579","6394695","52","1","1","6130010:1","sian-part-2013","",""
"580","sian-580","6394695","53","2","2","6279875:2","sian-part-2035 sian-part-2036","",""
"581","sian-581","6394695","59 60","10","10","6279875:3 4164133:2 4142865:1 6307436:1 4142135:1 6089119:1 6319983:1","sian-part-2037 sian-part-2044 sian-part-2045 sian-part-2040 sian-part-2041 sian-part-2042 sian-part-2039 sian-part-2046 sian-part-2038 sian-part-2043","",""
"582","sian-582","6394695","61 62","10","10","4164133:2 6279875:3 6307436:1 4142865:1 4142135:1 6089119:1 6316923:1","sian-part-2050 sian-part-2051 sian-part-2047 sian-part-2054 sian-part-2055 sian-part-2049 sian-part-2052 sian-part-2056 sian-part-2048 sian-part-2053","",""
"583","sian-583","6394695","63","4","4","6316923:2 370526:2","sian-part-2066 sian-part-2090 sian-part-2060 sian-part-2084","",""
"584","sian-584","6394695","63","4","4","4107828:4","sian-part-2058 sian-part-2059 sian-part-2082 sian-part-2083","",""
"585","sian-585","6394695","63","4","4","6319983:2 370526:2","sian-part-2065 sian-part-2089 sian-part-2061 sian-part-2085","",""
"586","sian-586","6394695","63","2","2","6321745:2","sian-part-2057 sian-part-2081","",""
"587","sian-587","6394695","64","6","6","6279875:2 6173127:4","sian-part-2068 sian-part-2092 sian-part-2067 sian-part-2069 sian-part-2091 sian-part-2093","",""
"588","sian-588","6394695","64","8","8","4143005:8","sian-part-2070 sian-part-2071 sian-part-2072 sian-part-2073 sian-part-2094 sian-part-2095 sian-part-2096 sian-part-2097","",""
"589","sian-589","6394695","64","14","14","6069000:6 6267487:6 362326:2","sian-part-2074 sian-part-2075 sian-part-2077 sian-part-2098 sian-part-2099 sian-part-2101 sian-part-2078 sian-part-2079 sian-part-2080 sian-part-2102 sian-part-2103 sian-part-2104 sian-part-2076 sian-part-2100","",""
"590","sian-590","6394695","64","6","6","4206482:2 6275844:4","sian-part-2064 sian-part-2088 sian-part-2062 sian-part-2063 sian-part-2086 sian-part-2087","",""
"591","sian-591","6394695","65","0","0","","","Attach the rear diffuser","sian-part-2066 sian-part-2090 sian-part-2060 sian-part-2084 sian-part-2058 sian-part-2059 sian-part-2082 sian-part-2083 sian-part-2065 sian-part-2089 sian-part-2061 sian-part-2085 sian-part-2057 sian-part-2081 sian-part-2068 sian-part-2092 sian-part-2067 sian-part-2069 sian-part-2091 sian-part-2093 sian-part-2070 sian-part-2071 sian-part-2072 sian-part-2073 sian-part-2094 sian-part-2095 sian-part-2096 sian-part-2097 sian-part-2074 sian-part-2075 sian-part-2077 sian-part-2098 sian-part-2099 sian-part-2101 sian-part-2078 sian-part-2079 sian-part-2080 sian-part-2102 sian-part-2103 sian-part-2104 sian-part-2076 sian-part-2100 sian-part-2064 sian-part-2088 sian-part-2062 sian-part-2063 sian-part-2086 sian-part-2087"
"592","sian-592","6394695","66","6","6","4143005:2 4206482:2 6261378:2","sian-part-2109 sian-part-2110 sian-part-2105 sian-part-2108 sian-part-2106 sian-part-2107","",""
"593","sian-593","6394695","67","3","3","4112287:2 4206482:1","sian-part-2112 sian-part-2113 sian-part-2111","",""
"594","sian-594","6394695","67","2","2","6279875:1 4206482:1","sian-part-2116 sian-part-2115","",""
"595","sian-595","6394695","67","2","2","4142865:1 6325515:1","sian-part-2118 sian-part-2114","",""
"596","sian-596","6394695","67","1","1","6250235:1","sian-part-2117","",""
"597","sian-597","6394695","67","5","5","6299413:1 6302735:1 6089119:1 6302730:1 6302741:1","sian-part-2123 sian-part-2119 sian-part-2120 sian-part-2121 sian-part-2122","",""
"598","sian-598","6394695","68","0","0","","","Attach the first rear corner trim","sian-part-2112 sian-part-2113 sian-part-2111 sian-part-2116 sian-part-2115 sian-part-2118 sian-part-2114 sian-part-2117 sian-part-2123 sian-part-2119 sian-part-2120 sian-part-2121 sian-part-2122"
"599","sian-599","6394695","69","3","3","4112287:2 4206482:1","sian-part-2125 sian-part-2126 sian-part-2124","",""
"600","sian-600","6394695","69","2","2","6279875:1 4206482:1","sian-part-2129 sian-part-2128","",""
"601","sian-601","6394695","69","1","1","6250234:1","sian-part-2130","",""
"602","sian-602","6394695","69","2","2","4142865:1 6325515:1","sian-part-2131 sian-part-2127","",""
"603","sian-603","6394695","69","5","5","6302741:1 6302735:1 6302730:1 6299413:1 6089119:1","sian-part-2135 sian-part-2132 sian-part-2134 sian-part-2136 sian-part-2133","",""
"604","sian-604","6394695","70","0","0","","","Attach the second rear corner trim","sian-part-2125 sian-part-2126 sian-part-2124 sian-part-2129 sian-part-2128 sian-part-2130 sian-part-2131 sian-part-2127 sian-part-2135 sian-part-2132 sian-part-2134 sian-part-2136 sian-part-2133"
"605","sian-605","6394695","71 72","18","18","4621557:2 4187743:2 6069006:2 6302568:1 4529160:1 6170559:4 4645732:1 4143005:5","sian-part-2144 sian-part-2145 sian-part-2137 sian-part-2143 sian-part-2147 sian-part-2148 sian-part-2146 sian-part-2142 sian-part-2138 sian-part-2139 sian-part-2140 sian-part-2141 sian-part-2149 sian-part-2150 sian-part-2151 sian-part-2152 sian-part-2153 sian-part-2154","",""
"606","sian-606","6394695","73","3","3","4164037:1 6013530:1 362326:1","sian-part-2158 sian-part-2156 sian-part-2155","",""
"607","sian-607","6394695","73","2","2","362326:1 6013530:1","sian-part-2159 sian-part-2157","",""
"608","sian-608","6394695","73","2","2","4164021:1 4537251:1","sian-part-2161 sian-part-2162","",""
"609","sian-609","6394695","73","2","2","4621557:1 6075049:1","sian-part-2160 sian-part-2163","",""
"610","sian-610","6394695","74","1","1","6069006:1","sian-part-2164","",""
"611","sian-611","6394695","74","7","7","6057414:1 6168633:2 302326:1 371026:1 6117973:2","sian-part-2171 sian-part-2168 sian-part-2169 sian-part-2170 sian-part-2167 sian-part-2165 sian-part-2166","",""
"612","sian-612","6394695","74","0","0","","","Turn the first rear bumper panel","sian-part-2158 sian-part-2156 sian-part-2155 sian-part-2159 sian-part-2157 sian-part-2161 sian-part-2162 sian-part-2160 sian-part-2163 sian-part-2164 sian-part-2171 sian-part-2168 sian-part-2169 sian-part-2170 sian-part-2167 sian-part-2165 sian-part-2166"
"613","sian-613","6394695","75","0","0","","","Attach the first rear bumper panel","sian-part-2158 sian-part-2156 sian-part-2155 sian-part-2159 sian-part-2157 sian-part-2161 sian-part-2162 sian-part-2160 sian-part-2163 sian-part-2164 sian-part-2171 sian-part-2168 sian-part-2169 sian-part-2170 sian-part-2167 sian-part-2165 sian-part-2166"
"614","sian-614","6394695","76","3","3","362326:1 6013530:2","sian-part-2172 sian-part-2173 sian-part-2174","",""
"615","sian-615","6394695","76","2","2","362326:1 4164037:1","sian-part-2176 sian-part-2175","",""
"616","sian-616","6394695","76","2","2","4164021:1 4537251:1","sian-part-2178 sian-part-2179","",""
"617","sian-617","6394695","76","2","2","4621557:1 6075049:1","sian-part-2177 sian-part-2180","",""
"618","sian-618","6394695","77","1","1","6069006:1","sian-part-2181","",""
"619","sian-619","6394695","77","7","7","6168633:2 6057414:1 302326:1 371026:1 6117973:2","sian-part-2185 sian-part-2186 sian-part-2188 sian-part-2187 sian-part-2184 sian-part-2182 sian-part-2183","",""
"620","sian-620","6394695","77","0","0","","","Turn the second rear bumper panel","sian-part-2172 sian-part-2173 sian-part-2174 sian-part-2176 sian-part-2175 sian-part-2178 sian-part-2179 sian-part-2177 sian-part-2180 sian-part-2181 sian-part-2185 sian-part-2186 sian-part-2188 sian-part-2187 sian-part-2184 sian-part-2182 sian-part-2183"
"621","sian-621","6394695","78","0","0","","","Attach the second rear bumper panel","sian-part-2172 sian-part-2173 sian-part-2174 sian-part-2176 sian-part-2175 sian-part-2178 sian-part-2179 sian-part-2177 sian-part-2180 sian-part-2181 sian-part-2185 sian-part-2186 sian-part-2188 sian-part-2187 sian-part-2184 sian-part-2182 sian-part-2183"
"622","sian-622","6394695","79","5","5","6279875:2 4645732:1 6299413:2","sian-part-2192 sian-part-2193 sian-part-2191 sian-part-2189 sian-part-2190","",""
"623","sian-623","6394695","80","3","3","4164133:2 4211815:1","sian-part-2195 sian-part-2196 sian-part-2194","",""
"624","sian-624","6394695","80","2","2","6322197:1 4109810:1","sian-part-2198 sian-part-2197","",""
"625","sian-625","6394695","80","2","2","389426:1 6150003:1","sian-part-2199 sian-part-2200","",""
"626","sian-626","6394695","80","4","4","6279875:4","sian-part-2201 sian-part-2202 sian-part-2203 sian-part-2204","",""
"627","sian-627","6394695","80","3","3","4206482:1 6271825:1 6273708:1","sian-part-2207 sian-part-2205 sian-part-2206","",""
"628","sian-628","6394695","81","2","2","4206482:1 6325515:1","sian-part-2209 sian-part-2208","",""
"629","sian-629","6394695","81","3","3","242026:1 302226:1 302326:1","sian-part-2210 sian-part-2211 sian-part-2212","",""
"630","sian-630","6394695","81","4","4","302326:1 362326:2 6092585:1","sian-part-2213 sian-part-2215 sian-part-2216 sian-part-2214","",""
"631","sian-631","6394695","81","2","2","242026:1 362326:1","sian-part-2217 sian-part-2218","",""
"632","sian-632","6394695","81","9","9","6281994:3 6224794:6","sian-part-2219 sian-part-2222 sian-part-2225 sian-part-2220 sian-part-2221 sian-part-2223 sian-part-2224 sian-part-2226 sian-part-2227","",""
"633","sian-633","6394695","82","3","3","307026:1 306926:1 663626:1","sian-part-2229 sian-part-2230 sian-part-2228","",""
"634","sian-634","6394695","82","1","1","4142865:1","sian-part-2231","",""
"635","sian-635","6394695","82","8","8","6322197:1 370526:1 6271165:1 6279875:1 4164133:3 6265091:1","sian-part-2239 sian-part-2234 sian-part-2235 sian-part-2238 sian-part-2232 sian-part-2233 sian-part-2236 sian-part-2237","",""
"636","sian-636","6394695","83","2","2","6302732:2","sian-part-2240 sian-part-2241","",""
"637","sian-637","6394695","83","1","1","4143005:1","sian-part-2242","",""
"638","sian-638","6394695","84","4","4","6279875:1 4645732:1 6271825:1 4206482:1","sian-part-2245 sian-part-2243 sian-part-2246 sian-part-2244","",""
"639","sian-639","6394695","84","2","2","4206482:1 6265091:1","sian-part-2248 sian-part-2247","",""
"640","sian-640","6394695","84","0","0","","","Turn the first rear light assembly","sian-part-2195 sian-part-2196 sian-part-2194 sian-part-2198 sian-part-2197 sian-part-2199 sian-part-2200 sian-part-2201 sian-part-2202 sian-part-2203 sian-part-2204 sian-part-2207 sian-part-2205 sian-part-2206 sian-part-2209 sian-part-2208 sian-part-2210 sian-part-2211 sian-part-2212 sian-part-2213 sian-part-2215 sian-part-2216 sian-part-2214 sian-part-2217 sian-part-2218 sian-part-2219 sian-part-2222 sian-part-2225 sian-part-2220 sian-part-2221 sian-part-2223 sian-part-2224 sian-part-2226 sian-part-2227 sian-part-2229 sian-part-2230 sian-part-2228 sian-part-2231 sian-part-2239 sian-part-2234 sian-part-2235 sian-part-2238 sian-part-2232 sian-part-2233 sian-part-2236 sian-part-2237 sian-part-2240 sian-part-2241 sian-part-2242 sian-part-2245 sian-part-2243 sian-part-2246 sian-part-2244 sian-part-2248 sian-part-2247"
"641","sian-641","6394695","85","0","0","","","Attach the first rear light assembly","sian-part-2195 sian-part-2196 sian-part-2194 sian-part-2198 sian-part-2197 sian-part-2199 sian-part-2200 sian-part-2201 sian-part-2202 sian-part-2203 sian-part-2204 sian-part-2207 sian-part-2205 sian-part-2206 sian-part-2209 sian-part-2208 sian-part-2210 sian-part-2211 sian-part-2212 sian-part-2213 sian-part-2215 sian-part-2216 sian-part-2214 sian-part-2217 sian-part-2218 sian-part-2219 sian-part-2222 sian-part-2225 sian-part-2220 sian-part-2221 sian-part-2223 sian-part-2224 sian-part-2226 sian-part-2227 sian-part-2229 sian-part-2230 sian-part-2228 sian-part-2231 sian-part-2239 sian-part-2234 sian-part-2235 sian-part-2238 sian-part-2232 sian-part-2233 sian-part-2236 sian-part-2237 sian-part-2240 sian-part-2241 sian-part-2242 sian-part-2245 sian-part-2243 sian-part-2246 sian-part-2244 sian-part-2248 sian-part-2247"
"642","sian-642","6394695","86","3","3","4164133:2 4211815:1","sian-part-2250 sian-part-2251 sian-part-2249","",""
"643","sian-643","6394695","86","2","2","6322197:1 4109810:1","sian-part-2253 sian-part-2252","",""
"644","sian-644","6394695","86","2","2","389426:1 6150003:1","sian-part-2254 sian-part-2255","",""
"645","sian-645","6394695","86","4","4","6279875:4","sian-part-2256 sian-part-2257 sian-part-2258 sian-part-2259","",""
"646","sian-646","6394695","86","3","3","4206482:1 6271825:1 6273708:1","sian-part-2262 sian-part-2260 sian-part-2261","",""
"647","sian-647","6394695","87","2","2","4206482:1 6325515:1","sian-part-2264 sian-part-2263","",""
"648","sian-648","6394695","87","3","3","242026:1 302226:1 302326:1","sian-part-2265 sian-part-2266 sian-part-2267","",""
"649","sian-649","6394695","87","4","4","6092585:1 302326:1 362326:2","sian-part-2269 sian-part-2268 sian-part-2270 sian-part-2271","",""
"650","sian-650","6394695","87","2","2","242026:1 362326:1","sian-part-2272 sian-part-2273","",""
"651","sian-651","6394695","87","9","9","6281994:3 6224794:6","sian-part-2274 sian-part-2277 sian-part-2280 sian-part-2275 sian-part-2276 sian-part-2278 sian-part-2279 sian-part-2281 sian-part-2282","",""
"652","sian-652","6394695","88","3","3","307026:1 306926:1 663626:1","sian-part-2284 sian-part-2285 sian-part-2283","",""
"653","sian-653","6394695","88","1","1","4142865:1","sian-part-2286","",""
"654","sian-654","6394695","88","8","8","6271165:1 4164133:3 6265091:1 370526:1 6279875:1 6322197:1","sian-part-2290 sian-part-2287 sian-part-2288 sian-part-2291 sian-part-2292 sian-part-2289 sian-part-2293 sian-part-2294","",""
"655","sian-655","6394695","89","2","2","6302732:2","sian-part-2295 sian-part-2296","",""
"656","sian-656","6394695","89","1","1","4143005:1","sian-part-2297","",""
"657","sian-657","6394695","90","4","4","6271825:1 4206482:1 4645732:1 6279875:1","sian-part-2301 sian-part-2299 sian-part-2298 sian-part-2300","",""
"658","sian-658","6394695","90","2","2","4206482:1 6265091:1","sian-part-2303 sian-part-2302","",""
"659","sian-659","6394695","90","0","0","","","Turn the second rear light assembly","sian-part-2250 sian-part-2251 sian-part-2249 sian-part-2253 sian-part-2252 sian-part-2254 sian-part-2255 sian-part-2256 sian-part-2257 sian-part-2258 sian-part-2259 sian-part-2262 sian-part-2260 sian-part-2261 sian-part-2264 sian-part-2263 sian-part-2265 sian-part-2266 sian-part-2267 sian-part-2269 sian-part-2268 sian-part-2270 sian-part-2271 sian-part-2272 sian-part-2273 sian-part-2274 sian-part-2277 sian-part-2280 sian-part-2275 sian-part-2276 sian-part-2278 sian-part-2279 sian-part-2281 sian-part-2282 sian-part-2284 sian-part-2285 sian-part-2283 sian-part-2286 sian-part-2290 sian-part-2287 sian-part-2288 sian-part-2291 sian-part-2292 sian-part-2289 sian-part-2293 sian-part-2294 sian-part-2295 sian-part-2296 sian-part-2297 sian-part-2301 sian-part-2299 sian-part-2298 sian-part-2300 sian-part-2303 sian-part-2302"
"660","sian-660","6394695","91","0","0","","","Attach the second rear light assembly","sian-part-2250 sian-part-2251 sian-part-2249 sian-part-2253 sian-part-2252 sian-part-2254 sian-part-2255 sian-part-2256 sian-part-2257 sian-part-2258 sian-part-2259 sian-part-2262 sian-part-2260 sian-part-2261 sian-part-2264 sian-part-2263 sian-part-2265 sian-part-2266 sian-part-2267 sian-part-2269 sian-part-2268 sian-part-2270 sian-part-2271 sian-part-2272 sian-part-2273 sian-part-2274 sian-part-2277 sian-part-2280 sian-part-2275 sian-part-2276 sian-part-2278 sian-part-2279 sian-part-2281 sian-part-2282 sian-part-2284 sian-part-2285 sian-part-2283 sian-part-2286 sian-part-2290 sian-part-2287 sian-part-2288 sian-part-2291 sian-part-2292 sian-part-2289 sian-part-2293 sian-part-2294 sian-part-2295 sian-part-2296 sian-part-2297 sian-part-2301 sian-part-2299 sian-part-2298 sian-part-2300 sian-part-2303 sian-part-2302"
"661","sian-661","6394695","92","3","3","6209519:1 6150003:1 6308232:1","sian-part-2306 sian-part-2307 sian-part-2310","",""
"662","sian-662","6394695","92","1","1","6305373:1","sian-part-2311","",""
"663","sian-663","6394695","92","2","2","4206482:1 6261378:1","sian-part-2304 sian-part-2305","",""
"664","sian-664","6394695","92","2","2","6273708:1 6299413:1","sian-part-2309 sian-part-2308","",""
"665","sian-665","6394695","93","0","0","","","Attach and fold down the first flexible rear trim","sian-part-2306 sian-part-2307 sian-part-2310 sian-part-2311 sian-part-2304 sian-part-2305 sian-part-2309 sian-part-2308"
"666","sian-666","6394695","94","3","3","6209519:1 6150003:1 6308232:1","sian-part-2314 sian-part-2315 sian-part-2318","",""
"667","sian-667","6394695","94","1","1","6305373:1","sian-part-2319","",""
"668","sian-668","6394695","94","2","2","4206482:1 6261378:1","sian-part-2312 sian-part-2313","",""
"669","sian-669","6394695","94","2","2","6299413:1 6273708:1","sian-part-2316 sian-part-2317","",""
"670","sian-670","6394695","95","0","0","","","Attach and fold down the second flexible rear trim","sian-part-2314 sian-part-2315 sian-part-2318 sian-part-2319 sian-part-2312 sian-part-2313 sian-part-2316 sian-part-2317"
"671","sian-671","6394695","96","3","3","6302735:1 6308241:2","sian-part-2320 sian-part-2321 sian-part-2322","",""
"672","sian-672","6394695","97","6","6","6279875:1 4142865:1 4107828:2 4206482:1 6319983:1","sian-part-2324 sian-part-2327 sian-part-2325 sian-part-2326 sian-part-2323 sian-part-2328","",""
"673","sian-673","6394695","98","9","9","6271826:1 6299413:2 4206482:1 4495935:1 6265091:1 6279875:3","sian-part-2337 sian-part-2329 sian-part-2330 sian-part-2334 sian-part-2332 sian-part-2335 sian-part-2331 sian-part-2333 sian-part-2336","",""
"674","sian-674","6394695","99","0","0","","","Push the first rear side support upward","sian-part-2337 sian-part-2329 sian-part-2330 sian-part-2334 sian-part-2332 sian-part-2335 sian-part-2331 sian-part-2333 sian-part-2336"
"675","sian-675","6394695","100","4","4","6299413:1 6089119:1 6282140:1 6271825:1","sian-part-2339 sian-part-2340 sian-part-2341 sian-part-2338","",""
"676","sian-676","6394695","100","2","2","6121485:1 6273708:1","sian-part-2342 sian-part-2343","",""
"677","sian-677","6394695","100","5","5","6279875:2 6299413:2 6286222:1","sian-part-2347 sian-part-2348 sian-part-2344 sian-part-2346 sian-part-2345","",""
"678","sian-678","6394695","100","4","4","4495935:1 6279875:3","sian-part-2351 sian-part-2349 sian-part-2350 sian-part-2352","",""
"679","sian-679","6394695","101","3","3","6308236:1 6279875:2","sian-part-2353 sian-part-2354 sian-part-2355","",""
"680","sian-680","6394695","101","9","9","6279875:3 4142865:1 6167281:1 4164133:2 6273708:1 4162857:1","sian-part-2362 sian-part-2363 sian-part-2364 sian-part-2357 sian-part-2360 sian-part-2358 sian-part-2359 sian-part-2361 sian-part-2356","",""
"681","sian-681","6394695","102","2","2","6250243:1 4142822:1","sian-part-2365 sian-part-2366","",""
"682","sian-682","6394695","102","1","1","4558740:1","sian-part-2367","",""
"683","sian-683","6394695","102","8","8","6279875:4 4142822:1 4142823:1 6299413:2","sian-part-2368 sian-part-2370 sian-part-2371 sian-part-2373 sian-part-2369 sian-part-2372 sian-part-2374 sian-part-2375","",""
"684","sian-684","6394695","103","3","3","4142823:1 6299413:1 6302741:1","sian-part-2376 sian-part-2377 sian-part-2378","",""
"685","sian-685","6394695","103","0","0","","","Turn the first side intake panel","sian-part-2339 sian-part-2340 sian-part-2341 sian-part-2338 sian-part-2342 sian-part-2343 sian-part-2347 sian-part-2348 sian-part-2344 sian-part-2346 sian-part-2345 sian-part-2351 sian-part-2349 sian-part-2350 sian-part-2352 sian-part-2353 sian-part-2354 sian-part-2355 sian-part-2362 sian-part-2363 sian-part-2364 sian-part-2357 sian-part-2360 sian-part-2358 sian-part-2359 sian-part-2361 sian-part-2356 sian-part-2365 sian-part-2366 sian-part-2367 sian-part-2368 sian-part-2370 sian-part-2371 sian-part-2373 sian-part-2369 sian-part-2372 sian-part-2374 sian-part-2375 sian-part-2376 sian-part-2377 sian-part-2378"
"686","sian-686","6394695","104","0","0","","","Attach the first side intake panel","sian-part-2339 sian-part-2340 sian-part-2341 sian-part-2338 sian-part-2342 sian-part-2343 sian-part-2347 sian-part-2348 sian-part-2344 sian-part-2346 sian-part-2345 sian-part-2351 sian-part-2349 sian-part-2350 sian-part-2352 sian-part-2353 sian-part-2354 sian-part-2355 sian-part-2362 sian-part-2363 sian-part-2364 sian-part-2357 sian-part-2360 sian-part-2358 sian-part-2359 sian-part-2361 sian-part-2356 sian-part-2365 sian-part-2366 sian-part-2367 sian-part-2368 sian-part-2370 sian-part-2371 sian-part-2373 sian-part-2369 sian-part-2372 sian-part-2374 sian-part-2375 sian-part-2376 sian-part-2377 sian-part-2378"
"687","sian-687","6394695","105","3","3","4107828:2 6089119:1","sian-part-2380 sian-part-2381 sian-part-2379","",""
"688","sian-688","6394695","105","2","2","4512363:1 6150003:1","sian-part-2383 sian-part-2382","",""
"689","sian-689","6394695","105","3","3","6322197:1 370526:1 6275844:1","sian-part-2386 sian-part-2384 sian-part-2385","",""
"690","sian-690","6394695","105","3","3","4206482:1 4512363:1 6209519:1","sian-part-2388 sian-part-2387 sian-part-2389","",""
"691","sian-691","6394695","106","4","4","6209519:1 6279875:1 4645732:1 6271825:1","sian-part-2392 sian-part-2391 sian-part-2390 sian-part-2393","",""
"692","sian-692","6394695","106","3","3","6302741:1 6150003:1 6299413:1","sian-part-2395 sian-part-2396 sian-part-2394","",""
"693","sian-693","6394695","106","5","5","6279875:1 4143005:1 4142135:1 6299413:1 6302741:1","sian-part-2397 sian-part-2399 sian-part-2398 sian-part-2400 sian-part-2401","",""
"694","sian-694","6394695","106","0","0","","","Turn the first rear quarter support","sian-part-2380 sian-part-2381 sian-part-2379 sian-part-2383 sian-part-2382 sian-part-2386 sian-part-2384 sian-part-2385 sian-part-2388 sian-part-2387 sian-part-2389 sian-part-2392 sian-part-2391 sian-part-2390 sian-part-2393 sian-part-2395 sian-part-2396 sian-part-2394 sian-part-2397 sian-part-2399 sian-part-2398 sian-part-2400 sian-part-2401"
"695","sian-695","6394695","107","0","0","","","Attach the first rear quarter support","sian-part-2380 sian-part-2381 sian-part-2379 sian-part-2383 sian-part-2382 sian-part-2386 sian-part-2384 sian-part-2385 sian-part-2388 sian-part-2387 sian-part-2389 sian-part-2392 sian-part-2391 sian-part-2390 sian-part-2393 sian-part-2395 sian-part-2396 sian-part-2394 sian-part-2397 sian-part-2399 sian-part-2398 sian-part-2400 sian-part-2401"
"696","sian-696","6394695","108","2","2","6299413:1 6121485:1","sian-part-2405 sian-part-2406","",""
"697","sian-697","6394695","108","1","1","6311092:1","sian-part-2402","",""
"698","sian-698","6394695","108","2","2","4499858:1 6121485:1","sian-part-2407 sian-part-2408","",""
"699","sian-699","6394695","108","1","1","6208345:1","sian-part-2409","",""
"700","sian-700","6394695","108","2","2","6275844:1 6307436:1","sian-part-2410 sian-part-2411","",""
"701","sian-701","6394695","109","0","0","","","Attach the first rear mudguard","sian-part-2405 sian-part-2406 sian-part-2402 sian-part-2407 sian-part-2408 sian-part-2409 sian-part-2410 sian-part-2411"
"702","sian-702","6394695","110 111","5","5","6279875:1 6308242:1 6305373:1 6261378:1 6299413:1","sian-part-2414 sian-part-2413 sian-part-2416 sian-part-2415 sian-part-2412","",""
"703","sian-703","6394695","112","3","3","4107828:2 4206482:1","sian-part-2418 sian-part-2419 sian-part-2420","",""
"704","sian-704","6394695","112","2","2","4211815:1 6265091:1","sian-part-2417 sian-part-2421","",""
"705","sian-705","6394695","112","2","2","6121485:1 6288220:1","sian-part-2422 sian-part-2424","",""
"706","sian-706","6394695","112","2","2","6319983:1 4211815:1","sian-part-2425 sian-part-2423","",""
"707","sian-707","6394695","113","6","6","6279875:4 4142135:2","sian-part-2426 sian-part-2427 sian-part-2429 sian-part-2430 sian-part-2428 sian-part-2431","",""
"708","sian-708","6394695","113","3","3","6299413:3","sian-part-2432 sian-part-2433 sian-part-2434","",""
"709","sian-709","6394695","113","2","2","6121485:1 6273708:1","sian-part-2435 sian-part-2436","",""
"710","sian-710","6394695","113","2","2","4541325:1 6278152:1","sian-part-2437 sian-part-2438","",""
"711","sian-711","6394695","114","0","0","","","Attach the first rear corner bodywork","sian-part-2418 sian-part-2419 sian-part-2420 sian-part-2417 sian-part-2421 sian-part-2422 sian-part-2424 sian-part-2425 sian-part-2423 sian-part-2426 sian-part-2427 sian-part-2429 sian-part-2430 sian-part-2428 sian-part-2431 sian-part-2432 sian-part-2433 sian-part-2434 sian-part-2435 sian-part-2436 sian-part-2437 sian-part-2438"
"712","sian-712","6394695","115","4","4","6279875:2 6305373:1 6218483:1","sian-part-2440 sian-part-2441 sian-part-2439 sian-part-2442","",""
"713","sian-713","6394695","116 117","7","7","4107081:1 4107828:2 6209519:1 6139205:1 4508553:1 6299413:1","sian-part-2448 sian-part-2445 sian-part-2446 sian-part-2443 sian-part-2449 sian-part-2447 sian-part-2444","",""
"714","sian-714","6394695","118","1","1","6308245:1","sian-part-2450","",""
"715","sian-715","6394695","119","4","4","6279875:3 6004093:1","sian-part-2452 sian-part-2453 sian-part-2454 sian-part-2451","",""
"716","sian-716","6394695","119","2","2","6083620:1 6265091:1","sian-part-2456 sian-part-2455","",""
"717","sian-717","6394695","119","1","1","6325601:1","sian-part-2459","",""
"718","sian-718","6394695","119","2","2","6275844:1 6280393:1","sian-part-2458 sian-part-2457","",""
"719","sian-719","6394695","120","3","3","4143005:2 6279875:1","sian-part-2461 sian-part-2462 sian-part-2460","",""
"720","sian-720","6394695","120","3","3","4621557:1 4164037:1 6033782:1","sian-part-2464 sian-part-2463 sian-part-2465","",""
"721","sian-721","6394695","120","0","0","","","Turn the first engine side panel","sian-part-2452 sian-part-2453 sian-part-2454 sian-part-2451 sian-part-2456 sian-part-2455 sian-part-2459 sian-part-2458 sian-part-2457 sian-part-2461 sian-part-2462 sian-part-2460 sian-part-2464 sian-part-2463 sian-part-2465"
"722","sian-722","6394695","121","0","0","","","Attach the first engine side panel","sian-part-2452 sian-part-2453 sian-part-2454 sian-part-2451 sian-part-2456 sian-part-2455 sian-part-2459 sian-part-2458 sian-part-2457 sian-part-2461 sian-part-2462 sian-part-2460 sian-part-2464 sian-part-2463 sian-part-2465"
"723","sian-723","6394695","122","9","9","4495935:1 6271826:1 6279875:3 6265091:1 4206482:1 6299413:2","sian-part-2469 sian-part-2474 sian-part-2468 sian-part-2470 sian-part-2473 sian-part-2472 sian-part-2471 sian-part-2466 sian-part-2467","",""
"724","sian-724","6394695","123","6","6","6279875:1 4142865:1 6316923:1 4107828:2 4206482:1","sian-part-2476 sian-part-2479 sian-part-2480 sian-part-2477 sian-part-2478 sian-part-2475","",""
"725","sian-725","6394695","124","4","4","6299413:1 6089119:1 6282140:1 6271825:1","sian-part-2482 sian-part-2483 sian-part-2484 sian-part-2481","",""
"726","sian-726","6394695","124","2","2","6121485:1 6273708:1","sian-part-2485 sian-part-2486","",""
"727","sian-727","6394695","124","5","5","6279875:2 6299413:2 6286222:1","sian-part-2490 sian-part-2491 sian-part-2487 sian-part-2489 sian-part-2488","",""
"728","sian-728","6394695","124","4","4","4495935:1 6279875:3","sian-part-2494 sian-part-2492 sian-part-2493 sian-part-2495","",""
"729","sian-729","6394695","125","3","3","6279875:2 6308236:1","sian-part-2497 sian-part-2498 sian-part-2496","",""
"730","sian-730","6394695","125","9","9","6279875:3 4142865:1 6167281:1 4164133:2 6273708:1 4162857:1","sian-part-2505 sian-part-2506 sian-part-2507 sian-part-2500 sian-part-2503 sian-part-2501 sian-part-2502 sian-part-2504 sian-part-2499","",""
"731","sian-731","6394695","126","2","2","6250242:1 4142822:1","sian-part-2508 sian-part-2509","",""
"732","sian-732","6394695","126","1","1","4558775:1","sian-part-2510","",""
"733","sian-733","6394695","126","8","8","4142822:1 6279875:4 4142823:1 6299413:2","sian-part-2512 sian-part-2511 sian-part-2513 sian-part-2514 sian-part-2516 sian-part-2515 sian-part-2517 sian-part-2518","",""
"734","sian-734","6394695","127","3","3","6302741:1 6299413:1 4142823:1","sian-part-2521 sian-part-2520 sian-part-2519","",""
"735","sian-735","6394695","127","0","0","","","Turn the second side intake panel","sian-part-2482 sian-part-2483 sian-part-2484 sian-part-2481 sian-part-2485 sian-part-2486 sian-part-2490 sian-part-2491 sian-part-2487 sian-part-2489 sian-part-2488 sian-part-2494 sian-part-2492 sian-part-2493 sian-part-2495 sian-part-2497 sian-part-2498 sian-part-2496 sian-part-2505 sian-part-2506 sian-part-2507 sian-part-2500 sian-part-2503 sian-part-2501 sian-part-2502 sian-part-2504 sian-part-2499 sian-part-2508 sian-part-2509 sian-part-2510 sian-part-2512 sian-part-2511 sian-part-2513 sian-part-2514 sian-part-2516 sian-part-2515 sian-part-2517 sian-part-2518 sian-part-2521 sian-part-2520 sian-part-2519"
"736","sian-736","6394695","128","0","0","","","Attach the second side intake panel","sian-part-2482 sian-part-2483 sian-part-2484 sian-part-2481 sian-part-2485 sian-part-2486 sian-part-2490 sian-part-2491 sian-part-2487 sian-part-2489 sian-part-2488 sian-part-2494 sian-part-2492 sian-part-2493 sian-part-2495 sian-part-2497 sian-part-2498 sian-part-2496 sian-part-2505 sian-part-2506 sian-part-2507 sian-part-2500 sian-part-2503 sian-part-2501 sian-part-2502 sian-part-2504 sian-part-2499 sian-part-2508 sian-part-2509 sian-part-2510 sian-part-2512 sian-part-2511 sian-part-2513 sian-part-2514 sian-part-2516 sian-part-2515 sian-part-2517 sian-part-2518 sian-part-2521 sian-part-2520 sian-part-2519"
"737","sian-737","6394695","129","3","3","4107828:2 6089119:1","sian-part-2523 sian-part-2524 sian-part-2522","",""
"738","sian-738","6394695","129","2","2","4512363:1 6150003:1","sian-part-2526 sian-part-2525","",""
"739","sian-739","6394695","129","4","4","6322197:1 370526:1 4512363:1 6275844:1","sian-part-2529 sian-part-2527 sian-part-2530 sian-part-2528","",""
"740","sian-740","6394695","129","2","2","4206482:1 6209519:1","sian-part-2531 sian-part-2532","",""
"741","sian-741","6394695","130","4","4","6209519:1 6279875:1 4645732:1 6271825:1","sian-part-2535 sian-part-2534 sian-part-2533 sian-part-2536","",""
"742","sian-742","6394695","130","3","3","6299413:1 6150003:1 6302741:1","sian-part-2537 sian-part-2539 sian-part-2538","",""
"743","sian-743","6394695","130","5","5","6279875:1 6302741:1 4142135:1 6299413:1 4143005:1","sian-part-2540 sian-part-2544 sian-part-2541 sian-part-2543 sian-part-2542","",""
"744","sian-744","6394695","131","0","0","","","Attach the second rear quarter support","sian-part-2523 sian-part-2524 sian-part-2522 sian-part-2526 sian-part-2525 sian-part-2529 sian-part-2527 sian-part-2530 sian-part-2528 sian-part-2531 sian-part-2532 sian-part-2535 sian-part-2534 sian-part-2533 sian-part-2536 sian-part-2537 sian-part-2539 sian-part-2538 sian-part-2540 sian-part-2544 sian-part-2541 sian-part-2543 sian-part-2542"
"745","sian-745","6394695","132","2","2","6299413:1 6121485:1","sian-part-2548 sian-part-2549","",""
"746","sian-746","6394695","132","1","1","6311092:1","sian-part-2545","",""
"747","sian-747","6394695","132","2","2","4499858:1 6121485:1","sian-part-2550 sian-part-2551","",""
"748","sian-748","6394695","132","2","2","6208345:1 6275844:1","sian-part-2552 sian-part-2553","",""
"749","sian-749","6394695","132","1","1","6307436:1","sian-part-2554","",""
"750","sian-750","6394695","133","0","0","","","Attach the second rear mudguard","sian-part-2548 sian-part-2549 sian-part-2545 sian-part-2550 sian-part-2551 sian-part-2552 sian-part-2553 sian-part-2554"
"751","sian-751","6394695","134 135","5","5","6261378:1 6308242:1 6305373:1 6299413:1 6279875:1","sian-part-2558 sian-part-2556 sian-part-2559 sian-part-2555 sian-part-2557","",""
"752","sian-752","6394695","136","3","3","4107828:2 4206482:1","sian-part-2561 sian-part-2562 sian-part-2563","",""
"753","sian-753","6394695","136","2","2","4211815:1 6265091:1","sian-part-2560 sian-part-2564","",""
"754","sian-754","6394695","136","2","2","6121485:1 6288220:1","sian-part-2565 sian-part-2567","",""
"755","sian-755","6394695","136","2","2","6316923:1 4211815:1","sian-part-2568 sian-part-2566","",""
"756","sian-756","6394695","137","6","6","6279875:4 4142135:2","sian-part-2569 sian-part-2570 sian-part-2572 sian-part-2573 sian-part-2571 sian-part-2574","",""
"757","sian-757","6394695","137","3","3","6299413:3","sian-part-2575 sian-part-2576 sian-part-2577","",""
"758","sian-758","6394695","137","2","2","6121485:1 6273708:1","sian-part-2578 sian-part-2579","",""
"759","sian-759","6394695","137","2","2","4541924:1 6278152:1","sian-part-2580 sian-part-2581","",""
"760","sian-760","6394695","138","0","0","","","Attach the second rear corner bodywork","sian-part-2561 sian-part-2562 sian-part-2563 sian-part-2560 sian-part-2564 sian-part-2565 sian-part-2567 sian-part-2568 sian-part-2566 sian-part-2569 sian-part-2570 sian-part-2572 sian-part-2573 sian-part-2571 sian-part-2574 sian-part-2575 sian-part-2576 sian-part-2577 sian-part-2578 sian-part-2579 sian-part-2580 sian-part-2581"
"761","sian-761","6394695","139","4","4","6305373:1 6279875:2 6218484:1","sian-part-2582 sian-part-2583 sian-part-2584 sian-part-2585","",""
"762","sian-762","6394695","140 141","7","7","4107081:1 4107828:2 6299413:1 6139205:1 4508553:1 6209519:1","sian-part-2591 sian-part-2588 sian-part-2589 sian-part-2587 sian-part-2592 sian-part-2590 sian-part-2586","",""
"763","sian-763","6394695","142","1","1","6308245:1","sian-part-2593","",""
"764","sian-764","6394695","143","4","4","6279875:3 6004097:1","sian-part-2595 sian-part-2596 sian-part-2597 sian-part-2594","",""
"765","sian-765","6394695","143","2","2","6083620:1 6265091:1","sian-part-2599 sian-part-2598","",""
"766","sian-766","6394695","143","1","1","6250234:1","sian-part-2602","",""
"767","sian-767","6394695","143","2","2","6275844:1 6280393:1","sian-part-2601 sian-part-2600","",""
"768","sian-768","6394695","144","3","3","4143005:2 6279875:1","sian-part-2604 sian-part-2605 sian-part-2603","",""
"769","sian-769","6394695","144","3","3","4621557:1 4164037:1 6033782:1","sian-part-2607 sian-part-2606 sian-part-2608","",""
"770","sian-770","6394695","144","0","0","","","Turn the second engine side panel","sian-part-2595 sian-part-2596 sian-part-2597 sian-part-2594 sian-part-2599 sian-part-2598 sian-part-2602 sian-part-2601 sian-part-2600 sian-part-2604 sian-part-2605 sian-part-2603 sian-part-2607 sian-part-2606 sian-part-2608"
"771","sian-771","6394695","145","0","0","","","Attach the second engine side panel","sian-part-2595 sian-part-2596 sian-part-2597 sian-part-2594 sian-part-2599 sian-part-2598 sian-part-2602 sian-part-2601 sian-part-2600 sian-part-2604 sian-part-2605 sian-part-2603 sian-part-2607 sian-part-2606 sian-part-2608"
"772","sian-772","6394695","146","4","4","370526:1 6307436:3","sian-part-2622 sian-part-2624 sian-part-2625 sian-part-2626","",""
"773","sian-773","6394695","146","2","2","4206482:1 6308232:1","sian-part-2630 sian-part-2609","",""
"774","sian-774","6394695","146","1","1","6308241:1","sian-part-2636","",""
"775","sian-775","6394695","146","6","6","4206482:1 370526:1 6307436:3 6308232:1","sian-part-2631 sian-part-2623 sian-part-2627 sian-part-2628 sian-part-2629 sian-part-2611","",""
"776","sian-776","6394695","147","4","4","4109810:2 6308232:2","sian-part-2610 sian-part-2612 sian-part-2614 sian-part-2615","",""
"777","sian-777","6394695","147","11","11","4109810:5 6299413:2 6308232:4","sian-part-2613 sian-part-2616 sian-part-2617 sian-part-2632 sian-part-2633 sian-part-2618 sian-part-2619 sian-part-2620 sian-part-2621 sian-part-2634 sian-part-2635","",""
"778","sian-778","6394695","148","11","11","6299413:1 6308233:1 6308232:1 6218483:1 6307436:1 6326619:2 4109810:1 6308234:1 6325515:1 6279875:1","sian-part-2641 sian-part-2663 sian-part-2637 sian-part-2652 sian-part-2638 sian-part-2639 sian-part-2646 sian-part-2642 sian-part-2643 sian-part-2661 sian-part-2640","",""
"779","sian-779","6394695","149","2","2","6308234:1 6218483:1","sian-part-2650 sian-part-2664","",""
"780","sian-780","6394695","149","6","6","6279875:1 4109810:1 6218484:1 6326619:1 6307436:1 6302741:1","sian-part-2647 sian-part-2649 sian-part-2657 sian-part-2653 sian-part-2645 sian-part-2667","",""
"781","sian-781","6394695","150","11","11","6299413:1 6308233:1 6308232:1 6218484:1 6308234:1 6325515:1 6279875:1 6326619:2 6307436:1 4109810:1","sian-part-2648 sian-part-2670 sian-part-2644 sian-part-2665 sian-part-2651 sian-part-2668 sian-part-2666 sian-part-2658 sian-part-2662 sian-part-2654 sian-part-2655","",""
"782","sian-782","6394695","151","2","2","6218484:1 6308234:1","sian-part-2671 sian-part-2656","",""
"783","sian-783","6394695","151","6","6","6279875:1 6302741:1 4109810:1 6218483:1 6307436:1 6326619:1","sian-part-2673 sian-part-2674 sian-part-2660 sian-part-2672 sian-part-2659 sian-part-2669","",""
"784","sian-784","6394695","152","0","0","","","Attach the rear upper body panel","sian-part-2622 sian-part-2624 sian-part-2625 sian-part-2626 sian-part-2630 sian-part-2609 sian-part-2636 sian-part-2631 sian-part-2623 sian-part-2627 sian-part-2628 sian-part-2629 sian-part-2611 sian-part-2610 sian-part-2612 sian-part-2614 sian-part-2615 sian-part-2613 sian-part-2616 sian-part-2617 sian-part-2632 sian-part-2633 sian-part-2618 sian-part-2619 sian-part-2620 sian-part-2621 sian-part-2634 sian-part-2635 sian-part-2641 sian-part-2663 sian-part-2637 sian-part-2652 sian-part-2638 sian-part-2639 sian-part-2646 sian-part-2642 sian-part-2643 sian-part-2661 sian-part-2640 sian-part-2650 sian-part-2664 sian-part-2647 sian-part-2649 sian-part-2657 sian-part-2653 sian-part-2645 sian-part-2667 sian-part-2648 sian-part-2670 sian-part-2644 sian-part-2665 sian-part-2651 sian-part-2668 sian-part-2666 sian-part-2658 sian-part-2662 sian-part-2654 sian-part-2655 sian-part-2671 sian-part-2656 sian-part-2673 sian-part-2674 sian-part-2660 sian-part-2672 sian-part-2659 sian-part-2669"
"785","sian-785","6394695","153","4","4","6279875:2 6250232:1 6271826:1","sian-part-2676 sian-part-2677 sian-part-2678 sian-part-2675","",""
"786","sian-786","6394695","154","4","4","6279875:2 6250232:1 6271826:1","sian-part-2680 sian-part-2681 sian-part-2682 sian-part-2679","",""
"787","sian-787","6394695","155","4","4","6209519:2 6261378:2","sian-part-2683 sian-part-2684 sian-part-2685 sian-part-2686","",""
"788","sian-788","6394695","156","4","4","6279875:2 6271826:2","sian-part-2687 sian-part-2688 sian-part-2689 sian-part-2690","",""
"789","sian-789","6394695","157","16","16","6299413:12 6293920:2 6308236:2","sian-part-2691 sian-part-2692 sian-part-2693 sian-part-2694 sian-part-2696 sian-part-2697 sian-part-2698 sian-part-2699 sian-part-2700 sian-part-2701 sian-part-2703 sian-part-2704 sian-part-2705 sian-part-2706 sian-part-2695 sian-part-2702","",""
"790","sian-790","6394695","158","6","6","6308230:2 6326619:4","sian-part-2707 sian-part-2708 sian-part-2709 sian-part-2710 sian-part-2711 sian-part-2712","",""
"791","sian-791","6394695","159","6","6","6279875:3 6299413:2 4661486:1","sian-part-2719 sian-part-2720 sian-part-2722 sian-part-2713 sian-part-2714 sian-part-2721","",""
"792","sian-792","6394695","159","3","3","6308236:2 6302741:1","sian-part-2717 sian-part-2718 sian-part-2723","",""
"793","sian-793","6394695","159","5","5","6308230:1 6299413:4","sian-part-2726 sian-part-2715 sian-part-2716 sian-part-2724 sian-part-2725","",""
"794","sian-794","6394695","160","6","6","4142865:2 6279875:1 4512363:2 6271869:1","sian-part-2729 sian-part-2730 sian-part-2727 sian-part-2731 sian-part-2732 sian-part-2728","",""
"795","sian-795","6394695","160","2","2","6282140:2","sian-part-2733 sian-part-2734","",""
"796","sian-796","6394695","160","4","4","4211815:2 6322045:2","sian-part-2735 sian-part-2736 sian-part-2737 sian-part-2738","",""
"797","sian-797","6394695","160","6","6","4143005:2 4206482:2 6322045:2","sian-part-2739 sian-part-2742 sian-part-2741 sian-part-2744 sian-part-2740 sian-part-2743","",""
"798","sian-798","6394695","161","0","0","","","Turn the roof crossbeam","sian-part-2719 sian-part-2720 sian-part-2722 sian-part-2713 sian-part-2714 sian-part-2721 sian-part-2717 sian-part-2718 sian-part-2723 sian-part-2726 sian-part-2715 sian-part-2716 sian-part-2724 sian-part-2725 sian-part-2729 sian-part-2730 sian-part-2727 sian-part-2731 sian-part-2732 sian-part-2728 sian-part-2733 sian-part-2734 sian-part-2735 sian-part-2736 sian-part-2737 sian-part-2738 sian-part-2739 sian-part-2742 sian-part-2741 sian-part-2744 sian-part-2740 sian-part-2743"
"799","sian-799","6394695","161","0","0","","","Attach the roof crossbeam","sian-part-2719 sian-part-2720 sian-part-2722 sian-part-2713 sian-part-2714 sian-part-2721 sian-part-2717 sian-part-2718 sian-part-2723 sian-part-2726 sian-part-2715 sian-part-2716 sian-part-2724 sian-part-2725 sian-part-2729 sian-part-2730 sian-part-2727 sian-part-2731 sian-part-2732 sian-part-2728 sian-part-2733 sian-part-2734 sian-part-2735 sian-part-2736 sian-part-2737 sian-part-2738 sian-part-2739 sian-part-2742 sian-part-2741 sian-part-2744 sian-part-2740 sian-part-2743"
"800","sian-800","6394695","162","2","2","6302735:2","sian-part-2745 sian-part-2746","",""
"801","sian-801","6394695","163","4","4","6303394:2 6302735:2","sian-part-2747 sian-part-2749 sian-part-2748 sian-part-2750","",""
"802","sian-802","6394695","164","2","2","6299413:1 6261378:1","sian-part-2751 sian-part-2752","",""
"803","sian-803","6394695","164","1","1","6271826:1","sian-part-2753","",""
"804","sian-804","6394695","164","2","2","4211815:1 6299413:1","sian-part-2755 sian-part-2754","",""
"805","sian-805","6394695","164","2","2","4542573:1 6271826:1","sian-part-2756 sian-part-2757","",""
"806","sian-806","6394695","165","5","5","6279875:1 4142135:1 6299413:3","sian-part-2761 sian-part-2760 sian-part-2758 sian-part-2759 sian-part-2762","",""
"807","sian-807","6394695","165","5","5","6299413:1 4645732:1 6265091:2 6279875:1","sian-part-2763 sian-part-2773 sian-part-2769 sian-part-2770 sian-part-2766","",""
"808","sian-808","6394695","166","7","7","6275844:1 6299413:2 6130010:1 4142135:1 6265091:2","sian-part-2772 sian-part-2767 sian-part-2768 sian-part-2771 sian-part-2764 sian-part-2779 sian-part-2780","",""
"809","sian-809","6394695","167","3","3","6279875:1 4142135:1 6299413:1","sian-part-2777 sian-part-2765 sian-part-2775","",""
"810","sian-810","6394695","167","5","5","6299413:1 4645732:1 6265091:2 6279875:1","sian-part-2776 sian-part-2774 sian-part-2781 sian-part-2782 sian-part-2778","",""
"811","sian-811","6394695","168","4","4","6299413:2 6273708:2","sian-part-2783 sian-part-2784 sian-part-2785 sian-part-2786","",""
"812","sian-812","6394695","168","6","6","4206482:2 6089119:2 6261378:2","sian-part-2787 sian-part-2788 sian-part-2793 sian-part-2794 sian-part-2789 sian-part-2790","",""
"813","sian-813","6394695","169","4","4","4142135:2 6299413:2","sian-part-2791 sian-part-2792 sian-part-2795 sian-part-2798","",""
"814","sian-814","6394695","169","3","3","6299413:1 6265091:2","sian-part-2799 sian-part-2796 sian-part-2797","",""
"815","sian-815","6394695","170","11","11","4143005:8 4542573:1 4211815:2","sian-part-2803 sian-part-2804 sian-part-2805 sian-part-2806 sian-part-2807 sian-part-2808 sian-part-2809 sian-part-2810 sian-part-2802 sian-part-2800 sian-part-2801","",""
"816","sian-816","6394695","171","4","4","6089119:2 6273708:2","sian-part-2813 sian-part-2814 sian-part-2811 sian-part-2812","",""
"817","sian-817","6394695","172","2","2","4211805:1 6265091:1","sian-part-2818 sian-part-2819","",""
"818","sian-818","6394695","172","3","3","6279875:1 6265091:1 4142822:1","sian-part-2821 sian-part-2822 sian-part-2820","",""
"819","sian-819","6394695","172","4","4","4142822:2 6265091:1 6299413:1","sian-part-2824 sian-part-2826 sian-part-2825 sian-part-2827","",""
"820","sian-820","6394695","172","1","1","6265091:1","sian-part-2828","",""
"821","sian-821","6394695","173","2","2","6279875:2","sian-part-2823 sian-part-2829","",""
"822","sian-822","6394695","173","1","1","6130008:1","sian-part-2817","",""
"823","sian-823","6394695","174","2","2","6265091:2","sian-part-2815 sian-part-2816","",""
"824","sian-824","6394695","174","4","4","6299413:2 6265091:2","sian-part-2831 sian-part-2833 sian-part-2830 sian-part-2832","",""
"825","sian-825","6394695","175","16","16","307026:4 302326:4 346026:2 4515373:4 4121966:2","sian-part-2837 sian-part-2838 sian-part-2845 sian-part-2846 sian-part-2835 sian-part-2836 sian-part-2843 sian-part-2844 sian-part-2834 sian-part-2842 sian-part-2840 sian-part-2841 sian-part-2848 sian-part-2849 sian-part-2839 sian-part-2847","",""
"826","sian-826","6394695","176","26","26","6279875:16 4645732:2 4114634:8","sian-part-2851 sian-part-2852 sian-part-2853 sian-part-2854 sian-part-2857 sian-part-2858 sian-part-2861 sian-part-2862 sian-part-2864 sian-part-2865 sian-part-2866 sian-part-2867 sian-part-2870 sian-part-2871 sian-part-2874 sian-part-2875 sian-part-2850 sian-part-2863 sian-part-2855 sian-part-2856 sian-part-2859 sian-part-2860 sian-part-2868 sian-part-2869 sian-part-2872 sian-part-2873","",""
"827","sian-827","6394695","177","2","2","4645732:1 4143005:1","sian-part-2876 sian-part-2877","",""
"828","sian-828","6394695","177","2","2","6278152:2","sian-part-2878 sian-part-2879","",""
"829","sian-829","6394695","178","3","3","6250242:1 6308233:1 6326619:1","sian-part-2880 sian-part-2881 sian-part-2882","",""
"830","sian-830","6394695","178","2","2","6279875:1 6299413:1","sian-part-2884 sian-part-2883","",""
"831","sian-831","6394695","178","2","2","4206482:1 6273708:1","sian-part-2885 sian-part-2886","",""
"832","sian-832","6394695","178","1","1","6123815:1","sian-part-2887","",""
"833","sian-833","6394695","179","1","1","6250235:1","sian-part-2888","",""
"834","sian-834","6394695","179","3","3","4143005:1 6218483:1 6308234:1","sian-part-2891 sian-part-2889 sian-part-2890","",""
"835","sian-835","6394695","179","0","0","","","Turn the first engine cover end panel","sian-part-2880 sian-part-2881 sian-part-2882 sian-part-2884 sian-part-2883 sian-part-2885 sian-part-2886 sian-part-2887 sian-part-2888 sian-part-2891 sian-part-2889 sian-part-2890"
"836","sian-836","6394695","179","0","0","","","Attach and fold the first engine cover end panel","sian-part-2880 sian-part-2881 sian-part-2882 sian-part-2884 sian-part-2883 sian-part-2885 sian-part-2886 sian-part-2887 sian-part-2888 sian-part-2891 sian-part-2889 sian-part-2890"
"837","sian-837","6394695","180","3","3","6250243:1 6308233:1 6326619:1","sian-part-2892 sian-part-2893 sian-part-2894","",""
"838","sian-838","6394695","180","2","2","6279875:1 6299413:1","sian-part-2896 sian-part-2895","",""
"839","sian-839","6394695","180","2","2","4206482:1 6273708:1","sian-part-2897 sian-part-2898","",""
"840","sian-840","6394695","180","1","1","6123815:1","sian-part-2899","",""
"841","sian-841","6394695","181","1","1","6250234:1","sian-part-2900","",""
"842","sian-842","6394695","181","3","3","4143005:1 6218484:1 6308234:1","sian-part-2903 sian-part-2901 sian-part-2902","",""
"843","sian-843","6394695","181","0","0","","","Turn the second engine cover end panel","sian-part-2892 sian-part-2893 sian-part-2894 sian-part-2896 sian-part-2895 sian-part-2897 sian-part-2898 sian-part-2899 sian-part-2900 sian-part-2903 sian-part-2901 sian-part-2902"
"844","sian-844","6394695","181","0","0","","","Attach and fold the second engine cover end panel","sian-part-2892 sian-part-2893 sian-part-2894 sian-part-2896 sian-part-2895 sian-part-2897 sian-part-2898 sian-part-2899 sian-part-2900 sian-part-2903 sian-part-2901 sian-part-2902"
"845","sian-845","6394695","182","3","3","6279875:2 6182382:1","sian-part-2905 sian-part-2906 sian-part-2904","",""
"846","sian-846","6394695","182","1","1","6250242:1","sian-part-2907","",""
"847","sian-847","6394695","182","4","4","370526:2 6276969:2","sian-part-2908 sian-part-2909 sian-part-2910 sian-part-2911","",""
"848","sian-848","6394695","182","0","0","","","Turn the first engine cover side panel","sian-part-2905 sian-part-2906 sian-part-2904 sian-part-2907 sian-part-2908 sian-part-2909 sian-part-2910 sian-part-2911"
"849","sian-849","6394695","183","0","0","","","Attach the first engine cover side panel","sian-part-2905 sian-part-2906 sian-part-2904 sian-part-2907 sian-part-2908 sian-part-2909 sian-part-2910 sian-part-2911"
"850","sian-850","6394695","183","3","3","6279875:2 6308244:1","sian-part-2913 sian-part-2914 sian-part-2912","",""
"851","sian-851","6394695","183","1","1","6250243:1","sian-part-2915","",""
"852","sian-852","6394695","184","4","4","370526:2 6276969:2","sian-part-2916 sian-part-2917 sian-part-2918 sian-part-2919","",""
"853","sian-853","6394695","184","0","0","","","Turn the second engine cover side panel","sian-part-2913 sian-part-2914 sian-part-2912 sian-part-2915 sian-part-2916 sian-part-2917 sian-part-2918 sian-part-2919"
"854","sian-854","6394695","184","0","0","","","Attach the second engine cover side panel","sian-part-2913 sian-part-2914 sian-part-2912 sian-part-2915 sian-part-2916 sian-part-2917 sian-part-2918 sian-part-2919"
"855","sian-855","6394695","185","13","13","6279875:4 389426:2 6139205:1 306801:2 306821:2 4107762:2","sian-part-2920 sian-part-2921 sian-part-2926 sian-part-2927 sian-part-2922 sian-part-2928 sian-part-2932 sian-part-2924 sian-part-2930 sian-part-2925 sian-part-2931 sian-part-2923 sian-part-2929","",""
"856","sian-856","6394695","186","0","0","","","Place the completed engine cover on the car","sian-part-2751 sian-part-2752 sian-part-2753 sian-part-2755 sian-part-2754 sian-part-2756 sian-part-2757 sian-part-2761 sian-part-2760 sian-part-2758 sian-part-2759 sian-part-2762 sian-part-2763 sian-part-2773 sian-part-2769 sian-part-2770 sian-part-2766 sian-part-2772 sian-part-2767 sian-part-2768 sian-part-2771 sian-part-2764 sian-part-2779 sian-part-2780 sian-part-2777 sian-part-2765 sian-part-2775 sian-part-2776 sian-part-2774 sian-part-2781 sian-part-2782 sian-part-2778 sian-part-2783 sian-part-2784 sian-part-2785 sian-part-2786 sian-part-2787 sian-part-2788 sian-part-2793 sian-part-2794 sian-part-2789 sian-part-2790 sian-part-2791 sian-part-2792 sian-part-2795 sian-part-2798 sian-part-2799 sian-part-2796 sian-part-2797 sian-part-2803 sian-part-2804 sian-part-2805 sian-part-2806 sian-part-2807 sian-part-2808 sian-part-2809 sian-part-2810 sian-part-2802 sian-part-2800 sian-part-2801 sian-part-2813 sian-part-2814 sian-part-2811 sian-part-2812 sian-part-2818 sian-part-2819 sian-part-2821 sian-part-2822 sian-part-2820 sian-part-2824 sian-part-2826 sian-part-2825 sian-part-2827 sian-part-2828 sian-part-2823 sian-part-2829 sian-part-2817 sian-part-2815 sian-part-2816 sian-part-2831 sian-part-2833 sian-part-2830 sian-part-2832 sian-part-2837 sian-part-2838 sian-part-2845 sian-part-2846 sian-part-2835 sian-part-2836 sian-part-2843 sian-part-2844 sian-part-2834 sian-part-2842 sian-part-2840 sian-part-2841 sian-part-2848 sian-part-2849 sian-part-2839 sian-part-2847 sian-part-2851 sian-part-2852 sian-part-2853 sian-part-2854 sian-part-2857 sian-part-2858 sian-part-2861 sian-part-2862 sian-part-2864 sian-part-2865 sian-part-2866 sian-part-2867 sian-part-2870 sian-part-2871 sian-part-2874 sian-part-2875 sian-part-2850 sian-part-2863 sian-part-2855 sian-part-2856 sian-part-2859 sian-part-2860 sian-part-2868 sian-part-2869 sian-part-2872 sian-part-2873 sian-part-2876 sian-part-2877 sian-part-2878 sian-part-2879 sian-part-2880 sian-part-2881 sian-part-2882 sian-part-2884 sian-part-2883 sian-part-2885 sian-part-2886 sian-part-2887 sian-part-2888 sian-part-2891 sian-part-2889 sian-part-2890 sian-part-2892 sian-part-2893 sian-part-2894 sian-part-2896 sian-part-2895 sian-part-2897 sian-part-2898 sian-part-2899 sian-part-2900 sian-part-2903 sian-part-2901 sian-part-2902 sian-part-2905 sian-part-2906 sian-part-2904 sian-part-2907 sian-part-2908 sian-part-2909 sian-part-2910 sian-part-2911 sian-part-2913 sian-part-2914 sian-part-2912 sian-part-2915 sian-part-2916 sian-part-2917 sian-part-2918 sian-part-2919 sian-part-2920 sian-part-2921 sian-part-2926 sian-part-2927 sian-part-2922 sian-part-2928 sian-part-2932 sian-part-2924 sian-part-2930 sian-part-2925 sian-part-2931 sian-part-2923 sian-part-2929"
"857","sian-857","6394695","187","2","2","6303399:2","sian-part-2933 sian-part-2934","",""
"858","sian-858","6394695","193","3","3","4495931:1 6299413:2","sian-part-2935 sian-part-2936 sian-part-2937","",""
"859","sian-859","6394695","193","2","2","4495931:2","sian-part-2938 sian-part-2939","",""
"860","sian-860","6394695","193","4","4","6279875:4","sian-part-2940 sian-part-2941 sian-part-2942 sian-part-2943","",""
"861","sian-861","6394695","193","2","2","6080356:2","sian-part-2944 sian-part-2945","",""
"862","sian-862","6394695","194","10","10","4645732:2 6299413:4 6302741:1 4142135:1 6271825:1 6279875:1","sian-part-2946 sian-part-2949 sian-part-2947 sian-part-2951 sian-part-2952 sian-part-2953 sian-part-2950 sian-part-2954 sian-part-2955 sian-part-2948","",""
"863","sian-863","6394695","195","10","10","4645732:2 4142135:1 6279875:1 6271825:1 6299413:4 6302741:1","sian-part-2956 sian-part-2959 sian-part-2964 sian-part-2958 sian-part-2965 sian-part-2957 sian-part-2961 sian-part-2962 sian-part-2963 sian-part-2960","",""
"864","sian-864","6394695","196","5","5","4522933:1 6279875:4","sian-part-2970 sian-part-2966 sian-part-2967 sian-part-2968 sian-part-2969","",""
"865","sian-865","6394695","196","6","6","6279875:4 6299413:2","sian-part-2971 sian-part-2972 sian-part-2977 sian-part-2981 sian-part-2973 sian-part-2974","",""
"866","sian-866","6394695","197","10","10","6089119:2 4645732:2 6279875:2 6265091:2 6007966:2","sian-part-2978 sian-part-2982 sian-part-2975 sian-part-2976 sian-part-2985 sian-part-2986 sian-part-2979 sian-part-2983 sian-part-2980 sian-part-2984","",""
"867","sian-867","6394695","198","8","8","4211807:2 6279875:4 6282140:2","sian-part-2987 sian-part-2988 sian-part-2989 sian-part-2990 sian-part-2991 sian-part-2992 sian-part-2993 sian-part-2994","",""
"868","sian-868","6394695","198","6","6","4206482:2 6299413:4","sian-part-2999 sian-part-3000 sian-part-2995 sian-part-2996 sian-part-2997 sian-part-2998","",""
"869","sian-869","6394695","199","3","3","6293920:1 4142135:2","sian-part-3001 sian-part-3002 sian-part-3003","",""
"870","sian-870","6394695","200","8","8","4142823:2 4552347:2 6279875:4","sian-part-3012 sian-part-3013 sian-part-3004 sian-part-3005 sian-part-3008 sian-part-3009 sian-part-3010 sian-part-3011","",""
"871","sian-871","6394695","200","4","4","6299413:2 6265091:2","sian-part-3006 sian-part-3007 sian-part-3014 sian-part-3015","",""
"872","sian-872","6394695","201","3","3","6271826:1 6299413:2","sian-part-3018 sian-part-3017 sian-part-3019","",""
"873","sian-873","6394695","201","2","2","4142822:1 6211876:1","sian-part-3020 sian-part-3016","",""
"874","sian-874","6394695","201","1","1","6271826:1","sian-part-3021","",""
"875","sian-875","6394695","201","2","2","6279875:1 6299413:1","sian-part-3023 sian-part-3022","",""
"876","sian-876","6394695","201","2","2","4661486:2","sian-part-3024 sian-part-3025","",""
"877","sian-877","6394695","202","2","2","6130008:1 6302741:1","sian-part-3026 sian-part-3027","",""
"878","sian-878","6394695","202","4","4","6209519:2 6273708:2","sian-part-3028 sian-part-3029 sian-part-3030 sian-part-3031","",""
"879","sian-879","6394695","202","0","0","","","Attach the center nose panel to the bumper frame","sian-part-3018 sian-part-3017 sian-part-3019 sian-part-3020 sian-part-3016 sian-part-3021 sian-part-3023 sian-part-3022 sian-part-3024 sian-part-3025 sian-part-3026 sian-part-3027 sian-part-3028 sian-part-3029 sian-part-3030 sian-part-3031"
"880","sian-880","6394695","203","6","6","6279875:4 6211876:2","sian-part-3032 sian-part-3033 sian-part-3034 sian-part-3035 sian-part-3036 sian-part-3037","",""
"881","sian-881","6394695","203","8","8","6279875:2 6089119:2 6307436:2 6308232:2","sian-part-3038 sian-part-3039 sian-part-3040 sian-part-3041 sian-part-3042 sian-part-3043 sian-part-3044 sian-part-3045","",""
"882","sian-882","6394695","204","4","4","6279875:1 6167281:1 6326619:1 6218484:1","sian-part-3049 sian-part-3048 sian-part-3050 sian-part-3051","",""
"883","sian-883","6394695","205","4","4","6279875:1 6167281:1 6326619:1 6218483:1","sian-part-3053 sian-part-3052 sian-part-3054 sian-part-3055","",""
"884","sian-884","6394695","205","2","2","6303394:1 4109810:1","sian-part-3058 sian-part-3056","",""
"885","sian-885","6394695","206","3","3","6322197:1 4206482:2","sian-part-3057 sian-part-3046 sian-part-3047","",""
"886","sian-886","6394695","207","0","0","","","Attach the front bumper frame","sian-part-2935 sian-part-2936 sian-part-2937 sian-part-2938 sian-part-2939 sian-part-2940 sian-part-2941 sian-part-2942 sian-part-2943 sian-part-2944 sian-part-2945 sian-part-2946 sian-part-2949 sian-part-2947 sian-part-2951 sian-part-2952 sian-part-2953 sian-part-2950 sian-part-2954 sian-part-2955 sian-part-2948 sian-part-2956 sian-part-2959 sian-part-2964 sian-part-2958 sian-part-2965 sian-part-2957 sian-part-2961 sian-part-2962 sian-part-2963 sian-part-2960 sian-part-2970 sian-part-2966 sian-part-2967 sian-part-2968 sian-part-2969 sian-part-2971 sian-part-2972 sian-part-2977 sian-part-2981 sian-part-2973 sian-part-2974 sian-part-2978 sian-part-2982 sian-part-2975 sian-part-2976 sian-part-2985 sian-part-2986 sian-part-2979 sian-part-2983 sian-part-2980 sian-part-2984 sian-part-2987 sian-part-2988 sian-part-2989 sian-part-2990 sian-part-2991 sian-part-2992 sian-part-2993 sian-part-2994 sian-part-2999 sian-part-3000 sian-part-2995 sian-part-2996 sian-part-2997 sian-part-2998 sian-part-3001 sian-part-3002 sian-part-3003 sian-part-3012 sian-part-3013 sian-part-3004 sian-part-3005 sian-part-3008 sian-part-3009 sian-part-3010 sian-part-3011 sian-part-3006 sian-part-3007 sian-part-3014 sian-part-3015 sian-part-3018 sian-part-3017 sian-part-3019 sian-part-3020 sian-part-3016 sian-part-3021 sian-part-3023 sian-part-3022 sian-part-3024 sian-part-3025 sian-part-3026 sian-part-3027 sian-part-3028 sian-part-3029 sian-part-3030 sian-part-3031 sian-part-3032 sian-part-3033 sian-part-3034 sian-part-3035 sian-part-3036 sian-part-3037 sian-part-3038 sian-part-3039 sian-part-3040 sian-part-3041 sian-part-3042 sian-part-3043 sian-part-3044 sian-part-3045 sian-part-3049 sian-part-3048 sian-part-3050 sian-part-3051 sian-part-3053 sian-part-3052 sian-part-3054 sian-part-3055 sian-part-3058 sian-part-3056 sian-part-3057 sian-part-3046 sian-part-3047"
"887","sian-887","6394695","208","11","11","6299413:4 6282140:2 6080356:1 4142135:2 6279875:2","sian-part-3060 sian-part-3061 sian-part-3062 sian-part-3063 sian-part-3068 sian-part-3069 sian-part-3059 sian-part-3066 sian-part-3067 sian-part-3064 sian-part-3065","",""
"888","sian-888","6394695","209","2","2","6016154:2","sian-part-3070 sian-part-3071","",""
"889","sian-889","6394695","210","5","5","6279875:2 4522933:1 6299413:2","sian-part-3074 sian-part-3075 sian-part-3076 sian-part-3072 sian-part-3073","",""
"890","sian-890","6394695","211","7","7","4206482:2 6299413:1 6089119:1 6273708:3","sian-part-3077 sian-part-3078 sian-part-3081 sian-part-3083 sian-part-3079 sian-part-3080 sian-part-3082","",""
"891","sian-891","6394695","212","0","0","","","Fold and seat the front frame connectors","sian-part-3077 sian-part-3078 sian-part-3081 sian-part-3083 sian-part-3079 sian-part-3080 sian-part-3082"
"892","sian-892","6394695","213","2","2","6275844:1 6083620:1","sian-part-3085 sian-part-3084","",""
"893","sian-893","6394695","214","4","4","4645732:1 6301904:1 4143005:2","sian-part-3086 sian-part-3089 sian-part-3087 sian-part-3088","",""
"894","sian-894","6394695","215","4","4","6279875:2 6209519:2","sian-part-3090 sian-part-3091 sian-part-3092 sian-part-3093","",""
"895","sian-895","6394695","216","10","10","6299413:2 6083620:2 4522933:2 6273708:2 6265091:2","sian-part-3096 sian-part-3097 sian-part-3102 sian-part-3103 sian-part-3094 sian-part-3095 sian-part-3098 sian-part-3099 sian-part-3100 sian-part-3101","",""
"896","sian-896","6394695","217","14","14","6279875:4 4206482:4 4142135:2 6268905:2 6280394:2","sian-part-3108 sian-part-3109 sian-part-3115 sian-part-3116 sian-part-3105 sian-part-3106 sian-part-3112 sian-part-3113 sian-part-3107 sian-part-3114 sian-part-3104 sian-part-3111 sian-part-3110 sian-part-3117","",""
"897","sian-897","6394695","218","10","10","6279875:4 6273708:2 4211805:2 6286222:2","sian-part-3122 sian-part-3123 sian-part-3124 sian-part-3125 sian-part-3120 sian-part-3121 sian-part-3118 sian-part-3119 sian-part-3126 sian-part-3127","",""
"898","sian-898","6394695","219","4","4","4206482:2 6271825:2","sian-part-3130 sian-part-3131 sian-part-3128 sian-part-3129","",""
"899","sian-899","6394695","220","6","6","6279875:2 4206482:2 6271826:2","sian-part-3134 sian-part-3135 sian-part-3132 sian-part-3133 sian-part-3136 sian-part-3137","",""
"900","sian-900","6394695","221","6","6","4142865:4 6283865:2","sian-part-3138 sian-part-3139 sian-part-3142 sian-part-3143 sian-part-3140 sian-part-3141","",""
"901","sian-901","6394695","222","2","2","6130008:1 6280394:1","sian-part-3145 sian-part-3144","",""
"902","sian-902","6394695","222","3","3","6149985:2 6265091:1","sian-part-3147 sian-part-3148 sian-part-3146","",""
"903","sian-903","6394695","222","2","2","4142865:1 6299413:1","sian-part-3150 sian-part-3149","",""
"904","sian-904","6394695","222","2","2","6279875:1 6278125:1","sian-part-3152 sian-part-3151","",""
"905","sian-905","6394695","222","2","2","6265091:2","sian-part-3153 sian-part-3154","",""
"906","sian-906","6394695","223","2","2","4206482:1 6268905:1","sian-part-3156 sian-part-3155","",""
"907","sian-907","6394695","223","4","4","6279875:2 6273708:1 6308234:1","sian-part-3157 sian-part-3160 sian-part-3158 sian-part-3159","",""
"908","sian-908","6394695","223","4","4","4164133:2 6089119:1 6129995:1","sian-part-3162 sian-part-3163 sian-part-3161 sian-part-3164","",""
"909","sian-909","6394695","223","3","3","6299413:1 6265091:2","sian-part-3167 sian-part-3165 sian-part-3166","",""
"910","sian-910","6394695","224","3","3","370626:1 4164133:2","sian-part-3168 sian-part-3169 sian-part-3170","",""
"911","sian-911","6394695","224","1","1","6121485:1","sian-part-3171","",""
"912","sian-912","6394695","224","3","3","6089119:1 6261371:1 6150003:1","sian-part-3173 sian-part-3172 sian-part-3174","",""
"913","sian-913","6394695","225","8","8","6279875:2 4206482:1 6209519:1 6261371:1 6265091:1 4142822:1 6271825:1","sian-part-3178 sian-part-3182 sian-part-3176 sian-part-3180 sian-part-3177 sian-part-3179 sian-part-3181 sian-part-3175","",""
"914","sian-914","6394695","225","1","1","6170419:1","sian-part-3183","",""
"915","sian-915","6394695","226","4","4","6280394:1 370626:1 6284699:2","sian-part-3186 sian-part-3185 sian-part-3184 sian-part-3187","",""
"916","sian-916","6394695","226","5","5","6279875:2 4142865:1 6218483:1 6218484:1","sian-part-3188 sian-part-3189 sian-part-3191 sian-part-3192 sian-part-3190","",""
"917","sian-917","6394695","227","7","7","4142865:1 4164133:2 6261371:1 6132744:1 6279875:1 6319983:1","sian-part-3194 sian-part-3195 sian-part-3196 sian-part-3198 sian-part-3197 sian-part-3199 sian-part-3193","",""
"918","sian-918","6394695","227","5","5","4142865:1 4164133:2 6262897:1 6170419:1","sian-part-3201 sian-part-3202 sian-part-3203 sian-part-3200 sian-part-3204","",""
"919","sian-919","6394695","228","0","0","","","Attach the first headlight frame","sian-part-3145 sian-part-3144 sian-part-3147 sian-part-3148 sian-part-3146 sian-part-3150 sian-part-3149 sian-part-3152 sian-part-3151 sian-part-3153 sian-part-3154 sian-part-3156 sian-part-3155 sian-part-3157 sian-part-3160 sian-part-3158 sian-part-3159 sian-part-3162 sian-part-3163 sian-part-3161 sian-part-3164 sian-part-3167 sian-part-3165 sian-part-3166 sian-part-3168 sian-part-3169 sian-part-3170 sian-part-3171 sian-part-3173 sian-part-3172 sian-part-3174 sian-part-3178 sian-part-3182 sian-part-3176 sian-part-3180 sian-part-3177 sian-part-3179 sian-part-3181 sian-part-3175 sian-part-3183 sian-part-3186 sian-part-3185 sian-part-3184 sian-part-3187 sian-part-3188 sian-part-3189 sian-part-3191 sian-part-3192 sian-part-3190 sian-part-3194 sian-part-3195 sian-part-3196 sian-part-3198 sian-part-3197 sian-part-3199 sian-part-3193 sian-part-3201 sian-part-3202 sian-part-3203 sian-part-3200 sian-part-3204"
"920","sian-920","6394695","229","1","1","4566249:1","sian-part-3205","",""
"921","sian-921","6394695","230","7","7","4142865:1 4211815:1 4164133:2 6265091:1 6262897:1 6170419:1","sian-part-3206 sian-part-3208 sian-part-3209 sian-part-3210 sian-part-3211 sian-part-3207 sian-part-3212","",""
"922","sian-922","6394695","231","1","1","6218483:1","sian-part-3213","",""
"923","sian-923","6394695","232","3","3","6279875:1 6089119:1 6250235:1","sian-part-3215 sian-part-3216 sian-part-3214","",""
"924","sian-924","6394695","232","2","2","6322197:1 4661486:1","sian-part-3218 sian-part-3217","",""
"925","sian-925","6394695","232","4","4","6057802:1 6299413:2 6273708:1","sian-part-3221 sian-part-3219 sian-part-3220 sian-part-3222","",""
"926","sian-926","6394695","232","0","0","","","Turn the second front corner panel","sian-part-3215 sian-part-3216 sian-part-3214 sian-part-3218 sian-part-3217 sian-part-3221 sian-part-3219 sian-part-3220 sian-part-3222"
"927","sian-927","6394695","233","0","0","","","Attach the second front corner panel","sian-part-3215 sian-part-3216 sian-part-3214 sian-part-3218 sian-part-3217 sian-part-3221 sian-part-3219 sian-part-3220 sian-part-3222"
"928","sian-928","6394695","234","2","2","6130008:1 6280394:1","sian-part-3224 sian-part-3223","",""
"929","sian-929","6394695","234","3","3","6149985:2 6265091:1","sian-part-3226 sian-part-3227 sian-part-3225","",""
"930","sian-930","6394695","234","2","2","4142865:1 6299413:1","sian-part-3229 sian-part-3228","",""
"931","sian-931","6394695","234","2","2","6279875:1 6278125:1","sian-part-3231 sian-part-3230","",""
"932","sian-932","6394695","235","2","2","6265091:2","sian-part-3232 sian-part-3233","",""
"933","sian-933","6394695","235","2","2","4206482:1 6268905:1","sian-part-3235 sian-part-3234","",""
"934","sian-934","6394695","235","4","4","6279875:2 6273708:1 6308234:1","sian-part-3236 sian-part-3239 sian-part-3237 sian-part-3238","",""
"935","sian-935","6394695","235","4","4","4164133:2 6089119:1 6129995:1","sian-part-3241 sian-part-3242 sian-part-3240 sian-part-3243","",""
"936","sian-936","6394695","236","3","3","6299413:1 6265091:2","sian-part-3246 sian-part-3244 sian-part-3245","",""
"937","sian-937","6394695","236","3","3","370626:1 4164133:2","sian-part-3247 sian-part-3248 sian-part-3249","",""
"938","sian-938","6394695","236","1","1","6121485:1","sian-part-3250","",""
"939","sian-939","6394695","236","3","3","6089119:1 6261371:1 6150003:1","sian-part-3252 sian-part-3251 sian-part-3253","",""
"940","sian-940","6394695","237","8","8","6279875:2 4206482:1 6209519:1 6261371:1 6265091:1 4142822:1 6271825:1","sian-part-3257 sian-part-3261 sian-part-3255 sian-part-3259 sian-part-3256 sian-part-3258 sian-part-3260 sian-part-3254","",""
"941","sian-941","6394695","237","1","1","6170419:1","sian-part-3262","",""
"942","sian-942","6394695","238","4","4","6284699:2 6280394:1 370626:1","sian-part-3263 sian-part-3266 sian-part-3265 sian-part-3264","",""
"943","sian-943","6394695","238","5","5","6279875:2 4142865:1 6218483:1 6218484:1","sian-part-3267 sian-part-3268 sian-part-3270 sian-part-3269 sian-part-3271","",""
"944","sian-944","6394695","239","7","7","4164133:2 6261371:1 6279875:1 6316923:1 6132744:1 4142865:1","sian-part-3274 sian-part-3275 sian-part-3276 sian-part-3277 sian-part-3272 sian-part-3278 sian-part-3273","",""
"945","sian-945","6394695","239","5","5","4142865:1 4164133:2 6262897:1 6170419:1","sian-part-3280 sian-part-3281 sian-part-3282 sian-part-3279 sian-part-3283","",""
"946","sian-946","6394695","240","0","0","","","Attach the second headlight frame","sian-part-3224 sian-part-3223 sian-part-3226 sian-part-3227 sian-part-3225 sian-part-3229 sian-part-3228 sian-part-3231 sian-part-3230 sian-part-3232 sian-part-3233 sian-part-3235 sian-part-3234 sian-part-3236 sian-part-3239 sian-part-3237 sian-part-3238 sian-part-3241 sian-part-3242 sian-part-3240 sian-part-3243 sian-part-3246 sian-part-3244 sian-part-3245 sian-part-3247 sian-part-3248 sian-part-3249 sian-part-3250 sian-part-3252 sian-part-3251 sian-part-3253 sian-part-3257 sian-part-3261 sian-part-3255 sian-part-3259 sian-part-3256 sian-part-3258 sian-part-3260 sian-part-3254 sian-part-3262 sian-part-3263 sian-part-3266 sian-part-3265 sian-part-3264 sian-part-3267 sian-part-3268 sian-part-3270 sian-part-3269 sian-part-3271 sian-part-3274 sian-part-3275 sian-part-3276 sian-part-3277 sian-part-3272 sian-part-3278 sian-part-3273 sian-part-3280 sian-part-3281 sian-part-3282 sian-part-3279 sian-part-3283"
"947","sian-947","6394695","241","7","7","4142865:1 4211815:1 4164133:2 6265091:1 6262897:1 6170419:1","sian-part-3285 sian-part-3287 sian-part-3288 sian-part-3289 sian-part-3290 sian-part-3286 sian-part-3291","",""
"948","sian-948","6394695","242","1","1","4566251:1","sian-part-3284","",""
"949","sian-949","6394695","243","1","1","6218484:1","sian-part-3292","",""
"950","sian-950","6394695","244 245","9","9","6279875:1 6089119:1 6273708:1 6057802:1 6299413:2 6322197:1 4661486:1 6250234:1","sian-part-3294 sian-part-3295 sian-part-3301 sian-part-3300 sian-part-3298 sian-part-3299 sian-part-3297 sian-part-3296 sian-part-3293","",""
"951","sian-951","6394695","246","2","2","4211815:1 6261371:1","sian-part-3302 sian-part-3305","",""
"952","sian-952","6394695","246","2","2","4107828:2","sian-part-3303 sian-part-3304","",""
"953","sian-953","6394695","246","2","2","4211815:1 6261371:1","sian-part-3307 sian-part-3306","",""
"954","sian-954","6394695","246","3","3","6130008:1 6265091:2","sian-part-3310 sian-part-3308 sian-part-3309","",""
"955","sian-955","6394695","246","4","4","6279875:2 6030286:2","sian-part-3311 sian-part-3312 sian-part-3313 sian-part-3314","",""
"956","sian-956","6394695","247","8","8","4109810:2 4107828:4 6282140:2","sian-part-3315 sian-part-3316 sian-part-3317 sian-part-3318 sian-part-3319 sian-part-3320 sian-part-3327 sian-part-3328","",""
"957","sian-957","6394695","247","6","6","6322197:2 4211815:2 6288220:2","sian-part-3323 sian-part-3324 sian-part-3321 sian-part-3322 sian-part-3325 sian-part-3326","",""
"958","sian-958","6394695","247","4","4","6321745:2 4206482:2","sian-part-3331 sian-part-3332 sian-part-3329 sian-part-3330","",""
"959","sian-959","6394695","247","2","2","6316923:1 6319983:1","sian-part-3333 sian-part-3334","",""
"960","sian-960","6394695","248","0","0","","","Attach the lower front bumper section","sian-part-3302 sian-part-3305 sian-part-3303 sian-part-3304 sian-part-3307 sian-part-3306 sian-part-3310 sian-part-3308 sian-part-3309 sian-part-3311 sian-part-3312 sian-part-3313 sian-part-3314 sian-part-3315 sian-part-3316 sian-part-3317 sian-part-3318 sian-part-3319 sian-part-3320 sian-part-3327 sian-part-3328 sian-part-3323 sian-part-3324 sian-part-3321 sian-part-3322 sian-part-3325 sian-part-3326 sian-part-3331 sian-part-3332 sian-part-3329 sian-part-3330 sian-part-3333 sian-part-3334"
"961","sian-961","6394695","249","4","4","4206482:1 6129995:1 6321745:1 4107081:1","sian-part-3338 sian-part-3335 sian-part-3336 sian-part-3337","",""
"962","sian-962","6394695","250","1","1","6286381:1","sian-part-3339","",""
"963","sian-963","6394695","251","4","4","6129995:1 6321745:1 4107081:1 4206482:1","sian-part-3340 sian-part-3341 sian-part-3342 sian-part-3343","",""
"964","sian-964","6394695","252","2","2","6130008:1 6308248:1","sian-part-3346 sian-part-3355","",""
"965","sian-965","6394695","252","2","2","6149985:2","sian-part-3347 sian-part-3348","",""
"966","sian-966","6394695","252","2","2","6130008:1 6307436:1","sian-part-3349 sian-part-3350","",""
"967","sian-967","6394695","252","2","2","4211805:1 6218484:1","sian-part-3345 sian-part-3357","",""
"968","sian-968","6394695","253","2","2","6302741:1 6302570:1","sian-part-3351 sian-part-3344","",""
"969","sian-969","6394695","253","2","2","6149985:2","sian-part-3352 sian-part-3353","",""
"970","sian-970","6394695","253","2","2","6307436:1 6308248:1","sian-part-3354 sian-part-3356","",""
"971","sian-971","6394695","253","1","1","6218483:1","sian-part-3358","",""
"972","sian-972","6394695","254","13","13","6250232:3 6279875:10","sian-part-3361 sian-part-3366 sian-part-3369 sian-part-3359 sian-part-3360 sian-part-3362 sian-part-3363 sian-part-3364 sian-part-3365 sian-part-3367 sian-part-3368 sian-part-3370 sian-part-3371","",""
"973","sian-973","6394695","254 255","3","3","6293920:1 6129995:2","sian-part-3372 sian-part-3373 sian-part-3374","",""
"974","sian-974","6394695","256","2","2","4142135:2","sian-part-3375 sian-part-3376","",""
"975","sian-975","6394695","257","4","4","6308253:2 6294607:2","sian-part-3377 sian-part-3380 sian-part-3378 sian-part-3379","",""
"976","sian-976","6394695","258","2","2","6307436:2","sian-part-3381 sian-part-3382","",""
"977","sian-977","6394695","259","2","2","6265091:2","sian-part-3383 sian-part-3384","",""
"978","sian-978","6394695","260","3","3","4666579:1 6209519:1 6265091:1","sian-part-3386 sian-part-3387 sian-part-3385","",""
"979","sian-979","6394695","260","2","2","6129995:1 6265091:1","sian-part-3389 sian-part-3388","",""
"980","sian-980","6394695","260","1","1","6308247:1","sian-part-3390","",""
"981","sian-981","6394695","260","2","2","4164133:2","sian-part-3391 sian-part-3392","",""
"982","sian-982","6394695","261","1","1","6261378:1","sian-part-3393","",""
"983","sian-983","6394695","261","3","3","4143005:3","sian-part-3394 sian-part-3395 sian-part-3396","",""
"984","sian-984","6394695","261","3","3","4621557:1 4164037:1 6033782:1","sian-part-3398 sian-part-3397 sian-part-3399","",""
"985","sian-985","6394695","261","1","1","4512363:1","sian-part-3400","",""
"986","sian-986","6394695","262","0","0","","","Attach the first hood hinge support","sian-part-3386 sian-part-3387 sian-part-3385 sian-part-3389 sian-part-3388 sian-part-3390 sian-part-3391 sian-part-3392 sian-part-3393 sian-part-3394 sian-part-3395 sian-part-3396 sian-part-3398 sian-part-3397 sian-part-3399 sian-part-3400"
"987","sian-987","6394695","263","3","3","4666579:1 6209519:1 6265091:1","sian-part-3402 sian-part-3403 sian-part-3401","",""
"988","sian-988","6394695","263","2","2","6129995:1 6265091:1","sian-part-3405 sian-part-3404","",""
"989","sian-989","6394695","263","1","1","6308247:1","sian-part-3406","",""
"990","sian-990","6394695","263","2","2","4164133:2","sian-part-3407 sian-part-3408","",""
"991","sian-991","6394695","264","1","1","6261378:1","sian-part-3409","",""
"992","sian-992","6394695","264","3","3","4143005:3","sian-part-3410 sian-part-3411 sian-part-3412","",""
"993","sian-993","6394695","264","3","3","4621557:1 4164037:1 6033782:1","sian-part-3414 sian-part-3413 sian-part-3415","",""
"994","sian-994","6394695","264","1","1","4512363:1","sian-part-3416","",""
"995","sian-995","6394695","265","0","0","","","Attach the second hood hinge support","sian-part-3402 sian-part-3403 sian-part-3401 sian-part-3405 sian-part-3404 sian-part-3406 sian-part-3407 sian-part-3408 sian-part-3409 sian-part-3410 sian-part-3411 sian-part-3412 sian-part-3414 sian-part-3413 sian-part-3415 sian-part-3416"
"996","sian-996","6394695","266","6","6","6284070:2 6273708:2 4143005:2","sian-part-3421 sian-part-3422 sian-part-3417 sian-part-3418 sian-part-3419 sian-part-3420","",""
"997","sian-997","6394695","267","8","8","370526:2 6261371:2 6284699:4","sian-part-3425 sian-part-3429 sian-part-3426 sian-part-3430 sian-part-3423 sian-part-3424 sian-part-3427 sian-part-3428","",""
"998","sian-998","6394695","268","5","5","6279875:1 6282140:2 6271826:1 6308234:1","sian-part-3435 sian-part-3431 sian-part-3433 sian-part-3432 sian-part-3434","",""
"999","sian-999","6394695","269","3","3","6313453:1 6279875:1 6299413:1","sian-part-3436 sian-part-3438 sian-part-3437","",""
"1000","sian-1000","6394695","269","2","2","6299413:2","sian-part-3442 sian-part-3443","",""
"1001","sian-1001","6394695","269","1","1","6250242:1","sian-part-3439","",""
"1002","sian-1002","6394695","269","2","2","6279875:2","sian-part-3440 sian-part-3441","",""
"1003","sian-1003","6394695","270","1","1","6250242:1","sian-part-3444","",""
"1004","sian-1004","6394695","270","4","4","6293920:1 6282140:1 6279875:2","sian-part-3445 sian-part-3447 sian-part-3446 sian-part-3448","",""
"1005","sian-1005","6394695","270","8","8","6135494:1 6299413:1 6254216:1 4629921:1 6280394:1 6265091:1 4164133:2","sian-part-3451 sian-part-3450 sian-part-3453 sian-part-3454 sian-part-3449 sian-part-3452 sian-part-3455 sian-part-3456","",""
"1006","sian-1006","6394695","271","2","2","4142135:1 4142822:1","sian-part-3458 sian-part-3457","",""
"1007","sian-1007","6394695","271","4","4","6279875:2 4142823:1 6308247:1","sian-part-3459 sian-part-3460 sian-part-3462 sian-part-3461","",""
"1008","sian-1008","6394695","272","3","3","4512363:1 4142865:1 6129995:1","sian-part-3465 sian-part-3466 sian-part-3464","",""
"1009","sian-1009","6394695","272","2","2","4107081:1 6265091:1","sian-part-3468 sian-part-3467","",""
"1010","sian-1010","6394695","272","3","3","4109810:1 6288220:1 6299413:1","sian-part-3469 sian-part-3470 sian-part-3471","",""
"1011","sian-1011","6394695","272","3","3","6279875:2 6004097:1","sian-part-3473 sian-part-3474 sian-part-3472","",""
"1012","sian-1012","6394695","273","1","1","6308250:1","sian-part-3475","",""
"1013","sian-1013","6394695","273","6","6","6279875:6","sian-part-3476 sian-part-3477 sian-part-3478 sian-part-3479 sian-part-3480 sian-part-3481","",""
"1014","sian-1014","6394695","273","3","3","4114634:2 4142135:1","sian-part-3482 sian-part-3483 sian-part-3484","",""
"1015","sian-1015","6394695","274","4","4","4206482:1 6279875:1 6271825:1 4558740:1","sian-part-3487 sian-part-3486 sian-part-3485 sian-part-3488","",""
"1016","sian-1016","6394695","274","1","1","4142823:1","sian-part-3463","",""
"1017","sian-1017","6394695","275","3","3","4499858:1 6209519:1 6322045:1","sian-part-3489 sian-part-3491 sian-part-3490","",""
"1018","sian-1018","6394695","276","0","0","","","Attach the first door assembly","sian-part-3436 sian-part-3438 sian-part-3437 sian-part-3442 sian-part-3443 sian-part-3439 sian-part-3440 sian-part-3441 sian-part-3444 sian-part-3445 sian-part-3447 sian-part-3446 sian-part-3448 sian-part-3451 sian-part-3450 sian-part-3453 sian-part-3454 sian-part-3449 sian-part-3452 sian-part-3455 sian-part-3456 sian-part-3458 sian-part-3457 sian-part-3459 sian-part-3460 sian-part-3462 sian-part-3461 sian-part-3465 sian-part-3466 sian-part-3464 sian-part-3468 sian-part-3467 sian-part-3469 sian-part-3470 sian-part-3471 sian-part-3473 sian-part-3474 sian-part-3472 sian-part-3475 sian-part-3476 sian-part-3477 sian-part-3478 sian-part-3479 sian-part-3480 sian-part-3481 sian-part-3482 sian-part-3483 sian-part-3484 sian-part-3487 sian-part-3486 sian-part-3485 sian-part-3488 sian-part-3463 sian-part-3489 sian-part-3491 sian-part-3490"
"1019","sian-1019","6394695","277","3","3","4107828:1 6089119:1 6121485:1","sian-part-3493 sian-part-3492 sian-part-3494","",""
"1020","sian-1020","6394695","278","0","0","","","Push the first door hinge axle through","sian-part-3493 sian-part-3492 sian-part-3494"
"1021","sian-1021","6394695","279","2","2","6321745:1 6129995:1","sian-part-3495 sian-part-3496","",""
"1022","sian-1022","6394695","279","2","2","6321745:1 6173119:1","sian-part-3498 sian-part-3497","",""
"1023","sian-1023","6394695","279","2","2","6208345:1 6261371:1","sian-part-3499 sian-part-3500","",""
"1024","sian-1024","6394695","279","5","5","4142865:2 6305373:1 4512363:2","sian-part-3501 sian-part-3503 sian-part-3505 sian-part-3502 sian-part-3504","",""
"1025","sian-1025","6394695","280","0","0","","","Attach the first curved trim above the front wheel","sian-part-3495 sian-part-3496 sian-part-3498 sian-part-3497 sian-part-3499 sian-part-3500 sian-part-3501 sian-part-3503 sian-part-3505 sian-part-3502 sian-part-3504"
"1026","sian-1026","6394695","281","7","7","6279875:1 6121485:1 6299413:1 6265091:1 4211815:1 6273708:1 6250234:1","sian-part-3508 sian-part-3512 sian-part-3511 sian-part-3506 sian-part-3507 sian-part-3510 sian-part-3509","",""
"1027","sian-1027","6394695","282","3","3","6316923:1 4107081:1 4109810:1","sian-part-3515 sian-part-3513 sian-part-3514","",""
"1028","sian-1028","6394695","283","2","2","6218483:1 6005331:1","sian-part-3517 sian-part-3516","",""
"1029","sian-1029","6394695","284","3","3","6311092:1 6279875:2","sian-part-3518 sian-part-3519 sian-part-3520","",""
"1030","sian-1030","6394695","285","3","3","4211815:1 6299413:1 6307436:1","sian-part-3523 sian-part-3521 sian-part-3522","",""
"1031","sian-1031","6394695","286","5","5","6271826:1 6308234:1 6279875:1 6282140:2","sian-part-3525 sian-part-3527 sian-part-3528 sian-part-3524 sian-part-3526","",""
"1032","sian-1032","6394695","287","3","3","6313453:1 6279875:1 6299413:1","sian-part-3529 sian-part-3531 sian-part-3530","",""
"1033","sian-1033","6394695","287","2","2","6299413:2","sian-part-3535 sian-part-3536","",""
"1034","sian-1034","6394695","287","1","1","6250243:1","sian-part-3532","",""
"1035","sian-1035","6394695","287","2","2","6279875:2","sian-part-3533 sian-part-3534","",""
"1036","sian-1036","6394695","288","1","1","6250243:1","sian-part-3537","",""
"1037","sian-1037","6394695","288","3","3","6293920:1 6282140:1 6279875:1","sian-part-3538 sian-part-3540 sian-part-3539","",""
"1038","sian-1038","6394695","288","8","8","6299413:1 6135494:1 6254216:1 4629921:1 4164133:2 6265091:1 6280394:1","sian-part-3543 sian-part-3544 sian-part-3546 sian-part-3547 sian-part-3548 sian-part-3549 sian-part-3545 sian-part-3542","",""
"1039","sian-1039","6394695","289","3","3","4142135:1 6279875:1 4142822:1","sian-part-3551 sian-part-3541 sian-part-3550","",""
"1040","sian-1040","6394695","289","4","4","6279875:2 4142823:1 6308247:1","sian-part-3552 sian-part-3553 sian-part-3555 sian-part-3554","",""
"1041","sian-1041","6394695","290","3","3","4512363:1 4142865:1 6129995:1","sian-part-3558 sian-part-3559 sian-part-3557","",""
"1042","sian-1042","6394695","290","3","3","6299413:1 4107081:1 6265091:1","sian-part-3564 sian-part-3561 sian-part-3560","",""
"1043","sian-1043","6394695","290","2","2","4109810:1 6288220:1","sian-part-3562 sian-part-3563","",""
"1044","sian-1044","6394695","290","3","3","6279875:2 6004093:1","sian-part-3566 sian-part-3567 sian-part-3565","",""
"1045","sian-1045","6394695","291","1","1","6308250:1","sian-part-3568","",""
"1046","sian-1046","6394695","291","6","6","6279875:6","sian-part-3569 sian-part-3570 sian-part-3571 sian-part-3572 sian-part-3573 sian-part-3574","",""
"1047","sian-1047","6394695","291","3","3","4114634:2 4142135:1","sian-part-3575 sian-part-3576 sian-part-3577","",""
"1048","sian-1048","6394695","292","4","4","4206482:1 6279875:1 6271825:1 4558775:1","sian-part-3580 sian-part-3579 sian-part-3578 sian-part-3581","",""
"1049","sian-1049","6394695","292","1","1","4142823:1","sian-part-3556","",""
"1050","sian-1050","6394695","293","3","3","4499858:1 6322045:1 6209519:1","sian-part-3582 sian-part-3583 sian-part-3584","",""
"1051","sian-1051","6394695","294","0","0","","","Attach the second door assembly","sian-part-3529 sian-part-3531 sian-part-3530 sian-part-3535 sian-part-3536 sian-part-3532 sian-part-3533 sian-part-3534 sian-part-3537 sian-part-3538 sian-part-3540 sian-part-3539 sian-part-3543 sian-part-3544 sian-part-3546 sian-part-3547 sian-part-3548 sian-part-3549 sian-part-3545 sian-part-3542 sian-part-3551 sian-part-3541 sian-part-3550 sian-part-3552 sian-part-3553 sian-part-3555 sian-part-3554 sian-part-3558 sian-part-3559 sian-part-3557 sian-part-3564 sian-part-3561 sian-part-3560 sian-part-3562 sian-part-3563 sian-part-3566 sian-part-3567 sian-part-3565 sian-part-3568 sian-part-3569 sian-part-3570 sian-part-3571 sian-part-3572 sian-part-3573 sian-part-3574 sian-part-3575 sian-part-3576 sian-part-3577 sian-part-3580 sian-part-3579 sian-part-3578 sian-part-3581 sian-part-3556 sian-part-3582 sian-part-3583 sian-part-3584"
"1052","sian-1052","6394695","295","3","3","4107828:1 6089119:1 6121485:1","sian-part-3586 sian-part-3585 sian-part-3587","",""
"1053","sian-1053","6394695","296","0","0","","","Push the second door hinge axle through","sian-part-3586 sian-part-3585 sian-part-3587"
"1054","sian-1054","6394695","297","7","7","6279875:1 6121485:1 6299413:1 6265091:1 4211815:1 6273708:1 6250235:1","sian-part-3590 sian-part-3594 sian-part-3593 sian-part-3588 sian-part-3589 sian-part-3592 sian-part-3591","",""
"1055","sian-1055","6394695","298","2","2","6321745:1 6129995:1","sian-part-3595 sian-part-3596","",""
"1056","sian-1056","6394695","298","2","2","6321745:1 6173119:1","sian-part-3598 sian-part-3597","",""
"1057","sian-1057","6394695","298","2","2","6208345:1 6261371:1","sian-part-3599 sian-part-3600","",""
"1058","sian-1058","6394695","298","5","5","6305373:1 4142865:2 4512363:2","sian-part-3605 sian-part-3601 sian-part-3603 sian-part-3602 sian-part-3604","",""
"1059","sian-1059","6394695","299","0","0","","","Attach the second curved trim above the front wheel","sian-part-3595 sian-part-3596 sian-part-3598 sian-part-3597 sian-part-3599 sian-part-3600 sian-part-3605 sian-part-3601 sian-part-3603 sian-part-3602 sian-part-3604"
"1060","sian-1060","6394695","300","3","3","4109810:1 4107081:1 6319983:1","sian-part-3607 sian-part-3606 sian-part-3608","",""
"1061","sian-1061","6394695","301","2","2","6005331:1 6218484:1","sian-part-3609 sian-part-3610","",""
"1062","sian-1062","6394695","302","3","3","6311092:1 6279875:2","sian-part-3611 sian-part-3612 sian-part-3613","",""
"1063","sian-1063","6394695","303","3","3","4211815:1 6299413:1 6307436:1","sian-part-3616 sian-part-3614 sian-part-3615","",""
"1064","sian-1064","6394695","304","8","8","6121485:2 6284699:2 4206482:2 6299413:2","sian-part-3618 sian-part-3625 sian-part-3619 sian-part-3626 sian-part-3620 sian-part-3627 sian-part-3617 sian-part-3624","",""
"1065","sian-1065","6394695","305","6","6","4522933:2 6326619:4","sian-part-3621 sian-part-3628 sian-part-3622 sian-part-3623 sian-part-3629 sian-part-3630","",""
"1066","sian-1066","6394695","306 307","5","5","4501290:2 4512363:1 6322194:2","sian-part-3633 sian-part-3635 sian-part-3634 sian-part-3631 sian-part-3632","",""
"1067","sian-1067","6394695","308","6","6","6318697:2 4140585:2 6302569:2","sian-part-3636 sian-part-3639 sian-part-3637 sian-part-3640 sian-part-3638 sian-part-3641","",""
"1068","sian-1068","6394695","309","6","6","6318697:2 4140585:2 6302569:2","sian-part-3642 sian-part-3645 sian-part-3643 sian-part-3646 sian-part-3644 sian-part-3647","",""
"1069","sian-1069","6394695","315","12","12","6306718:4 6323635:4 6139227:4","sian-part-3648 sian-part-3649 sian-part-3650 sian-part-3651 sian-part-3652 sian-part-3653 sian-part-3654 sian-part-3655 sian-part-3656 sian-part-3657 sian-part-3658 sian-part-3659","",""
"1070","sian-1070","6394695","316","3","3","6282144:2 6194722:1","sian-part-3662 sian-part-3664 sian-part-3663","",""
"1071","sian-1071","6394695","316","4","4","6005331:2 6209519:2","sian-part-3661 sian-part-3666 sian-part-3660 sian-part-3665","",""
"1072","sian-1072","6394695","317","2","2","6030286:2","sian-part-3667 sian-part-3668","",""
"1073","sian-1073","6394695","317","2","2","4210749:2","sian-part-3669 sian-part-3670","",""
"1074","sian-1074","6394695","317","7","7","6282144:4 6194722:1 6209519:2","sian-part-3672 sian-part-3674 sian-part-3676 sian-part-3677 sian-part-3673 sian-part-3671 sian-part-3675","",""
"1075","sian-1075","6394695","318","2","2","4210749:2","sian-part-3678 sian-part-3679","",""
"1076","sian-1076","6394695","318","4","4","4143005:4","sian-part-3680 sian-part-3681 sian-part-3682 sian-part-3683","",""
"1077","sian-1077","6394695","318","2","2","6096955:2","sian-part-3684 sian-part-3685","",""
"1078","sian-1078","6394695","319","0","0","","","Place the luggage in the front compartment","sian-part-3662 sian-part-3664 sian-part-3663 sian-part-3661 sian-part-3666 sian-part-3660 sian-part-3665 sian-part-3667 sian-part-3668 sian-part-3669 sian-part-3670 sian-part-3672 sian-part-3674 sian-part-3676 sian-part-3677 sian-part-3673 sian-part-3671 sian-part-3675 sian-part-3678 sian-part-3679 sian-part-3680 sian-part-3681 sian-part-3682 sian-part-3683 sian-part-3684 sian-part-3685"
"1079","sian-1079","6394695","320","3","3","370626:2 6278125:1","sian-part-3687 sian-part-3688 sian-part-3686","",""
"1080","sian-1080","6394695","320","2","2","6273708:2","sian-part-3690 sian-part-3691","",""
"1081","sian-1081","6394695","320","1","1","6278125:1","sian-part-3689","",""
"1082","sian-1082","6394695","320","4","4","4143005:4","sian-part-3692 sian-part-3693 sian-part-3694 sian-part-3695","",""
"1083","sian-1083","6394695","320","1","1","6302573:1","sian-part-3696","",""
"1084","sian-1084","6394695","321","0","0","","","Place the display plaque beside the car","sian-part-3687 sian-part-3688 sian-part-3686 sian-part-3690 sian-part-3691 sian-part-3689 sian-part-3692 sian-part-3693 sian-part-3694 sian-part-3695 sian-part-3696"