"Progress step","Step ID","Booklet","PDF pages","New rigid pieces","Total new pieces","Element quantities","3D instance IDs","Action","Existing action instance IDs"
"1","chiron-1","6257443","24","3","3","4211865:2 4552348:1","chiron-part-0002 chiron-part-0003 chiron-part-0001","",""
"2","chiron-2","6257443","24","2","2","4206482:2","chiron-part-0004 chiron-part-0005","",""
"3","chiron-3","6257443","24","1","1","4540797:1","chiron-part-0006","",""
"4","chiron-4","6257443","24","6","6","4211865:1 6209519:1 4552348:1 4211655:1 4514553:2","chiron-part-0011 chiron-part-0012 chiron-part-0009 chiron-part-0010 chiron-part-0007 chiron-part-0008","",""
"5","chiron-5","6257443","25","7","7","6016154:1 4121715:6","chiron-part-0013 chiron-part-0014 chiron-part-0015 chiron-part-0016 chiron-part-0017 chiron-part-0018 chiron-part-0019","",""
"6","chiron-6","6257443","25","2","2","4542573:2","chiron-part-0020 chiron-part-0021","",""
"7","chiron-7","6257443","26","3","3","4121715:1 4173970:1 4514553:1","chiron-part-0022 chiron-part-0024 chiron-part-0023","",""
"8","chiron-8","6257443","26","3","3","4121715:1 4211655:1 4514553:1","chiron-part-0026 chiron-part-0027 chiron-part-0025","",""
"9","chiron-9","6257443","27","10","10","4142865:1 4211655:1 4296059:2 4566243:1 6143033:1 4514553:4","chiron-part-0037 chiron-part-0034 chiron-part-0028 chiron-part-0035 chiron-part-0029 chiron-part-0036 chiron-part-0030 chiron-part-0031 chiron-part-0032 chiron-part-0033","",""
"10","chiron-10","6257443","28","10","10","4142865:1 4211655:1 4296059:2 4566243:1 6143033:1 4514553:4","chiron-part-0038 chiron-part-0045 chiron-part-0039 chiron-part-0046 chiron-part-0040 chiron-part-0047 chiron-part-0041 chiron-part-0042 chiron-part-0043 chiron-part-0044","",""
"11","chiron-11","6257443","29","14","14","4142135:2 6029578:2 4121715:10","chiron-part-0054 chiron-part-0061 chiron-part-0051 chiron-part-0058 chiron-part-0048 chiron-part-0049 chiron-part-0050 chiron-part-0052 chiron-part-0053 chiron-part-0055 chiron-part-0056 chiron-part-0057 chiron-part-0059 chiron-part-0060","",""
"12","chiron-12","6257443","30","6","6","4206482:2 4514553:2 6007966:2","chiron-part-0062 chiron-part-0065 chiron-part-0064 chiron-part-0067 chiron-part-0063 chiron-part-0066","",""
"13","chiron-13","6257443","31","3","3","4173970:1 6037676:1 6089119:1","chiron-part-0068 chiron-part-0070 chiron-part-0069","",""
"14","chiron-14","6257443","31","3","3","4173970:1 6037676:1 6089119:1","chiron-part-0071 chiron-part-0073 chiron-part-0072","",""
"15","chiron-15","6257443","32","7","7","4142135:1 4121715:4 4514553:2","chiron-part-0076 chiron-part-0077 chiron-part-0078 chiron-part-0079 chiron-part-0080 chiron-part-0074 chiron-part-0075","",""
"16","chiron-16","6257443","33","5","5","4142865:1 4522934:1 4211621:1 4206482:2","chiron-part-0085 chiron-part-0081 chiron-part-0084 chiron-part-0082 chiron-part-0083","",""
"17","chiron-17","6257443","34","2","2","6016154:1 6143033:1","chiron-part-0086 chiron-part-0087","",""
"18","chiron-18","6257443","34","1","1","6177114:1","chiron-part-0088","",""
"19","chiron-19","6257443","34","4","4","4514553:4","chiron-part-0089 chiron-part-0090 chiron-part-0091 chiron-part-0092","",""
"20","chiron-20","6257443","34","2","2","6007966:2","chiron-part-0093 chiron-part-0094","",""
"21","chiron-21","6257443","35","8","8","6224999:1 4661486:1 6016154:1 4121715:4 4514554:1","chiron-part-0102 chiron-part-0101 chiron-part-0095 chiron-part-0097 chiron-part-0098 chiron-part-0099 chiron-part-0100 chiron-part-0096","",""
"22","chiron-22","6257443","35","6","6","4206482:4 6037676:2","chiron-part-0103 chiron-part-0104 chiron-part-0105 chiron-part-0106 chiron-part-0107 chiron-part-0108","",""
"23","chiron-23","6257443","35","6","6","4206482:4 4211621:2","chiron-part-0109 chiron-part-0110 chiron-part-0111 chiron-part-0112 chiron-part-0113 chiron-part-0114","",""
"24","chiron-24","6257443","36","2","2","6212141:2","chiron-part-0116 chiron-part-0117","",""
"25","chiron-25","6257443","36","2","2","6130009:2","chiron-part-0115 chiron-part-0118","",""
"26","chiron-26","6257443","36","4","4","4120017:2 4514553:2","chiron-part-0119 chiron-part-0165 chiron-part-0120 chiron-part-0166","",""
"27","chiron-27","6257443","36","6","6","4173970:2 6203249:4","chiron-part-0122 chiron-part-0168 chiron-part-0121 chiron-part-0123 chiron-part-0167 chiron-part-0169","",""
"28","chiron-28","6257443","37","4","4","4211639:2 6130007:2","chiron-part-0124 chiron-part-0170 chiron-part-0125 chiron-part-0171","",""
"29","chiron-29","6257443","37","4","4","4120017:2 4211624:2","chiron-part-0127 chiron-part-0173 chiron-part-0126 chiron-part-0172","",""
"30","chiron-30","6257443","37","12","12","4211865:2 4552348:4 6209519:2 4514553:4","chiron-part-0131 chiron-part-0177 chiron-part-0130 chiron-part-0133 chiron-part-0176 chiron-part-0179 chiron-part-0132 chiron-part-0178 chiron-part-0128 chiron-part-0129 chiron-part-0174 chiron-part-0175","",""
"31","chiron-31","6257443","38","10","10","6209519:2 4211865:2 4514553:2 4142135:2 4111998:2","chiron-part-0136 chiron-part-0182 chiron-part-0137 chiron-part-0183 chiron-part-0135 chiron-part-0181 chiron-part-0138 chiron-part-0184 chiron-part-0134 chiron-part-0180","",""
"32","chiron-32","6257443","39","16","16","4142135:2 4121715:2 6006140:4 4514554:2 4666999:2 4211865:2 6209519:2","chiron-part-0140 chiron-part-0186 chiron-part-0142 chiron-part-0188 chiron-part-0143 chiron-part-0145 chiron-part-0189 chiron-part-0191 chiron-part-0146 chiron-part-0192 chiron-part-0144 chiron-part-0190 chiron-part-0141 chiron-part-0187 chiron-part-0139 chiron-part-0185","",""
"33","chiron-33","6257443","39","8","8","4514553:2 6122217:2 6169984:2 6219840:2","chiron-part-0147 chiron-part-0193 chiron-part-0150 chiron-part-0196 chiron-part-0148 chiron-part-0194 chiron-part-0149 chiron-part-0195","",""
"34","chiron-34","6257443","40","6","6","4508553:2 4525904:2 4666999:2","chiron-part-0153 chiron-part-0199 chiron-part-0154 chiron-part-0200 chiron-part-0152 chiron-part-0198","",""
"35","chiron-35","6257443","40","0","0","","","Fold the rear wheel hubs into position","chiron-part-0124 chiron-part-0170 chiron-part-0125 chiron-part-0171 chiron-part-0127 chiron-part-0173 chiron-part-0126 chiron-part-0172 chiron-part-0131 chiron-part-0177 chiron-part-0130 chiron-part-0133 chiron-part-0176 chiron-part-0179 chiron-part-0132 chiron-part-0178 chiron-part-0128 chiron-part-0129 chiron-part-0174 chiron-part-0175 chiron-part-0136 chiron-part-0182 chiron-part-0137 chiron-part-0183 chiron-part-0135 chiron-part-0181 chiron-part-0138 chiron-part-0184 chiron-part-0134 chiron-part-0180 chiron-part-0140 chiron-part-0186 chiron-part-0142 chiron-part-0188 chiron-part-0143 chiron-part-0145 chiron-part-0189 chiron-part-0191 chiron-part-0146 chiron-part-0192 chiron-part-0144 chiron-part-0190 chiron-part-0141 chiron-part-0187 chiron-part-0139 chiron-part-0185 chiron-part-0147 chiron-part-0193 chiron-part-0150 chiron-part-0196 chiron-part-0148 chiron-part-0194 chiron-part-0149 chiron-part-0195 chiron-part-0153 chiron-part-0199 chiron-part-0154 chiron-part-0200 chiron-part-0152 chiron-part-0198"
"36","chiron-36","6257443","40","2","2","4514553:2","chiron-part-0151 chiron-part-0197","",""
"37","chiron-37","6257443","41","2","2","4142135:2","chiron-part-0155 chiron-part-0201","",""
"38","chiron-38","6257443","41","10","10","4211865:2 4142135:2 4514553:2 4111998:2 6209519:2","chiron-part-0159 chiron-part-0205 chiron-part-0160 chiron-part-0206 chiron-part-0157 chiron-part-0203 chiron-part-0158 chiron-part-0204 chiron-part-0156 chiron-part-0202","",""
"39","chiron-39","6257443","42","4","4","6027566:4","chiron-part-0161 chiron-part-0163 chiron-part-0207 chiron-part-0209","",""
"40","chiron-40","6257443","42","4","4","6083620:2 4239601:2","chiron-part-0162 chiron-part-0208 chiron-part-0164 chiron-part-0210","",""
"41","chiron-41","6257443","43","4","4","4525184:1 4565452:3","chiron-part-0211 chiron-part-0212 chiron-part-0213 chiron-part-0214","",""
"42","chiron-42","6257443","44","2","2","4211713:2","chiron-part-0215 chiron-part-0216","",""
"43","chiron-43","6257443","45","6","6","4514553:2 6177114:2 4121715:2","chiron-part-0217 chiron-part-0220 chiron-part-0218 chiron-part-0219 chiron-part-0221 chiron-part-0222","",""
"44","chiron-44","6257443","45","2","2","6006140:2","chiron-part-0223 chiron-part-0224","",""
"45","chiron-45","6257443","46","6","6","4121715:2 4514553:4","chiron-part-0229 chiron-part-0230 chiron-part-0225 chiron-part-0226 chiron-part-0227 chiron-part-0228","",""
"46","chiron-46","6257443","47","3","3","6029578:1 4514553:2","chiron-part-0231 chiron-part-0232 chiron-part-0233","",""
"47","chiron-47","6257443","48","3","3","4142135:2 4211655:1","chiron-part-0235 chiron-part-0236 chiron-part-0234","",""
"48","chiron-48","6257443","49","10","10","4121715:6 4206482:1 4522934:1 4514553:1 4120017:1","chiron-part-0238 chiron-part-0239 chiron-part-0240 chiron-part-0241 chiron-part-0242 chiron-part-0243 chiron-part-0246 chiron-part-0244 chiron-part-0237 chiron-part-0245","",""
"49","chiron-49","6257443","50","3","3","4211655:1 4514553:2","chiron-part-0249 chiron-part-0247 chiron-part-0248","",""
"50","chiron-50","6257443","51","4","4","4211713:2 4121715:2","chiron-part-0250 chiron-part-0251 chiron-part-0252 chiron-part-0253","",""
"51","chiron-51","6257443","52","3","3","4514553:2 6102449:1","chiron-part-0255 chiron-part-0256 chiron-part-0254","",""
"52","chiron-52","6257443","52","7","7","4211655:1 4514553:6","chiron-part-0259 chiron-part-0257 chiron-part-0258 chiron-part-0260 chiron-part-0261 chiron-part-0262 chiron-part-0263","",""
"53","chiron-53","6257443","53","2","2","4211629:2","chiron-part-0264 chiron-part-0265","",""
"54","chiron-54","6257443","53","2","2","4495935:2","chiron-part-0266 chiron-part-0267","",""
"55","chiron-55","6257443","54","8","8","4514553:4 4495935:2 4296059:2","chiron-part-0268 chiron-part-0271 chiron-part-0272 chiron-part-0275 chiron-part-0269 chiron-part-0273 chiron-part-0270 chiron-part-0274","",""
"56","chiron-56","6257443","55","8","8","4121715:2 4211550:2 4211775:2 6130007:2","chiron-part-0276 chiron-part-0280 chiron-part-0277 chiron-part-0281 chiron-part-0279 chiron-part-0283 chiron-part-0278 chiron-part-0282","",""
"57","chiron-57","6257443","56","4","4","4121715:4","chiron-part-0284 chiron-part-0285 chiron-part-0286 chiron-part-0287","",""
"58","chiron-58","6257443","57","4","4","4514553:4","chiron-part-0288 chiron-part-0289 chiron-part-0290 chiron-part-0291","",""
"59","chiron-59","6257443","58","3","3","4142135:2 4514553:1","chiron-part-0292 chiron-part-0293 chiron-part-0294","",""
"60","chiron-60","6257443","59","4","4","4142865:2 6212141:2","chiron-part-0295 chiron-part-0296 chiron-part-0297 chiron-part-0298","",""
"61","chiron-61","6257443","60","4","4","6084724:1 4513174:1 6012451:1 4211639:1","chiron-part-0301 chiron-part-0302 chiron-part-0300 chiron-part-0299","",""
"62","chiron-62","6257443","61","2","2","4142865:1 6029578:1","chiron-part-0303 chiron-part-0305","",""
"63","chiron-63","6257443","61","1","1","4142865:1","chiron-part-0304","",""
"64","chiron-64","6257443","62","0","0","","","Join the rear axle and chassis frame","chiron-part-0086 chiron-part-0087 chiron-part-0088 chiron-part-0089 chiron-part-0090 chiron-part-0091 chiron-part-0092 chiron-part-0093 chiron-part-0094 chiron-part-0102 chiron-part-0101 chiron-part-0095 chiron-part-0097 chiron-part-0098 chiron-part-0099 chiron-part-0100 chiron-part-0096 chiron-part-0103 chiron-part-0104 chiron-part-0105 chiron-part-0106 chiron-part-0107 chiron-part-0108 chiron-part-0109 chiron-part-0110 chiron-part-0111 chiron-part-0112 chiron-part-0113 chiron-part-0114 chiron-part-0116 chiron-part-0117 chiron-part-0115 chiron-part-0118 chiron-part-0119 chiron-part-0165 chiron-part-0120 chiron-part-0166 chiron-part-0122 chiron-part-0168 chiron-part-0121 chiron-part-0123 chiron-part-0167 chiron-part-0169 chiron-part-0124 chiron-part-0170 chiron-part-0125 chiron-part-0171 chiron-part-0127 chiron-part-0173 chiron-part-0126 chiron-part-0172 chiron-part-0131 chiron-part-0177 chiron-part-0130 chiron-part-0133 chiron-part-0176 chiron-part-0179 chiron-part-0132 chiron-part-0178 chiron-part-0128 chiron-part-0129 chiron-part-0174 chiron-part-0175 chiron-part-0136 chiron-part-0182 chiron-part-0137 chiron-part-0183 chiron-part-0135 chiron-part-0181 chiron-part-0138 chiron-part-0184 chiron-part-0134 chiron-part-0180 chiron-part-0140 chiron-part-0186 chiron-part-0142 chiron-part-0188 chiron-part-0143 chiron-part-0145 chiron-part-0189 chiron-part-0191 chiron-part-0146 chiron-part-0192 chiron-part-0144 chiron-part-0190 chiron-part-0141 chiron-part-0187 chiron-part-0139 chiron-part-0185 chiron-part-0147 chiron-part-0193 chiron-part-0150 chiron-part-0196 chiron-part-0148 chiron-part-0194 chiron-part-0149 chiron-part-0195 chiron-part-0153 chiron-part-0199 chiron-part-0154 chiron-part-0200 chiron-part-0152 chiron-part-0198 chiron-part-0151 chiron-part-0197 chiron-part-0155 chiron-part-0201 chiron-part-0159 chiron-part-0205 chiron-part-0160 chiron-part-0206 chiron-part-0157 chiron-part-0203 chiron-part-0158 chiron-part-0204 chiron-part-0156 chiron-part-0202 chiron-part-0161 chiron-part-0163 chiron-part-0207 chiron-part-0209 chiron-part-0162 chiron-part-0208 chiron-part-0164 chiron-part-0210 chiron-part-0211 chiron-part-0212 chiron-part-0213 chiron-part-0214 chiron-part-0215 chiron-part-0216 chiron-part-0217 chiron-part-0220 chiron-part-0218 chiron-part-0219 chiron-part-0221 chiron-part-0222 chiron-part-0223 chiron-part-0224 chiron-part-0229 chiron-part-0230 chiron-part-0225 chiron-part-0226 chiron-part-0227 chiron-part-0228 chiron-part-0231 chiron-part-0232 chiron-part-0233 chiron-part-0235 chiron-part-0236 chiron-part-0234 chiron-part-0238 chiron-part-0239 chiron-part-0240 chiron-part-0241 chiron-part-0242 chiron-part-0243 chiron-part-0246 chiron-part-0244 chiron-part-0237 chiron-part-0245 chiron-part-0249 chiron-part-0247 chiron-part-0248 chiron-part-0250 chiron-part-0251 chiron-part-0252 chiron-part-0253 chiron-part-0255 chiron-part-0256 chiron-part-0254 chiron-part-0259 chiron-part-0257 chiron-part-0258 chiron-part-0260 chiron-part-0261 chiron-part-0262 chiron-part-0263 chiron-part-0264 chiron-part-0265 chiron-part-0266 chiron-part-0267 chiron-part-0268 chiron-part-0271 chiron-part-0272 chiron-part-0275 chiron-part-0269 chiron-part-0273 chiron-part-0270 chiron-part-0274 chiron-part-0276 chiron-part-0280 chiron-part-0277 chiron-part-0281 chiron-part-0279 chiron-part-0283 chiron-part-0278 chiron-part-0282 chiron-part-0284 chiron-part-0285 chiron-part-0286 chiron-part-0287 chiron-part-0288 chiron-part-0289 chiron-part-0290 chiron-part-0291 chiron-part-0292 chiron-part-0293 chiron-part-0294 chiron-part-0295 chiron-part-0296 chiron-part-0297 chiron-part-0298 chiron-part-0301 chiron-part-0302 chiron-part-0300 chiron-part-0299 chiron-part-0303 chiron-part-0305 chiron-part-0304"
"65","chiron-65","6257443","63","4","4","4142865:1 6196757:2 6130007:1","chiron-part-0308 chiron-part-0307 chiron-part-0309 chiron-part-0306","",""
"66","chiron-66","6257443","64","3","3","4206482:1 4211713:1 6143033:1","chiron-part-0312 chiron-part-0310 chiron-part-0311","",""
"67","chiron-67","6257443","64","1","1","4121715:1","chiron-part-0320","",""
"68","chiron-68","6257443","64","7","7","4121715:3 4640536:1 6135494:1 6203249:1 4211713:1","chiron-part-0313 chiron-part-3577 chiron-part-0318 chiron-part-0317 chiron-part-0316 chiron-part-0315 chiron-part-0314","",""
"69","chiron-69","6257443","65","1","1","6143033:1","chiron-part-0319","",""
"70","chiron-70","6257443","65","4","4","4177431:1 6084724:1 6083620:1 4142135:1","chiron-part-0324 chiron-part-0323 chiron-part-0322 chiron-part-0321","",""
"71","chiron-71","6257443","66","5","5","4121715:1 6083620:1 4495934:1 6006140:2","chiron-part-0326 chiron-part-0327 chiron-part-0325 chiron-part-0328 chiron-part-0329","",""
"72","chiron-72","6257443","66","3","3","4121715:2 4552348:1","chiron-part-0330 chiron-part-0332 chiron-part-0331","",""
"73","chiron-73","6257443","67","1","1","6083620:1","chiron-part-0334","",""
"74","chiron-74","6257443","67","2","2","4121715:1 4512363:1","chiron-part-0333 chiron-part-0335","",""
"75","chiron-75","6257443","67","4","4","6084724:1 6196757:1 6100930:1 6130009:1","chiron-part-0337 chiron-part-0339 chiron-part-0338 chiron-part-0336","",""
"76","chiron-76","6257443","68","4","4","4177431:1 6196757:1 6100930:1 6130002:1","chiron-part-3570 chiron-part-0342 chiron-part-0341 chiron-part-0340","",""
"77","chiron-77","6257443","68","3","3","4211713:1 6012451:1 6159763:1","chiron-part-0343 chiron-part-0345 chiron-part-0344","",""
"78","chiron-78","6257443","68","5","5","4512363:1 4640536:1 4666999:1 6012451:1 4211639:1","chiron-part-0348 chiron-part-0347 chiron-part-0349 chiron-part-0350 chiron-part-0346","",""
"79","chiron-79","6257443","69","3","3","4206482:1 4514553:1 6143033:1","chiron-part-0351 chiron-part-0352 chiron-part-0354","",""
"80","chiron-80","6257443","69","2","2","4187122:1 6083620:1","chiron-part-0353 chiron-part-0355","",""
"81","chiron-81","6257443","69","2","2","6196757:1 6224999:1","chiron-part-0357 chiron-part-0356","",""
"82","chiron-82","6257443","70","11","11","4211622:1 4211713:1 4552348:1 4640536:2 4121715:3 4661486:1 6130002:1 6100932:1","chiron-part-0366 chiron-part-0361 chiron-part-0358 chiron-part-0365 chiron-part-0367 chiron-part-0359 chiron-part-0360 chiron-part-0363 chiron-part-0362 chiron-part-0364 chiron-part-0370","",""
"83","chiron-83","6257443","71","2","2","4514553:1 4640536:1","chiron-part-0368 chiron-part-0369","",""
"84","chiron-84","6257443","71","0","0","","","Slide the axle through the gearbox","chiron-part-0312 chiron-part-0310 chiron-part-0311 chiron-part-0320 chiron-part-0313 chiron-part-3577 chiron-part-0318 chiron-part-0317 chiron-part-0316 chiron-part-0315 chiron-part-0314 chiron-part-0319 chiron-part-0324 chiron-part-0323 chiron-part-0322 chiron-part-0321 chiron-part-0326 chiron-part-0327 chiron-part-0325 chiron-part-0328 chiron-part-0329 chiron-part-0330 chiron-part-0332 chiron-part-0331 chiron-part-0334 chiron-part-0333 chiron-part-0335 chiron-part-0337 chiron-part-0339 chiron-part-0338 chiron-part-0336 chiron-part-3570 chiron-part-0342 chiron-part-0341 chiron-part-0340 chiron-part-0343 chiron-part-0345 chiron-part-0344 chiron-part-0348 chiron-part-0347 chiron-part-0349 chiron-part-0350 chiron-part-0346 chiron-part-0351 chiron-part-0352 chiron-part-0354 chiron-part-0353 chiron-part-0355 chiron-part-0357 chiron-part-0356 chiron-part-0366 chiron-part-0361 chiron-part-0358 chiron-part-0365 chiron-part-0367 chiron-part-0359 chiron-part-0360 chiron-part-0363 chiron-part-0362 chiron-part-0364 chiron-part-0370 chiron-part-0368 chiron-part-0369"
"85","chiron-85","6257443","71","9","9","4121715:4 4211483:1 4514553:1 4522934:1 6007966:1 6209519:1","chiron-part-0373 chiron-part-0374 chiron-part-0375 chiron-part-0376 chiron-part-3572 chiron-part-0372 chiron-part-0371 chiron-part-0377 chiron-part-0378","",""
"86","chiron-86","6257443","72","4","4","4206482:1 4121715:1 4552348:1 4211713:1","chiron-part-0382 chiron-part-0381 chiron-part-0380 chiron-part-0379","",""
"87","chiron-87","6257443","72","2","2","6007966:1 6209519:1","chiron-part-0383 chiron-part-0384","",""
"88","chiron-88","6257443","73","5","5","6196757:1 370726:1 6211768:1 6100930:1 6133119:1","chiron-part-0387 chiron-part-0385 chiron-part-0389 chiron-part-0386 chiron-part-0388","",""
"89","chiron-89","6257443","74","1","1","370726:1","chiron-part-0390","",""
"90","chiron-90","6257443","74","4","4","6100931:4","chiron-part-0391 chiron-part-0392 chiron-part-0393 chiron-part-0394","",""
"91","chiron-91","6257443","74","2","2","370526:1 370726:1","chiron-part-0395 chiron-part-0396","",""
"92","chiron-92","6257443","75","4","4","6227330:1 4512363:1 4666999:1 6130007:1","chiron-part-0399 chiron-part-0398 chiron-part-0400 chiron-part-0397","",""
"93","chiron-93","6257443","75","4","4","4211622:1 4211639:1 4512363:1 6227330:1","chiron-part-0402 chiron-part-0401 chiron-part-0404 chiron-part-0403","",""
"94","chiron-94","6257443","76","6","6","4121715:2 6123815:1 4173970:1 4552348:1 6084724:1","chiron-part-0406 chiron-part-0407 chiron-part-0410 chiron-part-0409 chiron-part-0405 chiron-part-0408","",""
"95","chiron-95","6257443","76","2","2","4508553:1 6100930:1","chiron-part-0411 chiron-part-0412","",""
"96","chiron-96","6257443","77","5","5","6007966:1 4514553:2 4640536:1 4211713:1","chiron-part-0416 chiron-part-0414 chiron-part-0415 chiron-part-0419 chiron-part-0413","",""
"97","chiron-97","6257443","77","3","3","4640536:1 6130002:1 6135092:1","chiron-part-0422 chiron-part-0418 chiron-part-0417","",""
"98","chiron-98","6257443","78","1","1","6130009:1","chiron-part-0420","",""
"99","chiron-99","6257443","78","2","2","4177431:1 6224999:1","chiron-part-3571 chiron-part-0421","",""
"100","chiron-100","6257443","79","4","4","4211713:1 4640536:1 6100930:1 6143033:1","chiron-part-0423 chiron-part-0425 chiron-part-0426 chiron-part-0424","",""
"101","chiron-101","6257443","79","1","1","6100930:1","chiron-part-0427","",""
"102","chiron-102","6257443","80","11","11","4552348:1 4211622:1 4203493:1 4239601:1 4211713:1 4522934:1 6159763:1 4514553:1 4121715:3","chiron-part-0437 chiron-part-0431 chiron-part-0430 chiron-part-0432 chiron-part-0438 chiron-part-0428 chiron-part-0429 chiron-part-0436 chiron-part-0433 chiron-part-0434 chiron-part-0435","",""
"103","chiron-103","6257443","81","0","0","","","Seat the gearbox axle","chiron-part-0373 chiron-part-0374 chiron-part-0375 chiron-part-0376 chiron-part-3572 chiron-part-0372 chiron-part-0371 chiron-part-0377 chiron-part-0378 chiron-part-0382 chiron-part-0381 chiron-part-0380 chiron-part-0379 chiron-part-0383 chiron-part-0384 chiron-part-0387 chiron-part-0385 chiron-part-0389 chiron-part-0386 chiron-part-0388 chiron-part-0390 chiron-part-0391 chiron-part-0392 chiron-part-0393 chiron-part-0394 chiron-part-0395 chiron-part-0396 chiron-part-0399 chiron-part-0398 chiron-part-0400 chiron-part-0397 chiron-part-0402 chiron-part-0401 chiron-part-0404 chiron-part-0403 chiron-part-0406 chiron-part-0407 chiron-part-0410 chiron-part-0409 chiron-part-0405 chiron-part-0408 chiron-part-0411 chiron-part-0412 chiron-part-0416 chiron-part-0414 chiron-part-0415 chiron-part-0419 chiron-part-0413 chiron-part-0422 chiron-part-0418 chiron-part-0417 chiron-part-0420 chiron-part-3571 chiron-part-0421 chiron-part-0423 chiron-part-0425 chiron-part-0426 chiron-part-0424 chiron-part-0427 chiron-part-0437 chiron-part-0431 chiron-part-0430 chiron-part-0432 chiron-part-0438 chiron-part-0428 chiron-part-0429 chiron-part-0436 chiron-part-0433 chiron-part-0434 chiron-part-0435"
"104","chiron-104","6257443","81","1","1","6100930:1","chiron-part-0439","",""
"105","chiron-105","6257443","82","5","5","4522934:1 4121715:2 4206482:1 4211775:1","chiron-part-0440 chiron-part-0441 chiron-part-0442 chiron-part-0443 chiron-part-0444","",""
"106","chiron-106","6257443","82","2","2","4211655:1 4552348:1","chiron-part-0445 chiron-part-0446","",""
"107","chiron-107","6257443","83","6","6","4206482:4 4211621:2","chiron-part-0447 chiron-part-0448 chiron-part-0449 chiron-part-0450 chiron-part-0451 chiron-part-0452","",""
"108","chiron-108","6257443","83","3","3","4203493:1 6130002:1 6135092:1","chiron-part-0455 chiron-part-0454 chiron-part-0453","",""
"109","chiron-109","6257443","84","2","2","4206482:1 6203249:1","chiron-part-0457 chiron-part-0456","",""
"110","chiron-110","6257443","84","3","3","4120017:1 6123815:1 6209519:1","chiron-part-0458 chiron-part-0459 chiron-part-0460","",""
"111","chiron-111","6257443","85","5","5","6029578:1 4522934:1 4121715:1 4514553:2","chiron-part-0465 chiron-part-0461 chiron-part-0462 chiron-part-0463 chiron-part-0464","",""
"112","chiron-112","6257443","86","17","17","4121715:12 4552348:2 6029578:2 4211713:1","chiron-part-0467 chiron-part-0468 chiron-part-0469 chiron-part-0470 chiron-part-0471 chiron-part-0472 chiron-part-0473 chiron-part-0477 chiron-part-0478 chiron-part-0479 chiron-part-0481 chiron-part-0482 chiron-part-0474 chiron-part-0475 chiron-part-0466 chiron-part-0480 chiron-part-0476","",""
"113","chiron-113","6257443","87","3","3","4640536:2 6100930:1","chiron-part-0483 chiron-part-0484 chiron-part-0485","",""
"114","chiron-114","6257443","87","5","5","6177114:1 4121715:1 4211375:1 4519010:1 4120017:1","chiron-part-0490 chiron-part-0489 chiron-part-0488 chiron-part-0487 chiron-part-0486","",""
"115","chiron-115","6257443","88","2","2","4211375:1 4211741:1","chiron-part-0492 chiron-part-0491","",""
"116","chiron-116","6257443","89","3","3","370526:1 4203493:1 6100932:1","chiron-part-0493 chiron-part-0494 chiron-part-0495","",""
"117","chiron-117","6257443","90","0","0","","","Fit the gearbox into the rear chassis","chiron-part-0312 chiron-part-0310 chiron-part-0311 chiron-part-0320 chiron-part-0313 chiron-part-3577 chiron-part-0318 chiron-part-0317 chiron-part-0316 chiron-part-0315 chiron-part-0314 chiron-part-0319 chiron-part-0324 chiron-part-0323 chiron-part-0322 chiron-part-0321 chiron-part-0326 chiron-part-0327 chiron-part-0325 chiron-part-0328 chiron-part-0329 chiron-part-0330 chiron-part-0332 chiron-part-0331 chiron-part-0334 chiron-part-0333 chiron-part-0335 chiron-part-0337 chiron-part-0339 chiron-part-0338 chiron-part-0336 chiron-part-3570 chiron-part-0342 chiron-part-0341 chiron-part-0340 chiron-part-0343 chiron-part-0345 chiron-part-0344 chiron-part-0348 chiron-part-0347 chiron-part-0349 chiron-part-0350 chiron-part-0346 chiron-part-0351 chiron-part-0352 chiron-part-0354 chiron-part-0353 chiron-part-0355 chiron-part-0357 chiron-part-0356 chiron-part-0366 chiron-part-0361 chiron-part-0358 chiron-part-0365 chiron-part-0367 chiron-part-0359 chiron-part-0360 chiron-part-0363 chiron-part-0362 chiron-part-0364 chiron-part-0370 chiron-part-0368 chiron-part-0369 chiron-part-0373 chiron-part-0374 chiron-part-0375 chiron-part-0376 chiron-part-3572 chiron-part-0372 chiron-part-0371 chiron-part-0377 chiron-part-0378 chiron-part-0382 chiron-part-0381 chiron-part-0380 chiron-part-0379 chiron-part-0383 chiron-part-0384 chiron-part-0387 chiron-part-0385 chiron-part-0389 chiron-part-0386 chiron-part-0388 chiron-part-0390 chiron-part-0391 chiron-part-0392 chiron-part-0393 chiron-part-0394 chiron-part-0395 chiron-part-0396 chiron-part-0399 chiron-part-0398 chiron-part-0400 chiron-part-0397 chiron-part-0402 chiron-part-0401 chiron-part-0404 chiron-part-0403 chiron-part-0406 chiron-part-0407 chiron-part-0410 chiron-part-0409 chiron-part-0405 chiron-part-0408 chiron-part-0411 chiron-part-0412 chiron-part-0416 chiron-part-0414 chiron-part-0415 chiron-part-0419 chiron-part-0413 chiron-part-0422 chiron-part-0418 chiron-part-0417 chiron-part-0420 chiron-part-3571 chiron-part-0421 chiron-part-0423 chiron-part-0425 chiron-part-0426 chiron-part-0424 chiron-part-0427 chiron-part-0437 chiron-part-0431 chiron-part-0430 chiron-part-0432 chiron-part-0438 chiron-part-0428 chiron-part-0429 chiron-part-0436 chiron-part-0433 chiron-part-0434 chiron-part-0435 chiron-part-0439 chiron-part-0440 chiron-part-0441 chiron-part-0442 chiron-part-0443 chiron-part-0444 chiron-part-0445 chiron-part-0446 chiron-part-0447 chiron-part-0448 chiron-part-0449 chiron-part-0450 chiron-part-0451 chiron-part-0452 chiron-part-0455 chiron-part-0454 chiron-part-0453 chiron-part-0457 chiron-part-0456 chiron-part-0458 chiron-part-0459 chiron-part-0460 chiron-part-0465 chiron-part-0461 chiron-part-0462 chiron-part-0463 chiron-part-0464 chiron-part-0467 chiron-part-0468 chiron-part-0469 chiron-part-0470 chiron-part-0471 chiron-part-0472 chiron-part-0473 chiron-part-0477 chiron-part-0478 chiron-part-0479 chiron-part-0481 chiron-part-0482 chiron-part-0474 chiron-part-0475 chiron-part-0466 chiron-part-0480 chiron-part-0476 chiron-part-0483 chiron-part-0484 chiron-part-0485 chiron-part-0490 chiron-part-0489 chiron-part-0488 chiron-part-0487 chiron-part-0486 chiron-part-0492 chiron-part-0491 chiron-part-0493 chiron-part-0494 chiron-part-0495"
"118","chiron-118","6257443","91","3","3","4513174:1 6100930:1 6130009:1","chiron-part-0498 chiron-part-0497 chiron-part-0496","",""
"119","chiron-119","6257443","92","1","1","6100930:1","chiron-part-0499","",""
"120","chiron-120","6257443","93","9","9","4184169:1 6006140:1 4211550:1 4514553:2 4121715:1 4211713:1 4211655:1 6089119:1","chiron-part-0508 chiron-part-0506 chiron-part-0507 chiron-part-0501 chiron-part-0503 chiron-part-0500 chiron-part-0502 chiron-part-0504 chiron-part-0505","",""
"121","chiron-121","6257443","94","1","1","4544151:1","chiron-part-0509","",""
"122","chiron-122","6257443","95","5","5","6016154:1 4121715:4","chiron-part-0510 chiron-part-0511 chiron-part-0512 chiron-part-0513 chiron-part-0514","",""
"123","chiron-123","6257443","95","4","4","4211865:2 4121715:2","chiron-part-0517 chiron-part-0518 chiron-part-0515 chiron-part-0516","",""
"124","chiron-124","6257443","95","2","2","4542573:1 4211483:1","chiron-part-0519 chiron-part-0520","",""
"125","chiron-125","6257443","96","2","2","4211865:1 4552348:1","chiron-part-0522 chiron-part-0521","",""
"126","chiron-126","6257443","96","3","3","4239601:1 6135494:1 6007966:1","chiron-part-0525 chiron-part-0524 chiron-part-0523","",""
"127","chiron-127","6257443","97","0","0","","","Attach the first upright frame","chiron-part-0510 chiron-part-0511 chiron-part-0512 chiron-part-0513 chiron-part-0514 chiron-part-0517 chiron-part-0518 chiron-part-0515 chiron-part-0516 chiron-part-0519 chiron-part-0520 chiron-part-0522 chiron-part-0521 chiron-part-0525 chiron-part-0524 chiron-part-0523"
"128","chiron-128","6257443","98","0","0","","","Push the frame connectors into place","chiron-part-0510 chiron-part-0511 chiron-part-0512 chiron-part-0513 chiron-part-0514 chiron-part-0517 chiron-part-0518 chiron-part-0515 chiron-part-0516 chiron-part-0519 chiron-part-0520 chiron-part-0522 chiron-part-0521 chiron-part-0525 chiron-part-0524 chiron-part-0523"
"129","chiron-129","6257443","99","3","3","4121715:1 6006140:1 6177114:1","chiron-part-0527 chiron-part-0526 chiron-part-0528","",""
"130","chiron-130","6257443","100","5","5","4121715:4 6016154:1","chiron-part-0531 chiron-part-0532 chiron-part-0533 chiron-part-0534 chiron-part-0530","",""
"131","chiron-131","6257443","100","2","2","4211865:1 4552348:1","chiron-part-0538 chiron-part-0537","",""
"132","chiron-132","6257443","100","2","2","4121715:2","chiron-part-0535 chiron-part-0536","",""
"133","chiron-133","6257443","100","3","3","4239601:1 6007966:1 6135494:1","chiron-part-0529 chiron-part-0539 chiron-part-0540","",""
"134","chiron-134","6257443","101","0","0","","","Attach the second upright frame","chiron-part-0531 chiron-part-0532 chiron-part-0533 chiron-part-0534 chiron-part-0530 chiron-part-0538 chiron-part-0537 chiron-part-0535 chiron-part-0536 chiron-part-0529 chiron-part-0539 chiron-part-0540"
"135","chiron-135","6257443","102","6","6","4495935:2 4514553:4","chiron-part-0545 chiron-part-0546 chiron-part-0541 chiron-part-0542 chiron-part-0543 chiron-part-0544","",""
"136","chiron-136","6257443","103","4","4","4211713:2 4211865:1 6143033:1","chiron-part-0547 chiron-part-0548 chiron-part-0549 chiron-part-0550","",""
"137","chiron-137","6257443","104","2","2","4206482:1 4666579:1","chiron-part-0552 chiron-part-0551","",""
"138","chiron-138","6257443","105","3","3","4522934:1 4206482:1 6203249:1","chiron-part-0554 chiron-part-0555 chiron-part-0553","",""
"139","chiron-139","6257443","106","0","0","","","Seat the rear axle connector","chiron-part-0545 chiron-part-0546 chiron-part-0541 chiron-part-0542 chiron-part-0543 chiron-part-0544 chiron-part-0547 chiron-part-0548 chiron-part-0549 chiron-part-0550 chiron-part-0552 chiron-part-0551 chiron-part-0554 chiron-part-0555 chiron-part-0553"
"140","chiron-140","6257443","107","4","4","4514553:2 6022761:1 6023036:1","chiron-part-0556 chiron-part-0561 chiron-part-0557 chiron-part-0558","",""
"141","chiron-141","6257443","108","2","2","4211865:2","chiron-part-0559 chiron-part-0560","",""
"142","chiron-142","6257443","109","3","3","4514553:2 4552348:1","chiron-part-0563 chiron-part-0564 chiron-part-0565","",""
"143","chiron-143","6257443","109","1","1","4205761:1","chiron-part-0562","",""
"144","chiron-144","6257443","109","4","4","4206482:2 4211865:2","chiron-part-0568 chiron-part-0569 chiron-part-0566 chiron-part-0567","",""
"145","chiron-145","6257443","109","1","1","4144023:1","chiron-part-0570","",""
"146","chiron-146","6257443","110","2","2","4552348:1 4499858:1","chiron-part-0572 chiron-part-0571","",""
"147","chiron-147","6257443","110","3","3","4121715:2 4234251:1","chiron-part-0578 chiron-part-0579 chiron-part-0577","",""
"148","chiron-148","6257443","110","3","3","4121715:2 4234251:1","chiron-part-0580 chiron-part-0581 chiron-part-0582","",""
"149","chiron-149","6257443","111","3","3","4121715:2 4234251:1","chiron-part-0583 chiron-part-0584 chiron-part-0585","",""
"150","chiron-150","6257443","111","1","1","4234251:1","chiron-part-0586","",""
"151","chiron-151","6257443","111","4","4","4206482:2 4211865:2","chiron-part-0574 chiron-part-0576 chiron-part-0573 chiron-part-0575","",""
"152","chiron-152","6257443","112","24","24","4119474:2 4142865:2 4112203:8 6013937:3 4211639:1 6000018:8","chiron-part-0588 chiron-part-0600 chiron-part-0592 chiron-part-0596 chiron-part-0603 chiron-part-0604 chiron-part-0605 chiron-part-0606 chiron-part-0607 chiron-part-0608 chiron-part-0609 chiron-part-0610 chiron-part-0591 chiron-part-0595 chiron-part-0597 chiron-part-0587 chiron-part-0589 chiron-part-0590 chiron-part-0593 chiron-part-0594 chiron-part-0598 chiron-part-0599 chiron-part-0601 chiron-part-0602","",""
"153","chiron-153","6257443","113","0","0","","","Fold the cylinder bank over the pistons","chiron-part-0563 chiron-part-0564 chiron-part-0565 chiron-part-0562 chiron-part-0568 chiron-part-0569 chiron-part-0566 chiron-part-0567 chiron-part-0570 chiron-part-0572 chiron-part-0571 chiron-part-0578 chiron-part-0579 chiron-part-0577 chiron-part-0580 chiron-part-0581 chiron-part-0582 chiron-part-0583 chiron-part-0584 chiron-part-0585 chiron-part-0586 chiron-part-0574 chiron-part-0576 chiron-part-0573 chiron-part-0575 chiron-part-0588 chiron-part-0600 chiron-part-0592 chiron-part-0596 chiron-part-0603 chiron-part-0604 chiron-part-0605 chiron-part-0606 chiron-part-0607 chiron-part-0608 chiron-part-0609 chiron-part-0610 chiron-part-0591 chiron-part-0595 chiron-part-0597 chiron-part-0587 chiron-part-0589 chiron-part-0590 chiron-part-0593 chiron-part-0594 chiron-part-0598 chiron-part-0599 chiron-part-0601 chiron-part-0602"
"154","chiron-154","6257443","114","10","10","4121715:6 4234251:4","chiron-part-0612 chiron-part-0613 chiron-part-0614 chiron-part-0615 chiron-part-0617 chiron-part-0618 chiron-part-0611 chiron-part-0616 chiron-part-0619 chiron-part-0620","",""
"155","chiron-155","6257443","114","0","0","","","Seat the cylinder bank and axle","chiron-part-0612 chiron-part-0613 chiron-part-0614 chiron-part-0615 chiron-part-0617 chiron-part-0618 chiron-part-0611 chiron-part-0616 chiron-part-0619 chiron-part-0620"
"156","chiron-156","6257443","115","8","8","4206482:4 4211865:4","chiron-part-0621 chiron-part-0622 chiron-part-0623 chiron-part-0624 chiron-part-0625 chiron-part-0626 chiron-part-0627 chiron-part-0628","",""
"157","chiron-157","6257443","115","2","2","6130007:1 6133119:1","chiron-part-0629 chiron-part-0630","",""
"158","chiron-158","6257443","116","1","1","4205761:1","chiron-part-0631","",""
"159","chiron-159","6257443","116","6","6","4121715:1 4142135:1 4211865:1 4514553:1 4552348:1 6209519:1","chiron-part-0634 chiron-part-0632 chiron-part-0636 chiron-part-0633 chiron-part-0635 chiron-part-0637","",""
"160","chiron-160","6257443","117","6","6","4121715:1 4142135:1 4211865:1 4514553:1 4552348:1 6209519:1","chiron-part-0641 chiron-part-0639 chiron-part-0643 chiron-part-0640 chiron-part-0642 chiron-part-0638","",""
"161","chiron-161","6257443","117","2","2","4177431:1 6084724:1","chiron-part-0644 chiron-part-0645","",""
"162","chiron-162","6257443","118","6","6","4121715:4 4234251:2","chiron-part-0647 chiron-part-0648 chiron-part-0681 chiron-part-0682 chiron-part-0646 chiron-part-0680","",""
"163","chiron-163","6257443","118","6","6","4121715:4 4234251:2","chiron-part-0649 chiron-part-0651 chiron-part-0683 chiron-part-0685 chiron-part-0650 chiron-part-0684","",""
"164","chiron-164","6257443","118","6","6","4121715:4 4234251:2","chiron-part-0652 chiron-part-0654 chiron-part-0686 chiron-part-0688 chiron-part-0653 chiron-part-0687","",""
"165","chiron-165","6257443","118","2","2","4234251:2","chiron-part-0655 chiron-part-0689","",""
"166","chiron-166","6257443","119","10","10","4211865:4 4552348:2 6209519:4","chiron-part-0656 chiron-part-0657 chiron-part-0690 chiron-part-0691 chiron-part-0658 chiron-part-0692 chiron-part-0659 chiron-part-0660 chiron-part-0693 chiron-part-0694","",""
"167","chiron-167","6257443","119","32","32","6000018:8 4119474:4 4112203:8 4142865:6 6013937:6","chiron-part-0664 chiron-part-0667 chiron-part-0670 chiron-part-0673 chiron-part-0698 chiron-part-0701 chiron-part-0704 chiron-part-0707 chiron-part-0663 chiron-part-0674 chiron-part-0697 chiron-part-0708 chiron-part-0676 chiron-part-0677 chiron-part-0678 chiron-part-0679 chiron-part-0710 chiron-part-0711 chiron-part-0712 chiron-part-0713 chiron-part-0666 chiron-part-0671 chiron-part-0672 chiron-part-0700 chiron-part-0705 chiron-part-0706 chiron-part-0665 chiron-part-0668 chiron-part-0669 chiron-part-0699 chiron-part-0702 chiron-part-0703","",""
"168","chiron-168","6257443","120","4","4","6130007:2 6133119:2","chiron-part-0661 chiron-part-0695 chiron-part-0662 chiron-part-0696","",""
"169","chiron-169","6257443","120","2","2","4552348:2","chiron-part-0675 chiron-part-0709","",""
"170","chiron-170","6257443","121","0","0","","","Turn the two outer cylinder banks","chiron-part-0647 chiron-part-0648 chiron-part-0681 chiron-part-0682 chiron-part-0646 chiron-part-0680 chiron-part-0649 chiron-part-0651 chiron-part-0683 chiron-part-0685 chiron-part-0650 chiron-part-0684 chiron-part-0652 chiron-part-0654 chiron-part-0686 chiron-part-0688 chiron-part-0653 chiron-part-0687 chiron-part-0655 chiron-part-0689 chiron-part-0656 chiron-part-0657 chiron-part-0690 chiron-part-0691 chiron-part-0658 chiron-part-0692 chiron-part-0659 chiron-part-0660 chiron-part-0693 chiron-part-0694 chiron-part-0664 chiron-part-0667 chiron-part-0670 chiron-part-0673 chiron-part-0698 chiron-part-0701 chiron-part-0704 chiron-part-0707 chiron-part-0663 chiron-part-0674 chiron-part-0697 chiron-part-0708 chiron-part-0676 chiron-part-0677 chiron-part-0678 chiron-part-0679 chiron-part-0710 chiron-part-0711 chiron-part-0712 chiron-part-0713 chiron-part-0666 chiron-part-0671 chiron-part-0672 chiron-part-0700 chiron-part-0705 chiron-part-0706 chiron-part-0665 chiron-part-0668 chiron-part-0669 chiron-part-0699 chiron-part-0702 chiron-part-0703 chiron-part-0661 chiron-part-0695 chiron-part-0662 chiron-part-0696 chiron-part-0675 chiron-part-0709"
"171","chiron-171","6257443","121","0","0","","","Join the outer banks to the W16 engine","chiron-part-0647 chiron-part-0648 chiron-part-0681 chiron-part-0682 chiron-part-0646 chiron-part-0680 chiron-part-0649 chiron-part-0651 chiron-part-0683 chiron-part-0685 chiron-part-0650 chiron-part-0684 chiron-part-0652 chiron-part-0654 chiron-part-0686 chiron-part-0688 chiron-part-0653 chiron-part-0687 chiron-part-0655 chiron-part-0689 chiron-part-0656 chiron-part-0657 chiron-part-0690 chiron-part-0691 chiron-part-0658 chiron-part-0692 chiron-part-0659 chiron-part-0660 chiron-part-0693 chiron-part-0694 chiron-part-0664 chiron-part-0667 chiron-part-0670 chiron-part-0673 chiron-part-0698 chiron-part-0701 chiron-part-0704 chiron-part-0707 chiron-part-0663 chiron-part-0674 chiron-part-0697 chiron-part-0708 chiron-part-0676 chiron-part-0677 chiron-part-0678 chiron-part-0679 chiron-part-0710 chiron-part-0711 chiron-part-0712 chiron-part-0713 chiron-part-0666 chiron-part-0671 chiron-part-0672 chiron-part-0700 chiron-part-0705 chiron-part-0706 chiron-part-0665 chiron-part-0668 chiron-part-0669 chiron-part-0699 chiron-part-0702 chiron-part-0703 chiron-part-0661 chiron-part-0695 chiron-part-0662 chiron-part-0696 chiron-part-0675 chiron-part-0709"
"172","chiron-172","6257443","122","0","0","","","Turn the completed engine","chiron-part-0563 chiron-part-0564 chiron-part-0565 chiron-part-0562 chiron-part-0568 chiron-part-0569 chiron-part-0566 chiron-part-0567 chiron-part-0570 chiron-part-0572 chiron-part-0571 chiron-part-0578 chiron-part-0579 chiron-part-0577 chiron-part-0580 chiron-part-0581 chiron-part-0582 chiron-part-0583 chiron-part-0584 chiron-part-0585 chiron-part-0586 chiron-part-0574 chiron-part-0576 chiron-part-0573 chiron-part-0575 chiron-part-0588 chiron-part-0600 chiron-part-0592 chiron-part-0596 chiron-part-0603 chiron-part-0604 chiron-part-0605 chiron-part-0606 chiron-part-0607 chiron-part-0608 chiron-part-0609 chiron-part-0610 chiron-part-0591 chiron-part-0595 chiron-part-0597 chiron-part-0587 chiron-part-0589 chiron-part-0590 chiron-part-0593 chiron-part-0594 chiron-part-0598 chiron-part-0599 chiron-part-0601 chiron-part-0602 chiron-part-0612 chiron-part-0613 chiron-part-0614 chiron-part-0615 chiron-part-0617 chiron-part-0618 chiron-part-0611 chiron-part-0616 chiron-part-0619 chiron-part-0620 chiron-part-0621 chiron-part-0622 chiron-part-0623 chiron-part-0624 chiron-part-0625 chiron-part-0626 chiron-part-0627 chiron-part-0628 chiron-part-0629 chiron-part-0630 chiron-part-0631 chiron-part-0634 chiron-part-0632 chiron-part-0636 chiron-part-0633 chiron-part-0635 chiron-part-0637 chiron-part-0641 chiron-part-0639 chiron-part-0643 chiron-part-0640 chiron-part-0642 chiron-part-0638 chiron-part-0644 chiron-part-0645 chiron-part-0647 chiron-part-0648 chiron-part-0681 chiron-part-0682 chiron-part-0646 chiron-part-0680 chiron-part-0649 chiron-part-0651 chiron-part-0683 chiron-part-0685 chiron-part-0650 chiron-part-0684 chiron-part-0652 chiron-part-0654 chiron-part-0686 chiron-part-0688 chiron-part-0653 chiron-part-0687 chiron-part-0655 chiron-part-0689 chiron-part-0656 chiron-part-0657 chiron-part-0690 chiron-part-0691 chiron-part-0658 chiron-part-0692 chiron-part-0659 chiron-part-0660 chiron-part-0693 chiron-part-0694 chiron-part-0664 chiron-part-0667 chiron-part-0670 chiron-part-0673 chiron-part-0698 chiron-part-0701 chiron-part-0704 chiron-part-0707 chiron-part-0663 chiron-part-0674 chiron-part-0697 chiron-part-0708 chiron-part-0676 chiron-part-0677 chiron-part-0678 chiron-part-0679 chiron-part-0710 chiron-part-0711 chiron-part-0712 chiron-part-0713 chiron-part-0666 chiron-part-0671 chiron-part-0672 chiron-part-0700 chiron-part-0705 chiron-part-0706 chiron-part-0665 chiron-part-0668 chiron-part-0669 chiron-part-0699 chiron-part-0702 chiron-part-0703 chiron-part-0661 chiron-part-0695 chiron-part-0662 chiron-part-0696 chiron-part-0675 chiron-part-0709"
"173","chiron-173","6257443","122","5","5","4522934:1 4121715:4","chiron-part-0714 chiron-part-0715 chiron-part-0716 chiron-part-0717 chiron-part-0718","",""
"174","chiron-174","6257443","123","18","18","4107081:4 4142135:2 4206482:4 4211629:4 4211639:2 6007966:2","chiron-part-0722 chiron-part-0723 chiron-part-0732 chiron-part-0733 chiron-part-0726 chiron-part-0736 chiron-part-0724 chiron-part-0725 chiron-part-0734 chiron-part-0735 chiron-part-0719 chiron-part-0720 chiron-part-0729 chiron-part-0730 chiron-part-0721 chiron-part-0731 chiron-part-0727 chiron-part-0728","",""
"175","chiron-175","6257443","124","2","2","4211567:1 6130007:1","chiron-part-0738 chiron-part-0737","",""
"176","chiron-176","6257443","124","1","1","4111998:1","chiron-part-0739","",""
"177","chiron-177","6257443","124","2","2","4121715:1 6173129:1","chiron-part-0740 chiron-part-0741","",""
"178","chiron-178","6257443","124","2","2","4206482:1 4514553:1","chiron-part-0743 chiron-part-0742","",""
"179","chiron-179","6257443","125","1","1","4542573:1","chiron-part-0744","",""
"180","chiron-180","6257443","125","2","2","4211567:1 6130007:1","chiron-part-0746 chiron-part-0745","",""
"181","chiron-181","6257443","125","1","1","4111998:1","chiron-part-0747","",""
"182","chiron-182","6257443","126","2","2","4121715:1 6173129:1","chiron-part-0748 chiron-part-0749","",""
"183","chiron-183","6257443","126","2","2","4206482:1 4514553:1","chiron-part-0751 chiron-part-0750","",""
"184","chiron-184","6257443","126","0","0","","","Join the engine support rails","chiron-part-0746 chiron-part-0745 chiron-part-0747 chiron-part-0748 chiron-part-0749 chiron-part-0751 chiron-part-0750"
"185","chiron-185","6257443","127","4","4","4121715:2 6209519:2","chiron-part-0752 chiron-part-0753 chiron-part-0754 chiron-part-0755","",""
"186","chiron-186","6257443","127","8","8","4495935:2 4514553:6","chiron-part-0756 chiron-part-0763 chiron-part-0757 chiron-part-0758 chiron-part-0759 chiron-part-0760 chiron-part-0761 chiron-part-0762","",""
"187","chiron-187","6257443","128","5","5","6102449:1 6013938:1 4121715:2 4552348:1","chiron-part-0764 chiron-part-0768 chiron-part-0765 chiron-part-0766 chiron-part-0767","",""
"188","chiron-188","6257443","128","2","2","4211713:2","chiron-part-0769 chiron-part-0770","",""
"189","chiron-189","6257443","129","8","8","4121715:6 4514553:2","chiron-part-0773 chiron-part-0774 chiron-part-0775 chiron-part-0776 chiron-part-0777 chiron-part-0778 chiron-part-0771 chiron-part-0772","",""
"190","chiron-190","6257443","129","2","2","4211713:2","chiron-part-0779 chiron-part-0780","",""
"191","chiron-191","6257443","130","2","2","4142135:2","chiron-part-0781 chiron-part-0782","",""
"192","chiron-192","6257443","130","0","0","","","Attach the engine support frame","chiron-part-0738 chiron-part-0737 chiron-part-0739 chiron-part-0740 chiron-part-0741 chiron-part-0743 chiron-part-0742 chiron-part-0744 chiron-part-0746 chiron-part-0745 chiron-part-0747 chiron-part-0748 chiron-part-0749 chiron-part-0751 chiron-part-0750 chiron-part-0752 chiron-part-0753 chiron-part-0754 chiron-part-0755 chiron-part-0756 chiron-part-0763 chiron-part-0757 chiron-part-0758 chiron-part-0759 chiron-part-0760 chiron-part-0761 chiron-part-0762 chiron-part-0764 chiron-part-0768 chiron-part-0765 chiron-part-0766 chiron-part-0767 chiron-part-0769 chiron-part-0770 chiron-part-0773 chiron-part-0774 chiron-part-0775 chiron-part-0776 chiron-part-0777 chiron-part-0778 chiron-part-0771 chiron-part-0772 chiron-part-0779 chiron-part-0780 chiron-part-0781 chiron-part-0782"
"193","chiron-193","6257443","131","2","2","4512363:1 6177114:1","chiron-part-0784 chiron-part-0783","",""
"194","chiron-194","6257443","132","0","0","","","Mount the W16 engine on the rear chassis","chiron-part-0563 chiron-part-0564 chiron-part-0565 chiron-part-0562 chiron-part-0568 chiron-part-0569 chiron-part-0566 chiron-part-0567 chiron-part-0570 chiron-part-0572 chiron-part-0571 chiron-part-0578 chiron-part-0579 chiron-part-0577 chiron-part-0580 chiron-part-0581 chiron-part-0582 chiron-part-0583 chiron-part-0584 chiron-part-0585 chiron-part-0586 chiron-part-0574 chiron-part-0576 chiron-part-0573 chiron-part-0575 chiron-part-0588 chiron-part-0600 chiron-part-0592 chiron-part-0596 chiron-part-0603 chiron-part-0604 chiron-part-0605 chiron-part-0606 chiron-part-0607 chiron-part-0608 chiron-part-0609 chiron-part-0610 chiron-part-0591 chiron-part-0595 chiron-part-0597 chiron-part-0587 chiron-part-0589 chiron-part-0590 chiron-part-0593 chiron-part-0594 chiron-part-0598 chiron-part-0599 chiron-part-0601 chiron-part-0602 chiron-part-0612 chiron-part-0613 chiron-part-0614 chiron-part-0615 chiron-part-0617 chiron-part-0618 chiron-part-0611 chiron-part-0616 chiron-part-0619 chiron-part-0620 chiron-part-0621 chiron-part-0622 chiron-part-0623 chiron-part-0624 chiron-part-0625 chiron-part-0626 chiron-part-0627 chiron-part-0628 chiron-part-0629 chiron-part-0630 chiron-part-0631 chiron-part-0634 chiron-part-0632 chiron-part-0636 chiron-part-0633 chiron-part-0635 chiron-part-0637 chiron-part-0641 chiron-part-0639 chiron-part-0643 chiron-part-0640 chiron-part-0642 chiron-part-0638 chiron-part-0644 chiron-part-0645 chiron-part-0647 chiron-part-0648 chiron-part-0681 chiron-part-0682 chiron-part-0646 chiron-part-0680 chiron-part-0649 chiron-part-0651 chiron-part-0683 chiron-part-0685 chiron-part-0650 chiron-part-0684 chiron-part-0652 chiron-part-0654 chiron-part-0686 chiron-part-0688 chiron-part-0653 chiron-part-0687 chiron-part-0655 chiron-part-0689 chiron-part-0656 chiron-part-0657 chiron-part-0690 chiron-part-0691 chiron-part-0658 chiron-part-0692 chiron-part-0659 chiron-part-0660 chiron-part-0693 chiron-part-0694 chiron-part-0664 chiron-part-0667 chiron-part-0670 chiron-part-0673 chiron-part-0698 chiron-part-0701 chiron-part-0704 chiron-part-0707 chiron-part-0663 chiron-part-0674 chiron-part-0697 chiron-part-0708 chiron-part-0676 chiron-part-0677 chiron-part-0678 chiron-part-0679 chiron-part-0710 chiron-part-0711 chiron-part-0712 chiron-part-0713 chiron-part-0666 chiron-part-0671 chiron-part-0672 chiron-part-0700 chiron-part-0705 chiron-part-0706 chiron-part-0665 chiron-part-0668 chiron-part-0669 chiron-part-0699 chiron-part-0702 chiron-part-0703 chiron-part-0661 chiron-part-0695 chiron-part-0662 chiron-part-0696 chiron-part-0675 chiron-part-0709 chiron-part-0714 chiron-part-0715 chiron-part-0716 chiron-part-0717 chiron-part-0718 chiron-part-0722 chiron-part-0723 chiron-part-0732 chiron-part-0733 chiron-part-0726 chiron-part-0736 chiron-part-0724 chiron-part-0725 chiron-part-0734 chiron-part-0735 chiron-part-0719 chiron-part-0720 chiron-part-0729 chiron-part-0730 chiron-part-0721 chiron-part-0731 chiron-part-0727 chiron-part-0728 chiron-part-0738 chiron-part-0737 chiron-part-0739 chiron-part-0740 chiron-part-0741 chiron-part-0743 chiron-part-0742 chiron-part-0744 chiron-part-0746 chiron-part-0745 chiron-part-0747 chiron-part-0748 chiron-part-0749 chiron-part-0751 chiron-part-0750 chiron-part-0752 chiron-part-0753 chiron-part-0754 chiron-part-0755 chiron-part-0756 chiron-part-0763 chiron-part-0757 chiron-part-0758 chiron-part-0759 chiron-part-0760 chiron-part-0761 chiron-part-0762 chiron-part-0764 chiron-part-0768 chiron-part-0765 chiron-part-0766 chiron-part-0767 chiron-part-0769 chiron-part-0770 chiron-part-0773 chiron-part-0774 chiron-part-0775 chiron-part-0776 chiron-part-0777 chiron-part-0778 chiron-part-0771 chiron-part-0772 chiron-part-0779 chiron-part-0780 chiron-part-0781 chiron-part-0782 chiron-part-0784 chiron-part-0783"
"195","chiron-195","6257443","133","2","2","4514553:2","chiron-part-0785 chiron-part-0786","",""
"196","chiron-196","6257443","134","2","2","6029578:1 4211639:1","chiron-part-0788 chiron-part-0787","",""
"197","chiron-197","6257443","135","7","7","4121715:2 4142865:1 4184169:1 6093527:1 6006140:1 6007966:1","chiron-part-0790 chiron-part-0791 chiron-part-0792 chiron-part-0794 chiron-part-0795 chiron-part-0793 chiron-part-0789","",""
"198","chiron-198","6257443","136","2","2","6029578:1 4211639:1","chiron-part-0797 chiron-part-0796","",""
"199","chiron-199","6257443","137","7","7","4121715:2 4142865:1 4184169:1 6093527:1 6006140:1 6007966:1","chiron-part-0800 chiron-part-0801 chiron-part-0802 chiron-part-0804 chiron-part-0798 chiron-part-0803 chiron-part-0799","",""
"200","chiron-200","6257443","142","3","3","4542573:1 4514553:2","chiron-part-0806 chiron-part-0805 chiron-part-0807","",""
"201","chiron-201","6257443","142","3","3","4542573:1 6177114:2","chiron-part-0810 chiron-part-0808 chiron-part-0809","",""
"202","chiron-202","6257443","142","4","4","4514553:4","chiron-part-0811 chiron-part-0812 chiron-part-0813 chiron-part-0814","",""
"203","chiron-203","6257443","143","4","4","4206482:2 6055519:1 6100932:1","chiron-part-0816 chiron-part-0818 chiron-part-0815 chiron-part-0817","",""
"204","chiron-204","6257443","143","1","1","6055519:1","chiron-part-0819","",""
"205","chiron-205","6257443","143","4","4","4211713:1 4514553:3","chiron-part-0823 chiron-part-0820 chiron-part-0821 chiron-part-0822","",""
"206","chiron-206","6257443","144","2","2","4514553:1 6177114:1","chiron-part-0824 chiron-part-0825","",""
"207","chiron-207","6257443","144","3","3","4121715:2 4552348:1","chiron-part-0826 chiron-part-0828 chiron-part-0827","",""
"208","chiron-208","6257443","144","2","2","4187122:1 4514553:1","chiron-part-0829 chiron-part-0830","",""
"209","chiron-209","6257443","144","2","2","4211713:1 4560175:1","chiron-part-0831 chiron-part-0832","",""
"210","chiron-210","6257443","145","5","5","4203493:1 4560175:1 4211713:1 6135494:1 6083620:1","chiron-part-0836 chiron-part-0834 chiron-part-0833 chiron-part-0835 chiron-part-0837","",""
"211","chiron-211","6257443","145","6","6","6102449:1 4121715:4 4211655:1","chiron-part-0840 chiron-part-0838 chiron-part-0839 chiron-part-0841 chiron-part-0842 chiron-part-0843","",""
"212","chiron-212","6257443","146","4","4","4211639:2 4513174:1 4640536:1","chiron-part-0844 chiron-part-0848 chiron-part-0847 chiron-part-0845","",""
"213","chiron-213","6257443","146","2","2","4173970:1 4513174:1","chiron-part-0846 chiron-part-3574","",""
"214","chiron-214","6257443","147","2","2","4211713:1 4514553:1","chiron-part-0849 chiron-part-0850","",""
"215","chiron-215","6257443","147","2","2","4211713:1 4640536:1","chiron-part-0851 chiron-part-0852","",""
"216","chiron-216","6257443","147","6","6","4211713:1 4121715:2 4514553:2 4552348:1","chiron-part-0856 chiron-part-0857 chiron-part-0858 chiron-part-0854 chiron-part-0855 chiron-part-0853","",""
"217","chiron-217","6257443","148","3","3","4211622:1 4513174:1 6130002:1","chiron-part-0861 chiron-part-0859 chiron-part-0860","",""
"218","chiron-218","6257443","148","3","3","6100930:1 6100932:1 6135092:1","chiron-part-0862 chiron-part-0863 chiron-part-0864","",""
"219","chiron-219","6257443","149","2","2","6130005:1 4211639:1","chiron-part-0865 chiron-part-0866","",""
"220","chiron-220","6257443","149","2","2","6100931:1 6224999:1","chiron-part-0867 chiron-part-0868","",""
"221","chiron-221","6257443","150","4","4","4552348:1 4121715:3","chiron-part-0869 chiron-part-0870 chiron-part-0871 chiron-part-0872","",""
"222","chiron-222","6257443","150","2","2","4121715:1 4211713:1","chiron-part-0874 chiron-part-0873","",""
"223","chiron-223","6257443","150","3","3","4121715:1 4211713:1 4514553:1","chiron-part-0877 chiron-part-0876 chiron-part-0875","",""
"224","chiron-224","6257443","150","5","5","4121715:4 6016154:1","chiron-part-0879 chiron-part-0880 chiron-part-0881 chiron-part-0882 chiron-part-0878","",""
"225","chiron-225","6257443","151","2","2","4495935:1 6209519:1","chiron-part-0883 chiron-part-0884","",""
"226","chiron-226","6257443","151","5","5","4121715:4 6102449:1","chiron-part-3578 chiron-part-0885 chiron-part-0886 chiron-part-0887 chiron-part-0888","",""
"227","chiron-227","6257443","152","9","9","4514553:1 6006140:1 4211550:1 6089119:1 6209519:2 6037676:1 4495935:1 4121715:1","chiron-part-0893 chiron-part-0896 chiron-part-0897 chiron-part-0894 chiron-part-0889 chiron-part-0890 chiron-part-0895 chiron-part-0891 chiron-part-0892","",""
"228","chiron-228","6257443","153","4","4","6133119:1 4519010:1 4508553:1 6130007:1","chiron-part-0900 chiron-part-0899 chiron-part-0898 chiron-part-0903","",""
"229","chiron-229","6257443","153","2","2","4121715:1 4211655:1","chiron-part-0901 chiron-part-0902","",""
"230","chiron-230","6257443","153","0","0","","","Close the gear selector housing","chiron-part-0869 chiron-part-0870 chiron-part-0871 chiron-part-0872 chiron-part-0874 chiron-part-0873 chiron-part-0877 chiron-part-0876 chiron-part-0875 chiron-part-0879 chiron-part-0880 chiron-part-0881 chiron-part-0882 chiron-part-0878 chiron-part-0883 chiron-part-0884 chiron-part-3578 chiron-part-0885 chiron-part-0886 chiron-part-0887 chiron-part-0888 chiron-part-0893 chiron-part-0896 chiron-part-0897 chiron-part-0894 chiron-part-0889 chiron-part-0890 chiron-part-0895 chiron-part-0891 chiron-part-0892 chiron-part-0900 chiron-part-0899 chiron-part-0898 chiron-part-0903 chiron-part-0901 chiron-part-0902"
"231","chiron-231","6257443","154","1","1","4211622:1","chiron-part-0904","",""
"232","chiron-232","6257443","155","3","3","4513174:1 6130007:1 6198486:1","chiron-part-0906 chiron-part-0907 chiron-part-0905","",""
"233","chiron-233","6257443","156","10","10","4121715:8 6016154:2","chiron-part-0909 chiron-part-0910 chiron-part-0911 chiron-part-0912 chiron-part-0921 chiron-part-0922 chiron-part-0923 chiron-part-0924 chiron-part-0908 chiron-part-0920","",""
"234","chiron-234","6257443","156","4","4","4142135:4","chiron-part-0913 chiron-part-0914 chiron-part-0925 chiron-part-0926","",""
"235","chiron-235","6257443","156","2","2","4296059:2","chiron-part-0915 chiron-part-0927","",""
"236","chiron-236","6257443","156","2","2","6029578:2","chiron-part-0916 chiron-part-0928","",""
"237","chiron-237","6257443","157","6","6","4514553:4 6143033:2","chiron-part-0918 chiron-part-0919 chiron-part-0930 chiron-part-0931 chiron-part-0917 chiron-part-0929","",""
"238","chiron-238","6257443","157","0","0","","","Attach both lower chassis frames","chiron-part-0909 chiron-part-0910 chiron-part-0911 chiron-part-0912 chiron-part-0921 chiron-part-0922 chiron-part-0923 chiron-part-0924 chiron-part-0908 chiron-part-0920 chiron-part-0913 chiron-part-0914 chiron-part-0925 chiron-part-0926 chiron-part-0915 chiron-part-0927 chiron-part-0916 chiron-part-0928 chiron-part-0918 chiron-part-0919 chiron-part-0930 chiron-part-0931 chiron-part-0917 chiron-part-0929"
"239","chiron-239","6257443","158","6","6","6177114:1 4514553:1 4495935:1 4121715:3","chiron-part-0937 chiron-part-0936 chiron-part-0934 chiron-part-0932 chiron-part-0933 chiron-part-0935","",""
"240","chiron-240","6257443","159","6","6","4121715:2 4211655:1 4495935:1 4514553:2","chiron-part-0938 chiron-part-0939 chiron-part-0943 chiron-part-0940 chiron-part-0941 chiron-part-0942","",""
"241","chiron-241","6257443","160","4","4","4121715:4","chiron-part-0944 chiron-part-0945 chiron-part-0946 chiron-part-0947","",""
"242","chiron-242","6257443","161","2","2","4211713:2","chiron-part-0948 chiron-part-0949","",""
"243","chiron-243","6257443","162","5","5","4514553:2 6102449:1 4211483:2","chiron-part-0951 chiron-part-0952 chiron-part-0950 chiron-part-0956 chiron-part-0957","",""
"244","chiron-244","6257443","162","3","3","4514553:2 4121715:1","chiron-part-0953 chiron-part-0954 chiron-part-0955","",""
"245","chiron-245","6257443","162","2","2","4495935:2","chiron-part-0958 chiron-part-0959","",""
"246","chiron-246","6257443","162","6","6","4514553:6","chiron-part-0960 chiron-part-0961 chiron-part-0962 chiron-part-0963 chiron-part-0964 chiron-part-0965","",""
"247","chiron-247","6257443","163","4","4","4211713:2 4495935:2","chiron-part-0968 chiron-part-0969 chiron-part-0966 chiron-part-0967","",""
"248","chiron-248","6257443","163","4","4","4514553:4","chiron-part-0970 chiron-part-0971 chiron-part-0972 chiron-part-0973","",""
"249","chiron-249","6257443","163","3","3","4120017:1 4121715:1 4206482:1","chiron-part-0976 chiron-part-0974 chiron-part-0975","",""
"250","chiron-250","6257443","164","3","3","4120017:1 4121715:1 4206482:1","chiron-part-0979 chiron-part-0977 chiron-part-0978","",""
"251","chiron-251","6257443","164","2","2","4211713:2","chiron-part-0980 chiron-part-0981","",""
"252","chiron-252","6257443","165","10","10","6130007:2 4514553:2 4211550:2 4211775:2 6006140:2","chiron-part-0984 chiron-part-0989 chiron-part-0982 chiron-part-0987 chiron-part-0983 chiron-part-0988 chiron-part-0986 chiron-part-0991 chiron-part-0985 chiron-part-0990","",""
"253","chiron-253","6257443","165","2","2","4121715:2","chiron-part-0992 chiron-part-0993","",""
"254","chiron-254","6257443","166","5","5","6016154:1 4121715:2 4211483:2","chiron-part-0996 chiron-part-0997 chiron-part-0998 chiron-part-0999 chiron-part-1000","",""
"255","chiron-255","6257443","166","3","3","4121715:1 4661486:1 6177114:1","chiron-part-1001 chiron-part-1003 chiron-part-1002","",""
"256","chiron-256","6257443","166","6","6","370526:2 4525184:1 4565452:3","chiron-part-1004 chiron-part-1005 chiron-part-1006 chiron-part-1007 chiron-part-1008 chiron-part-1009","",""
"257","chiron-257","6257443","167","2","2","4666999:1 6084724:1","chiron-part-1010 chiron-part-1011","",""
"258","chiron-258","6257443","167","4","4","4121715:2 4514553:2","chiron-part-1012 chiron-part-1013 chiron-part-1014 chiron-part-1015","",""
"259","chiron-259","6257443","167","2","2","4542573:2","chiron-part-1016 chiron-part-1017","",""
"260","chiron-260","6257443","168","4","4","4121715:2 4513174:2","chiron-part-1020 chiron-part-1021 chiron-part-1018 chiron-part-1019","",""
"261","chiron-261","6257443","168","2","2","4211655:2","chiron-part-1022 chiron-part-1023","",""
"262","chiron-262","6257443","168","1","1","4640536:1","chiron-part-1024","",""
"263","chiron-263","6257443","168","0","0","","","Turn the front differential frame","chiron-part-0951 chiron-part-0952 chiron-part-0950 chiron-part-0956 chiron-part-0957 chiron-part-0953 chiron-part-0954 chiron-part-0955 chiron-part-0958 chiron-part-0959 chiron-part-0960 chiron-part-0961 chiron-part-0962 chiron-part-0963 chiron-part-0964 chiron-part-0965 chiron-part-0968 chiron-part-0969 chiron-part-0966 chiron-part-0967 chiron-part-0970 chiron-part-0971 chiron-part-0972 chiron-part-0973 chiron-part-0976 chiron-part-0974 chiron-part-0975 chiron-part-0979 chiron-part-0977 chiron-part-0978 chiron-part-0980 chiron-part-0981 chiron-part-0984 chiron-part-0989 chiron-part-0982 chiron-part-0987 chiron-part-0983 chiron-part-0988 chiron-part-0986 chiron-part-0991 chiron-part-0985 chiron-part-0990 chiron-part-0992 chiron-part-0993 chiron-part-0996 chiron-part-0997 chiron-part-0998 chiron-part-0999 chiron-part-1000 chiron-part-1001 chiron-part-1003 chiron-part-1002 chiron-part-1004 chiron-part-1005 chiron-part-1006 chiron-part-1007 chiron-part-1008 chiron-part-1009 chiron-part-1010 chiron-part-1011 chiron-part-1012 chiron-part-1013 chiron-part-1014 chiron-part-1015 chiron-part-1016 chiron-part-1017 chiron-part-1020 chiron-part-1021 chiron-part-1018 chiron-part-1019 chiron-part-1022 chiron-part-1023 chiron-part-1024"
"264","chiron-264","6257443","169","2","2","6130007:2","chiron-part-0994 chiron-part-0995","",""
"265","chiron-265","6257443","169","4","4","4142865:2 4525904:2","chiron-part-1026 chiron-part-1028 chiron-part-1025 chiron-part-1027","",""
"266","chiron-266","6257443","170","14","14","4184169:4 6055628:2 6122217:2 6219840:2 6145859:2 4514553:2","chiron-part-1030 chiron-part-1031 chiron-part-1037 chiron-part-1038 chiron-part-1034 chiron-part-1041 chiron-part-1033 chiron-part-1040 chiron-part-1032 chiron-part-1039 chiron-part-1029 chiron-part-1036 chiron-part-1035 chiron-part-1042","",""
"267","chiron-267","6257443","171","4","4","4514553:2 6055628:2","chiron-part-1045 chiron-part-1046 chiron-part-1043 chiron-part-1044","",""
"268","chiron-268","6257443","172","4","4","6102449:2 4211713:2","chiron-part-1047 chiron-part-1048 chiron-part-1049 chiron-part-1050","",""
"269","chiron-269","6257443","172","10","10","4184169:2 4211622:2 6006140:2 6093527:2 6130007:2","chiron-part-1054 chiron-part-1059 chiron-part-1053 chiron-part-1058 chiron-part-1052 chiron-part-1057 chiron-part-1055 chiron-part-1060 chiron-part-1051 chiron-part-1056","",""
"270","chiron-270","6257443","173","6","6","4121715:2 4142135:2 4514553:2","chiron-part-1062 chiron-part-1065 chiron-part-1063 chiron-part-1066 chiron-part-1061 chiron-part-1064","",""
"271","chiron-271","6257443","174","6","6","6029206:2 6135494:4","chiron-part-1069 chiron-part-1071 chiron-part-1067 chiron-part-1068 chiron-part-1070 chiron-part-1072","",""
"272","chiron-272","6257443","175","2","2","6029206:2","chiron-part-1073 chiron-part-1074","",""
"273","chiron-273","6257443","175","6","6","4211375:2 4239601:4","chiron-part-1079 chiron-part-1080 chiron-part-1075 chiron-part-1076 chiron-part-1077 chiron-part-1078","",""
"274","chiron-274","6257443","176","4","4","4514554:4","chiron-part-1081 chiron-part-1082 chiron-part-1085 chiron-part-1086","",""
"275","chiron-275","6257443","176","4","4","6027566:4","chiron-part-1083 chiron-part-1084 chiron-part-1087 chiron-part-1088","",""
"276","chiron-276","6257443","177","4","4","4211483:2 6057878:2","chiron-part-1089 chiron-part-1090 chiron-part-1091 chiron-part-1092","",""
"277","chiron-277","6257443","178","1","1","4173970:1","chiron-part-1093","",""
"278","chiron-278","6257443","178","1","1","6102449:1","chiron-part-1094","",""
"279","chiron-279","6257443","179","7","7","4514553:2 4542573:1 6006140:2 6089119:2","chiron-part-1095 chiron-part-1096 chiron-part-1097 chiron-part-1100 chiron-part-1101 chiron-part-1098 chiron-part-1099","",""
"280","chiron-280","6257443","180","3","3","4142865:2 4540906:1","chiron-part-1104 chiron-part-1110 chiron-part-1105","",""
"281","chiron-281","6257443","180","2","2","4173970:2","chiron-part-1103 chiron-part-1109","",""
"282","chiron-282","6257443","180","2","2","4184169:2","chiron-part-1102 chiron-part-1108","",""
"283","chiron-283","6257443","180","4","4","4121715:2 6177114:2","chiron-part-1106 chiron-part-1111 chiron-part-1107 chiron-part-1112","",""
"284","chiron-284","6257443","181","2","2","4629921:2","chiron-part-1113 chiron-part-1114","",""
"285","chiron-285","6257443","181","0","0","","","Connect the steering links to the wheel hubs","chiron-part-1102 chiron-part-1108 chiron-part-1106 chiron-part-1111 chiron-part-1107 chiron-part-1112 chiron-part-1113 chiron-part-1114"
"286","chiron-286","6257443","182","2","2","4173970:2","chiron-part-1115 chiron-part-1116","",""
"287","chiron-287","6257443","182","4","4","4211865:4","chiron-part-1117 chiron-part-1118 chiron-part-1119 chiron-part-1120","",""
"288","chiron-288","6257443","183","0","0","","","Join the front suspension and selector assembly","chiron-part-0951 chiron-part-0952 chiron-part-0950 chiron-part-0956 chiron-part-0957 chiron-part-0953 chiron-part-0954 chiron-part-0955 chiron-part-0958 chiron-part-0959 chiron-part-0960 chiron-part-0961 chiron-part-0962 chiron-part-0963 chiron-part-0964 chiron-part-0965 chiron-part-0968 chiron-part-0969 chiron-part-0966 chiron-part-0967 chiron-part-0970 chiron-part-0971 chiron-part-0972 chiron-part-0973 chiron-part-0976 chiron-part-0974 chiron-part-0975 chiron-part-0979 chiron-part-0977 chiron-part-0978 chiron-part-0980 chiron-part-0981 chiron-part-0984 chiron-part-0989 chiron-part-0982 chiron-part-0987 chiron-part-0983 chiron-part-0988 chiron-part-0986 chiron-part-0991 chiron-part-0985 chiron-part-0990 chiron-part-0992 chiron-part-0993 chiron-part-0996 chiron-part-0997 chiron-part-0998 chiron-part-0999 chiron-part-1000 chiron-part-1001 chiron-part-1003 chiron-part-1002 chiron-part-1004 chiron-part-1005 chiron-part-1006 chiron-part-1007 chiron-part-1008 chiron-part-1009 chiron-part-1010 chiron-part-1011 chiron-part-1012 chiron-part-1013 chiron-part-1014 chiron-part-1015 chiron-part-1016 chiron-part-1017 chiron-part-1020 chiron-part-1021 chiron-part-1018 chiron-part-1019 chiron-part-1022 chiron-part-1023 chiron-part-1024 chiron-part-0994 chiron-part-0995 chiron-part-1026 chiron-part-1028 chiron-part-1025 chiron-part-1027 chiron-part-1030 chiron-part-1031 chiron-part-1037 chiron-part-1038 chiron-part-1034 chiron-part-1041 chiron-part-1033 chiron-part-1040 chiron-part-1032 chiron-part-1039 chiron-part-1029 chiron-part-1036 chiron-part-1035 chiron-part-1042 chiron-part-1045 chiron-part-1046 chiron-part-1043 chiron-part-1044 chiron-part-1047 chiron-part-1048 chiron-part-1049 chiron-part-1050 chiron-part-1054 chiron-part-1059 chiron-part-1053 chiron-part-1058 chiron-part-1052 chiron-part-1057 chiron-part-1055 chiron-part-1060 chiron-part-1051 chiron-part-1056 chiron-part-1062 chiron-part-1065 chiron-part-1063 chiron-part-1066 chiron-part-1061 chiron-part-1064 chiron-part-1069 chiron-part-1071 chiron-part-1067 chiron-part-1068 chiron-part-1070 chiron-part-1072 chiron-part-1073 chiron-part-1074 chiron-part-1079 chiron-part-1080 chiron-part-1075 chiron-part-1076 chiron-part-1077 chiron-part-1078 chiron-part-1081 chiron-part-1082 chiron-part-1085 chiron-part-1086 chiron-part-1083 chiron-part-1084 chiron-part-1087 chiron-part-1088 chiron-part-1089 chiron-part-1090 chiron-part-1091 chiron-part-1092 chiron-part-1093 chiron-part-1094 chiron-part-1095 chiron-part-1096 chiron-part-1097 chiron-part-1100 chiron-part-1101 chiron-part-1098 chiron-part-1099 chiron-part-1104 chiron-part-1110 chiron-part-1105 chiron-part-1103 chiron-part-1109 chiron-part-1102 chiron-part-1108 chiron-part-1106 chiron-part-1111 chiron-part-1107 chiron-part-1112 chiron-part-1113 chiron-part-1114 chiron-part-1115 chiron-part-1116 chiron-part-1117 chiron-part-1118 chiron-part-1119 chiron-part-1120"
"289","chiron-289","6257443","184","8","8","4111998:2 4211865:2 4514553:4","chiron-part-1123 chiron-part-1124 chiron-part-1125 chiron-part-1126 chiron-part-3585 chiron-part-3586 chiron-part-1121 chiron-part-1122","",""
"290","chiron-290","6257443","185","2","2","4535768:1 4211639:1","chiron-part-1128 chiron-part-1127","",""
"291","chiron-291","6257443","186","4","4","4211775:2 6143033:2","chiron-part-1129 chiron-part-1130 chiron-part-1131 chiron-part-1132","",""
"292","chiron-292","6257443","187","0","0","","","Push the front chassis connectors into place","chiron-part-1129 chiron-part-1130 chiron-part-1131 chiron-part-1132"
"293","chiron-293","6257443","188","3","3","4495935:1 6135494:1 4640536:1","chiron-part-1133 chiron-part-1134 chiron-part-1135","",""
"294","chiron-294","6257443","188","3","3","4206482:2 6037676:1","chiron-part-1136 chiron-part-1137 chiron-part-1138","",""
"295","chiron-295","6257443","188","2","2","4508553:1 4640536:1","chiron-part-1139 chiron-part-1140","",""
"296","chiron-296","6257443","188","2","2","4177431:1 4239601:1","chiron-part-1141 chiron-part-1142","",""
"297","chiron-297","6257443","189","3","3","4514553:1 6006140:2","chiron-part-1143 chiron-part-1144 chiron-part-1145","",""
"298","chiron-298","6257443","189","2","2","6135494:2","chiron-part-1146 chiron-part-1147","",""
"299","chiron-299","6257443","190","2","2","4111998:1 4211639:1","chiron-part-1148 chiron-part-1149","",""
"300","chiron-300","6257443","190","4","4","6209519:1 4514553:1 4211865:1 6007966:1","chiron-part-1152 chiron-part-1153 chiron-part-1151 chiron-part-1150","",""
"301","chiron-301","6257443","190","2","2","4120017:1 6007966:1","chiron-part-1154 chiron-part-1155","",""
"302","chiron-302","6257443","190","3","3","4121715:2 4514553:1","chiron-part-1157 chiron-part-1158 chiron-part-1156","",""
"303","chiron-303","6257443","191","1","1","6102449:1","chiron-part-1159","",""
"304","chiron-304","6257443","191","3","3","4514553:2 6177114:1","chiron-part-1160 chiron-part-1162 chiron-part-1161","",""
"305","chiron-305","6257443","191","2","2","4121715:1 6102449:1","chiron-part-3579 chiron-part-1163","",""
"306","chiron-306","6257443","191","3","3","4211629:2 6130007:1","chiron-part-1165 chiron-part-1166 chiron-part-1164","",""
"307","chiron-307","6257443","192","3","3","4111998:1 4211483:2","chiron-part-1167 chiron-part-1170 chiron-part-1171","",""
"308","chiron-308","6257443","192","2","2","4121715:1 4514553:1","chiron-part-1168 chiron-part-1169","",""
"309","chiron-309","6257443","192","0","0","","","Attach the front chassis brace","chiron-part-1148 chiron-part-1149 chiron-part-1152 chiron-part-1153 chiron-part-1151 chiron-part-1150 chiron-part-1154 chiron-part-1155 chiron-part-1157 chiron-part-1158 chiron-part-1156 chiron-part-1159 chiron-part-1160 chiron-part-1162 chiron-part-1161 chiron-part-3579 chiron-part-1163 chiron-part-1165 chiron-part-1166 chiron-part-1164 chiron-part-1167 chiron-part-1170 chiron-part-1171 chiron-part-1168 chiron-part-1169"
"310","chiron-310","6257443","193","10","10","4211775:2 4107081:2 6007966:2 4206482:2 4211639:2","chiron-part-1175 chiron-part-1179 chiron-part-1176 chiron-part-1180 chiron-part-1172 chiron-part-1173 chiron-part-1177 chiron-part-1181 chiron-part-1174 chiron-part-1178","",""
"311","chiron-311","6257443","194","6","6","4211622:2 6007966:2 6083620:2","chiron-part-1184 chiron-part-1187 chiron-part-1182 chiron-part-1185 chiron-part-1183 chiron-part-1186","",""
"312","chiron-312","6257443","195","4","4","4514553:4","chiron-part-1188 chiron-part-1189 chiron-part-1190 chiron-part-1191","",""
"313","chiron-313","6257443","196","4","4","6029578:1 4121715:2 6007966:1","chiron-part-1192 chiron-part-1193 chiron-part-1194 chiron-part-1195","",""
"314","chiron-314","6257443","197","4","4","6029578:1 4121715:2 6007966:1","chiron-part-1196 chiron-part-1197 chiron-part-1198 chiron-part-1199","",""
"315","chiron-315","6257443","198","4","4","4206482:2 6209519:2","chiron-part-1202 chiron-part-1203 chiron-part-1200 chiron-part-1201","",""
"316","chiron-316","6257443","199","3","3","4211713:1 4211865:1 4514553:1","chiron-part-1204 chiron-part-1206 chiron-part-1205","",""
"317","chiron-317","6257443","199","3","3","6006140:1 6209519:1 6130009:1","chiron-part-1209 chiron-part-1207 chiron-part-1208","",""
"318","chiron-318","6257443","200","3","3","4211713:1 4121715:2","chiron-part-1210 chiron-part-1211 chiron-part-1212","",""
"319","chiron-319","6257443","200","2","2","4542573:1 4121715:1","chiron-part-1214 chiron-part-1213","",""
"320","chiron-320","6257443","201","8","8","4142865:1 4211567:1 6084724:1 6135494:1 6209519:2 6100932:2","chiron-part-1220 chiron-part-1216 chiron-part-1218 chiron-part-1217 chiron-part-1215 chiron-part-1222 chiron-part-1219 chiron-part-1221","",""
"321","chiron-321","6257443","201","3","3","4206482:2 4211567:1","chiron-part-1223 chiron-part-1225 chiron-part-1224","",""
"322","chiron-322","6257443","202","1","1","4542573:1","chiron-part-1226","",""
"323","chiron-323","6257443","202","6","6","4121715:4 6007966:2","chiron-part-1227 chiron-part-1228 chiron-part-1229 chiron-part-1230 chiron-part-1231 chiron-part-1232","",""
"324","chiron-324","6257443","203","3","3","4542573:1 6089119:2","chiron-part-1233 chiron-part-1234 chiron-part-1235","",""
"325","chiron-325","6257443","204","9","9","4211865:2 6089119:1 6099696:1 6123815:1 6209519:2 4211655:2","chiron-part-1236 chiron-part-1237 chiron-part-1242 chiron-part-1243 chiron-part-1244 chiron-part-1238 chiron-part-1239 chiron-part-1240 chiron-part-1241","",""
"326","chiron-326","6257443","205","3","3","4112282:1 4206482:1 4514553:1","chiron-part-1247 chiron-part-1245 chiron-part-1246","",""
"327","chiron-327","6257443","205","4","4","6006140:3 6130009:1","chiron-part-1249 chiron-part-1250 chiron-part-1251 chiron-part-1248","",""
"328","chiron-328","6257443","206","1","1","4542573:1","chiron-part-1252","",""
"329","chiron-329","6257443","206","3","3","4112282:1 4206482:1 4514553:1","chiron-part-1255 chiron-part-1253 chiron-part-1254","",""
"330","chiron-330","6257443","207","4","4","4206482:3 6143033:1","chiron-part-1256 chiron-part-1257 chiron-part-1259 chiron-part-1258","",""
"331","chiron-331","6257443","208","6","6","4211621:2 6209519:4","chiron-part-1260 chiron-part-1261 chiron-part-1262 chiron-part-1263 chiron-part-1264 chiron-part-1265","",""
"332","chiron-332","6257443","208","0","0","","","Turn the central driveshaft frame","chiron-part-1204 chiron-part-1206 chiron-part-1205 chiron-part-1209 chiron-part-1207 chiron-part-1208 chiron-part-1210 chiron-part-1211 chiron-part-1212 chiron-part-1214 chiron-part-1213 chiron-part-1220 chiron-part-1216 chiron-part-1218 chiron-part-1217 chiron-part-1215 chiron-part-1222 chiron-part-1219 chiron-part-1221 chiron-part-1223 chiron-part-1225 chiron-part-1224 chiron-part-1226 chiron-part-1227 chiron-part-1228 chiron-part-1229 chiron-part-1230 chiron-part-1231 chiron-part-1232 chiron-part-1233 chiron-part-1234 chiron-part-1235 chiron-part-1236 chiron-part-1237 chiron-part-1242 chiron-part-1243 chiron-part-1244 chiron-part-1238 chiron-part-1239 chiron-part-1240 chiron-part-1241 chiron-part-1247 chiron-part-1245 chiron-part-1246 chiron-part-1249 chiron-part-1250 chiron-part-1251 chiron-part-1248 chiron-part-1252 chiron-part-1255 chiron-part-1253 chiron-part-1254 chiron-part-1256 chiron-part-1257 chiron-part-1259 chiron-part-1258 chiron-part-1260 chiron-part-1261 chiron-part-1262 chiron-part-1263 chiron-part-1264 chiron-part-1265"
"333","chiron-333","6257443","209","0","0","","","Attach the central driveshaft frame","chiron-part-1204 chiron-part-1206 chiron-part-1205 chiron-part-1209 chiron-part-1207 chiron-part-1208 chiron-part-1210 chiron-part-1211 chiron-part-1212 chiron-part-1214 chiron-part-1213 chiron-part-1220 chiron-part-1216 chiron-part-1218 chiron-part-1217 chiron-part-1215 chiron-part-1222 chiron-part-1219 chiron-part-1221 chiron-part-1223 chiron-part-1225 chiron-part-1224 chiron-part-1226 chiron-part-1227 chiron-part-1228 chiron-part-1229 chiron-part-1230 chiron-part-1231 chiron-part-1232 chiron-part-1233 chiron-part-1234 chiron-part-1235 chiron-part-1236 chiron-part-1237 chiron-part-1242 chiron-part-1243 chiron-part-1244 chiron-part-1238 chiron-part-1239 chiron-part-1240 chiron-part-1241 chiron-part-1247 chiron-part-1245 chiron-part-1246 chiron-part-1249 chiron-part-1250 chiron-part-1251 chiron-part-1248 chiron-part-1252 chiron-part-1255 chiron-part-1253 chiron-part-1254 chiron-part-1256 chiron-part-1257 chiron-part-1259 chiron-part-1258 chiron-part-1260 chiron-part-1261 chiron-part-1262 chiron-part-1263 chiron-part-1264 chiron-part-1265"
"334","chiron-334","6257443","210","2","2","4206482:1 6143033:1","chiron-part-1267 chiron-part-1266","",""
"335","chiron-335","6257443","211","2","2","4640536:1 6083620:1","chiron-part-1269 chiron-part-1268","",""
"336","chiron-336","6257443","212","9","9","4121715:3 4173970:1 4666999:1 6007966:1 6055519:1 4203493:2","chiron-part-1271 chiron-part-1272 chiron-part-1274 chiron-part-1275 chiron-part-1276 chiron-part-1273 chiron-part-1270 chiron-part-1277 chiron-part-1278","",""
"337","chiron-337","6257443","213","4","4","4121715:2 4514553:2","chiron-part-1281 chiron-part-1282 chiron-part-1279 chiron-part-1280","",""
"338","chiron-338","6257443","214","2","2","4211655:1 4211865:1","chiron-part-1284 chiron-part-1283","",""
"339","chiron-339","6257443","215","3","3","4206482:1 4211775:1 4560175:1","chiron-part-1286 chiron-part-1287 chiron-part-1285","",""
"340","chiron-340","6257443","216","2","2","4542573:2","chiron-part-1288 chiron-part-1289","",""
"341","chiron-341","6257443","217","6","6","4111998:2 6209519:2 4514553:2","chiron-part-1292 chiron-part-1295 chiron-part-1290 chiron-part-1293 chiron-part-1291 chiron-part-1294","",""
"342","chiron-342","6257443","218","12","12","4121715:2 4514553:4 4296059:2 4495935:4","chiron-part-1296 chiron-part-1302 chiron-part-1297 chiron-part-1298 chiron-part-1303 chiron-part-1304 chiron-part-1300 chiron-part-1306 chiron-part-1299 chiron-part-1301 chiron-part-1305 chiron-part-1307","",""
"343","chiron-343","6257443","219","5","5","4121715:4 6102449:1","chiron-part-1309 chiron-part-1310 chiron-part-1311 chiron-part-1312 chiron-part-1308","",""
"344","chiron-344","6257443","219","2","2","6009019:2","chiron-part-1313 chiron-part-1314","",""
"345","chiron-345","6257443","219","2","2","4211713:1 6203249:1","chiron-part-1315 chiron-part-1316","",""
"346","chiron-346","6257443","219","5","5","4211621:1 4239601:2 6089119:2","chiron-part-1319 chiron-part-1320 chiron-part-1321 chiron-part-1317 chiron-part-1318","",""
"347","chiron-347","6257443","220","2","2","4211758:1 6143033:1","chiron-part-1323 chiron-part-1322","",""
"348","chiron-348","6257443","220","2","2","4121715:2","chiron-part-1324 chiron-part-1325","",""
"349","chiron-349","6257443","220","3","3","4121715:2 4514554:1","chiron-part-1327 chiron-part-1328 chiron-part-1326","",""
"350","chiron-350","6257443","220","2","2","4203493:1 6159763:1","chiron-part-1330 chiron-part-1329","",""
"351","chiron-351","6257443","221","9","9","4211807:4 6133119:1 6177114:4","chiron-part-1332 chiron-part-1333 chiron-part-1334 chiron-part-1335 chiron-part-1331 chiron-part-1336 chiron-part-1337 chiron-part-1338 chiron-part-1339","",""
"352","chiron-352","6257443","221","3","3","4186678:1 4211375:1 4666999:1","chiron-part-1341 chiron-part-1342 chiron-part-1340","",""
"353","chiron-353","6257443","221","1","1","4544140:1","chiron-part-1343","",""
"354","chiron-354","6257443","222","15","15","4121715:2 6006140:2 4514554:2 4206482:2 4495935:1 6177114:2 4514553:2 4211655:2","chiron-part-1345 chiron-part-1346 chiron-part-1353 chiron-part-1354 chiron-part-1355 chiron-part-1356 chiron-part-1349 chiron-part-1350 chiron-part-1344 chiron-part-1357 chiron-part-1358 chiron-part-1351 chiron-part-1352 chiron-part-1347 chiron-part-1348","",""
"355","chiron-355","6257443","223","5","5","4107082:1 4184169:1 4211775:1 4239601:1 6130007:1","chiron-part-1362 chiron-part-1363 chiron-part-1359 chiron-part-1361 chiron-part-1360","",""
"356","chiron-356","6257443","223","5","5","4107082:1 4184169:1 4211775:1 4239601:1 6130007:1","chiron-part-1367 chiron-part-1368 chiron-part-1364 chiron-part-1366 chiron-part-1365","",""
"357","chiron-357","6257443","224","2","2","4142865:1 4544140:1","chiron-part-1370 chiron-part-1369","",""
"358","chiron-358","6257443","224","0","0","","","Turn the paddle shift mechanism","chiron-part-1309 chiron-part-1310 chiron-part-1311 chiron-part-1312 chiron-part-1308 chiron-part-1313 chiron-part-1314 chiron-part-1315 chiron-part-1316 chiron-part-1319 chiron-part-1320 chiron-part-1321 chiron-part-1317 chiron-part-1318 chiron-part-1323 chiron-part-1322 chiron-part-1324 chiron-part-1325 chiron-part-1327 chiron-part-1328 chiron-part-1326 chiron-part-1330 chiron-part-1329 chiron-part-1332 chiron-part-1333 chiron-part-1334 chiron-part-1335 chiron-part-1331 chiron-part-1336 chiron-part-1337 chiron-part-1338 chiron-part-1339 chiron-part-1341 chiron-part-1342 chiron-part-1340 chiron-part-1343 chiron-part-1345 chiron-part-1346 chiron-part-1353 chiron-part-1354 chiron-part-1355 chiron-part-1356 chiron-part-1349 chiron-part-1350 chiron-part-1344 chiron-part-1357 chiron-part-1358 chiron-part-1351 chiron-part-1352 chiron-part-1347 chiron-part-1348 chiron-part-1362 chiron-part-1363 chiron-part-1359 chiron-part-1361 chiron-part-1360 chiron-part-1367 chiron-part-1368 chiron-part-1364 chiron-part-1366 chiron-part-1365 chiron-part-1370 chiron-part-1369"
"359","chiron-359","6257443","225","0","0","","","Fit the paddle shift mechanism","chiron-part-1309 chiron-part-1310 chiron-part-1311 chiron-part-1312 chiron-part-1308 chiron-part-1313 chiron-part-1314 chiron-part-1315 chiron-part-1316 chiron-part-1319 chiron-part-1320 chiron-part-1321 chiron-part-1317 chiron-part-1318 chiron-part-1323 chiron-part-1322 chiron-part-1324 chiron-part-1325 chiron-part-1327 chiron-part-1328 chiron-part-1326 chiron-part-1330 chiron-part-1329 chiron-part-1332 chiron-part-1333 chiron-part-1334 chiron-part-1335 chiron-part-1331 chiron-part-1336 chiron-part-1337 chiron-part-1338 chiron-part-1339 chiron-part-1341 chiron-part-1342 chiron-part-1340 chiron-part-1343 chiron-part-1345 chiron-part-1346 chiron-part-1353 chiron-part-1354 chiron-part-1355 chiron-part-1356 chiron-part-1349 chiron-part-1350 chiron-part-1344 chiron-part-1357 chiron-part-1358 chiron-part-1351 chiron-part-1352 chiron-part-1347 chiron-part-1348 chiron-part-1362 chiron-part-1363 chiron-part-1359 chiron-part-1361 chiron-part-1360 chiron-part-1367 chiron-part-1368 chiron-part-1364 chiron-part-1366 chiron-part-1365 chiron-part-1370 chiron-part-1369"
"360","chiron-360","6257443","226","1","1","4211655:1","chiron-part-1371","",""
"361","chiron-361","6257443","227","5","5","4239601:1 6083620:1 4495935:1 4121715:2","chiron-part-1376 chiron-part-1375 chiron-part-1372 chiron-part-1373 chiron-part-1374","",""
"362","chiron-362","6257443","228","5","5","4542573:1 4121715:4","chiron-part-1379 chiron-part-1377 chiron-part-1378 chiron-part-1380 chiron-part-1381","",""
"363","chiron-363","6257443","229","4","4","4120017:2 4514553:2","chiron-part-1382 chiron-part-1383 chiron-part-1384 chiron-part-1385","",""
"364","chiron-364","6257443","230","3","3","4211655:1 4514553:2","chiron-part-1389 chiron-part-1387 chiron-part-1388","",""
"365","chiron-365","6257443","230","1","1","6016154:1","chiron-part-1386","",""
"366","chiron-366","6257443","230","4","4","4121715:4","chiron-part-1390 chiron-part-1391 chiron-part-1392 chiron-part-1393","",""
"367","chiron-367","6257443","230","2","2","4206482:1 4211550:1","chiron-part-1394 chiron-part-1395","",""
"368","chiron-368","6257443","231","2","2","4211622:1 4499858:1","chiron-part-1397 chiron-part-1396","",""
"369","chiron-369","6257443","231","1","1","4177431:1","chiron-part-1398","",""
"370","chiron-370","6257443","231","2","2","4239601:1 6177114:1","chiron-part-1400 chiron-part-1399","",""
"371","chiron-371","6257443","231","2","2","4177431:1 6130002:1","chiron-part-1402 chiron-part-1401","",""
"372","chiron-372","6257443","232","6","6","6209519:2 4177431:1 4211655:1 4558692:1 4211713:1","chiron-part-1404 chiron-part-1405 chiron-part-1408 chiron-part-1406 chiron-part-1407 chiron-part-1403","",""
"373","chiron-373","6257443","232","3","3","4508553:1 4512363:1 4565452:1","chiron-part-1409 chiron-part-1411 chiron-part-1410","",""
"374","chiron-374","6257443","233","0","0","","","Attach the steering support frame","chiron-part-1389 chiron-part-1387 chiron-part-1388 chiron-part-1386 chiron-part-1390 chiron-part-1391 chiron-part-1392 chiron-part-1393 chiron-part-1394 chiron-part-1395 chiron-part-1397 chiron-part-1396 chiron-part-1398 chiron-part-1400 chiron-part-1399 chiron-part-1402 chiron-part-1401 chiron-part-1404 chiron-part-1405 chiron-part-1408 chiron-part-1406 chiron-part-1407 chiron-part-1403 chiron-part-1409 chiron-part-1411 chiron-part-1410"
"375","chiron-375","6257443","234","0","0","","","Center the steering alignment","chiron-part-1397 chiron-part-1396 chiron-part-1398 chiron-part-1400 chiron-part-1399 chiron-part-1402 chiron-part-1401 chiron-part-1404 chiron-part-1405 chiron-part-1408 chiron-part-1406 chiron-part-1407 chiron-part-1403 chiron-part-1409 chiron-part-1411 chiron-part-1410"
"376","chiron-376","6257443","235","3","3","4173970:2 4211713:1","chiron-part-1413 chiron-part-1414 chiron-part-1412","",""
"377","chiron-377","6257443","236","6","6","4206482:2 4211621:2 6130007:2","chiron-part-1417 chiron-part-1420 chiron-part-1416 chiron-part-1419 chiron-part-1415 chiron-part-1418","",""
"378","chiron-378","6257443","237","6","6","4121715:2 4211865:2 6203249:2","chiron-part-1425 chiron-part-1426 chiron-part-1423 chiron-part-1424 chiron-part-1421 chiron-part-1422","",""
"379","chiron-379","6257443","238","4","4","4112282:2 4206482:2","chiron-part-1428 chiron-part-1429 chiron-part-1427 chiron-part-1430","",""
"380","chiron-380","6257443","239","2","2","4173970:2","chiron-part-1431 chiron-part-1432","",""
"381","chiron-381","6257443","240","2","2","4142865:1 4173970:1","chiron-part-1434 chiron-part-1433","",""
"382","chiron-382","6257443","240","2","2","4111998:1 4560175:1","chiron-part-1435 chiron-part-1436","",""
"383","chiron-383","6257443","240","2","2","4514553:2","chiron-part-1437 chiron-part-1438","",""
"384","chiron-384","6257443","240","1","1","4211713:1","chiron-part-1439","",""
"385","chiron-385","6257443","240","3","3","4121715:1 4211655:1 4514553:1","chiron-part-1441 chiron-part-1442 chiron-part-1440","",""
"386","chiron-386","6257443","241","4","4","4508553:1 6012451:1 6100932:1 6173129:1","chiron-part-1443 chiron-part-1445 chiron-part-1444 chiron-part-1451","",""
"387","chiron-387","6257443","241","2","2","370526:1 4560175:1","chiron-part-1447 chiron-part-1446","",""
"388","chiron-388","6257443","241","2","2","4239601:2","chiron-part-1448 chiron-part-1449","",""
"389","chiron-389","6257443","241","1","1","4111998:1","chiron-part-1450","",""
"390","chiron-390","6257443","242","1","1","4211713:1","chiron-part-1452","",""
"391","chiron-391","6257443","242","4","4","4121715:2 4142135:1 6203249:1","chiron-part-1453 chiron-part-1454 chiron-part-1455 chiron-part-1456","",""
"392","chiron-392","6257443","242","0","0","","","Connect the gear selector linkage","chiron-part-1434 chiron-part-1433 chiron-part-1435 chiron-part-1436 chiron-part-1437 chiron-part-1438 chiron-part-1439 chiron-part-1441 chiron-part-1442 chiron-part-1440 chiron-part-1443 chiron-part-1445 chiron-part-1444 chiron-part-1451 chiron-part-1447 chiron-part-1446 chiron-part-1448 chiron-part-1449 chiron-part-1450 chiron-part-1452 chiron-part-1453 chiron-part-1454 chiron-part-1455 chiron-part-1456"
"393","chiron-393","6257443","243","4","4","4514553:4","chiron-part-1457 chiron-part-1458 chiron-part-1459 chiron-part-1460","",""
"394","chiron-394","6257443","244","4","4","4206482:2 6007966:2","chiron-part-1461 chiron-part-1462 chiron-part-1463 chiron-part-1464","",""
"395","chiron-395","6257443","245","11","11","4542573:1 4121715:4 4514553:6","chiron-part-1469 chiron-part-1472 chiron-part-1473 chiron-part-1474 chiron-part-1475 chiron-part-1465 chiron-part-1466 chiron-part-1467 chiron-part-1468 chiron-part-1470 chiron-part-1471","",""
"396","chiron-396","6257443","246","6","6","4211622:2 6007966:2 6135494:2","chiron-part-1479 chiron-part-1480 chiron-part-1476 chiron-part-1477 chiron-part-1478 chiron-part-1481","",""
"397","chiron-397","6257443","247","9","9","4121715:4 6209519:1 4173970:1 6159763:1 4120017:1 4552348:1","chiron-part-1483 chiron-part-1484 chiron-part-1485 chiron-part-1486 chiron-part-1490 chiron-part-1487 chiron-part-1488 chiron-part-1489 chiron-part-1482","",""
"398","chiron-398","6257443","248","9","9","4121715:4 6209519:1 4173970:1 6159763:1 4120017:1 4552348:1","chiron-part-1493 chiron-part-1494 chiron-part-1495 chiron-part-1496 chiron-part-1499 chiron-part-1497 chiron-part-1498 chiron-part-1491 chiron-part-1492","",""
"399","chiron-399","6257443","249","4","4","4120017:2 4211622:2","chiron-part-1500 chiron-part-1501 chiron-part-1502 chiron-part-1503","",""
"400","chiron-400","6257443","250","3","3","4211713:1 4514553:2","chiron-part-1504 chiron-part-1505 chiron-part-1506","",""
"401","chiron-401","6257443","250","2","2","6016154:2","chiron-part-1507 chiron-part-1508","",""
"402","chiron-402","6257443","250","5","5","4542573:1 4121715:2 4514553:2","chiron-part-1513 chiron-part-1511 chiron-part-1512 chiron-part-1509 chiron-part-1510","",""
"403","chiron-403","6257443","250","4","4","4121715:2 4173970:2","chiron-part-1514 chiron-part-1515 chiron-part-1516 chiron-part-1517","",""
"404","chiron-404","6257443","251","3","3","4514553:2 6007966:1","chiron-part-1518 chiron-part-1519 chiron-part-1520","",""
"405","chiron-405","6257443","251","1","1","4542573:1","chiron-part-1521","",""
"406","chiron-406","6257443","251","3","3","4211639:1 4514553:2","chiron-part-1524 chiron-part-1522 chiron-part-1523","",""
"407","chiron-407","6257443","251","1","1","6151077:1","chiron-part-1525","",""
"408","chiron-408","6257443","252","3","3","4514553:1 6006140:1 6209519:1","chiron-part-1528 chiron-part-1527 chiron-part-1526","",""
"409","chiron-409","6257443","252","2","2","6151077:1 4514553:1","chiron-part-1529 chiron-part-1530","",""
"410","chiron-410","6257443","252","2","2","4142135:2","chiron-part-1531 chiron-part-1532","",""
"411","chiron-411","6257443","252","2","2","4121715:2","chiron-part-1533 chiron-part-1534","",""
"412","chiron-412","6257443","253","0","0","","","Attach the rear cabin frame","chiron-part-1504 chiron-part-1505 chiron-part-1506 chiron-part-1507 chiron-part-1508 chiron-part-1513 chiron-part-1511 chiron-part-1512 chiron-part-1509 chiron-part-1510 chiron-part-1514 chiron-part-1515 chiron-part-1516 chiron-part-1517 chiron-part-1518 chiron-part-1519 chiron-part-1520 chiron-part-1521 chiron-part-1524 chiron-part-1522 chiron-part-1523 chiron-part-1525 chiron-part-1528 chiron-part-1527 chiron-part-1526 chiron-part-1529 chiron-part-1530 chiron-part-1531 chiron-part-1532 chiron-part-1533 chiron-part-1534"
"413","chiron-413","6257443","254 255","8","8","4211622:1 4120017:1 4514553:1 4206482:2 6223319:2 6130009:1","chiron-part-1542 chiron-part-1537 chiron-part-1541 chiron-part-1536 chiron-part-1539 chiron-part-1535 chiron-part-1540 chiron-part-1538","",""
"414","chiron-414","6257443","256","2","2","4206482:1 6223319:1","chiron-part-1544 chiron-part-1543","",""
"415","chiron-415","6257443","257","3","3","4121715:2 4211639:1","chiron-part-1546 chiron-part-1547 chiron-part-1545","",""
"416","chiron-416","6257443","258","2","2","4206482:1 6223319:1","chiron-part-1549 chiron-part-1548","",""
"417","chiron-417","6257443","259","5","5","4120017:1 4514553:4","chiron-part-1554 chiron-part-1550 chiron-part-1551 chiron-part-1552 chiron-part-1553","",""
"418","chiron-418","6257443","260","8","8","4225033:2 6217673:2 4121715:4","chiron-part-1561 chiron-part-1562 chiron-part-1555 chiron-part-1556 chiron-part-1557 chiron-part-1558 chiron-part-1559 chiron-part-1560","",""
"419","chiron-419","6257443","261","8","8","6151077:2 4121715:4 4514553:2","chiron-part-1563 chiron-part-1567 chiron-part-1564 chiron-part-1565 chiron-part-1568 chiron-part-1569 chiron-part-1566 chiron-part-1570","",""
"420","chiron-420","6257443","262","2","2","6151077:2","chiron-part-1571 chiron-part-1572","",""
"421","chiron-421","6257443","263","2","2","6203249:2","chiron-part-1573 chiron-part-1574","",""
"422","chiron-422","6257443","264","3","3","4542573:1 4514553:2","chiron-part-1577 chiron-part-1575 chiron-part-1576","",""
"423","chiron-423","6257443","265","4","4","4206482:2 6007966:2","chiron-part-1578 chiron-part-1581 chiron-part-1579 chiron-part-1580","",""
"424","chiron-424","6257443","266","10","10","4142135:2 4514553:8","chiron-part-1584 chiron-part-1587 chiron-part-3587 chiron-part-3588 chiron-part-3589 chiron-part-3590 chiron-part-1582 chiron-part-1583 chiron-part-1585 chiron-part-1586","",""
"425","chiron-425","6257443","267","3","3","4211655:1 4514553:2","chiron-part-1588 chiron-part-1589 chiron-part-1590","",""
"426","chiron-426","6257443","267","2","2","6080356:2","chiron-part-1591 chiron-part-1592","",""
"427","chiron-427","6257443","267","7","7","4121715:1 4514553:6","chiron-part-1599 chiron-part-1593 chiron-part-1594 chiron-part-1595 chiron-part-1596 chiron-part-1597 chiron-part-1598","",""
"428","chiron-428","6257443","267","2","2","4542573:1 4142135:1","chiron-part-1600 chiron-part-1601","",""
"429","chiron-429","6257443","268","3","3","4514553:3","chiron-part-1602 chiron-part-1603 chiron-part-1604","",""
"430","chiron-430","6257443","268","2","2","4542573:1 4211655:1","chiron-part-1605 chiron-part-1606","",""
"431","chiron-431","6257443","268","8","8","6203249:1 4121715:1 6209519:1 4514553:2 6055519:1 4211655:1 4120017:1","chiron-part-1613 chiron-part-3580 chiron-part-1610 chiron-part-1608 chiron-part-1609 chiron-part-1612 chiron-part-1611 chiron-part-1607","",""
"432","chiron-432","6257443","269","0","0","","","Attach the first side sill","chiron-part-1588 chiron-part-1589 chiron-part-1590 chiron-part-1591 chiron-part-1592 chiron-part-1599 chiron-part-1593 chiron-part-1594 chiron-part-1595 chiron-part-1596 chiron-part-1597 chiron-part-1598 chiron-part-1600 chiron-part-1601 chiron-part-1602 chiron-part-1603 chiron-part-1604 chiron-part-1605 chiron-part-1606 chiron-part-1613 chiron-part-3580 chiron-part-1610 chiron-part-1608 chiron-part-1609 chiron-part-1612 chiron-part-1611 chiron-part-1607"
"433","chiron-433","6257443","270","9","9","4121715:6 4142865:1 4514553:1 6006140:1","chiron-part-1615 chiron-part-1616 chiron-part-1617 chiron-part-1618 chiron-part-1619 chiron-part-1620 chiron-part-1621 chiron-part-1614 chiron-part-1622","",""
"434","chiron-434","6257443","271","4","4","4211483:2 4514553:2","chiron-part-1625 chiron-part-1626 chiron-part-1623 chiron-part-1624","",""
"435","chiron-435","6257443","272","3","3","4121715:2 6023036:1","chiron-part-1628 chiron-part-1629 chiron-part-1627","",""
"436","chiron-436","6257443","272","2","2","4142135:1 4206482:1","chiron-part-1631 chiron-part-1630","",""
"437","chiron-437","6257443","272","1","1","6164383:1","chiron-part-1632","",""
"438","chiron-438","6257443","272","4","4","4206482:2 4514553:1 6037676:1","chiron-part-1633 chiron-part-1634 chiron-part-1636 chiron-part-1635","",""
"439","chiron-439","6257443","273","0","0","","","Fit the first floor panel","chiron-part-1628 chiron-part-1629 chiron-part-1627 chiron-part-1631 chiron-part-1630 chiron-part-1632 chiron-part-1633 chiron-part-1634 chiron-part-1636 chiron-part-1635"
"440","chiron-440","6257443","274","2","2","4542573:1 4184169:1","chiron-part-1637 chiron-part-1638","",""
"441","chiron-441","6257443","275","2","2","4552348:2","chiron-part-1639 chiron-part-1640","",""
"442","chiron-442","6257443","276","3","3","4211655:1 4514553:2","chiron-part-1641 chiron-part-1642 chiron-part-1643","",""
"443","chiron-443","6257443","276","2","2","6080356:2","chiron-part-1644 chiron-part-1645","",""
"444","chiron-444","6257443","276","7","7","4121715:1 4514553:6","chiron-part-1652 chiron-part-1646 chiron-part-1647 chiron-part-1648 chiron-part-1649 chiron-part-1650 chiron-part-1651","",""
"445","chiron-445","6257443","276","2","2","4542573:1 4142135:1","chiron-part-1653 chiron-part-1654","",""
"446","chiron-446","6257443","277","3","3","4514553:3","chiron-part-1655 chiron-part-1656 chiron-part-1657","",""
"447","chiron-447","6257443","277","2","2","4542573:1 4211655:1","chiron-part-1658 chiron-part-1659","",""
"448","chiron-448","6257443","277","8","8","6203249:1 4121715:1 6209519:1 4514553:2 6055519:1 4211655:1 4120017:1","chiron-part-1666 chiron-part-3581 chiron-part-1663 chiron-part-1661 chiron-part-1662 chiron-part-1665 chiron-part-1664 chiron-part-1660","",""
"449","chiron-449","6257443","278","0","0","","","Attach the opposite side sill","chiron-part-1641 chiron-part-1642 chiron-part-1643 chiron-part-1644 chiron-part-1645 chiron-part-1652 chiron-part-1646 chiron-part-1647 chiron-part-1648 chiron-part-1649 chiron-part-1650 chiron-part-1651 chiron-part-1653 chiron-part-1654 chiron-part-1655 chiron-part-1656 chiron-part-1657 chiron-part-1658 chiron-part-1659 chiron-part-1666 chiron-part-3581 chiron-part-1663 chiron-part-1661 chiron-part-1662 chiron-part-1665 chiron-part-1664 chiron-part-1660"
"450","chiron-450","6257443","279","9","9","4121715:6 4142865:1 4514553:1 6006140:1","chiron-part-1668 chiron-part-1669 chiron-part-1670 chiron-part-1671 chiron-part-1672 chiron-part-1673 chiron-part-1674 chiron-part-1667 chiron-part-1675","",""
"451","chiron-451","6257443","280","4","4","4211483:2 4514553:2","chiron-part-1678 chiron-part-1679 chiron-part-1676 chiron-part-1677","",""
"452","chiron-452","6257443","281","3","3","4121715:2 6022761:1","chiron-part-1681 chiron-part-1682 chiron-part-1680","",""
"453","chiron-453","6257443","281","2","2","4142135:1 4206482:1","chiron-part-1684 chiron-part-1683","",""
"454","chiron-454","6257443","281","1","1","6164383:1","chiron-part-1685","",""
"455","chiron-455","6257443","281","4","4","4206482:2 4514553:1 6037676:1","chiron-part-1686 chiron-part-1687 chiron-part-1689 chiron-part-1688","",""
"456","chiron-456","6257443","282","0","0","","","Fit the opposite floor panel","chiron-part-1681 chiron-part-1682 chiron-part-1680 chiron-part-1684 chiron-part-1683 chiron-part-1685 chiron-part-1686 chiron-part-1687 chiron-part-1689 chiron-part-1688"
"457","chiron-457","6257443","283","2","2","4542573:1 4184169:1","chiron-part-1690 chiron-part-1691","",""
"458","chiron-458","6257443","284","2","2","4552348:2","chiron-part-1692 chiron-part-1693","",""
"459","chiron-459","6257443","285","8","8","4112282:2 4514553:2 6209519:4","chiron-part-1696 chiron-part-1700 chiron-part-1695 chiron-part-1699 chiron-part-1694 chiron-part-1697 chiron-part-1698 chiron-part-1701","",""
"460","chiron-460","6257443","286","16","16","4514553:4 4173970:2 4495935:4 4121715:6","chiron-part-1704 chiron-part-1705 chiron-part-1713 chiron-part-1714 chiron-part-1708 chiron-part-1717 chiron-part-1702 chiron-part-1706 chiron-part-1711 chiron-part-1715 chiron-part-1703 chiron-part-1707 chiron-part-1709 chiron-part-1710 chiron-part-1712 chiron-part-1716","",""
"461","chiron-461","6257443","287","10","10","4206482:2 4121715:2 4514553:2 4173970:2 4120017:2","chiron-part-1718 chiron-part-1723 chiron-part-1721 chiron-part-1726 chiron-part-1719 chiron-part-1724 chiron-part-1722 chiron-part-1727 chiron-part-1720 chiron-part-1725","",""
"462","chiron-462","6257443","288","2","2","6112684:1 4211483:1","chiron-part-1729 chiron-part-1728","",""
"463","chiron-463","6257443","289","4","4","4173970:2 4211865:2","chiron-part-1730 chiron-part-1731 chiron-part-1732 chiron-part-1733","",""
"464","chiron-464","6257443","290","0","0","","","Check the chassis connection alignment","chiron-part-0806 chiron-part-0805 chiron-part-0807 chiron-part-0810 chiron-part-0808 chiron-part-0809 chiron-part-0811 chiron-part-0812 chiron-part-0813 chiron-part-0814 chiron-part-0816 chiron-part-0818 chiron-part-0815 chiron-part-0817 chiron-part-0819 chiron-part-0823 chiron-part-0820 chiron-part-0821 chiron-part-0822 chiron-part-0824 chiron-part-0825 chiron-part-0826 chiron-part-0828 chiron-part-0827 chiron-part-0829 chiron-part-0830 chiron-part-0831 chiron-part-0832 chiron-part-0836 chiron-part-0834 chiron-part-0833 chiron-part-0835 chiron-part-0837 chiron-part-0840 chiron-part-0838 chiron-part-0839 chiron-part-0841 chiron-part-0842 chiron-part-0843 chiron-part-0844 chiron-part-0848 chiron-part-0847 chiron-part-0845 chiron-part-0846 chiron-part-3574 chiron-part-0849 chiron-part-0850 chiron-part-0851 chiron-part-0852 chiron-part-0856 chiron-part-0857 chiron-part-0858 chiron-part-0854 chiron-part-0855 chiron-part-0853 chiron-part-0861 chiron-part-0859 chiron-part-0860 chiron-part-0862 chiron-part-0863 chiron-part-0864 chiron-part-0865 chiron-part-0866 chiron-part-0867 chiron-part-0868 chiron-part-0869 chiron-part-0870 chiron-part-0871 chiron-part-0872 chiron-part-0874 chiron-part-0873 chiron-part-0877 chiron-part-0876 chiron-part-0875 chiron-part-0879 chiron-part-0880 chiron-part-0881 chiron-part-0882 chiron-part-0878 chiron-part-0883 chiron-part-0884 chiron-part-3578 chiron-part-0885 chiron-part-0886 chiron-part-0887 chiron-part-0888 chiron-part-0893 chiron-part-0896 chiron-part-0897 chiron-part-0894 chiron-part-0889 chiron-part-0890 chiron-part-0895 chiron-part-0891 chiron-part-0892 chiron-part-0900 chiron-part-0899 chiron-part-0898 chiron-part-0903 chiron-part-0901 chiron-part-0902 chiron-part-0904 chiron-part-0906 chiron-part-0907 chiron-part-0905 chiron-part-0909 chiron-part-0910 chiron-part-0911 chiron-part-0912 chiron-part-0921 chiron-part-0922 chiron-part-0923 chiron-part-0924 chiron-part-0908 chiron-part-0920 chiron-part-0913 chiron-part-0914 chiron-part-0925 chiron-part-0926 chiron-part-0915 chiron-part-0927 chiron-part-0916 chiron-part-0928 chiron-part-0918 chiron-part-0919 chiron-part-0930 chiron-part-0931 chiron-part-0917 chiron-part-0929 chiron-part-0937 chiron-part-0936 chiron-part-0934 chiron-part-0932 chiron-part-0933 chiron-part-0935 chiron-part-0938 chiron-part-0939 chiron-part-0943 chiron-part-0940 chiron-part-0941 chiron-part-0942 chiron-part-0944 chiron-part-0945 chiron-part-0946 chiron-part-0947 chiron-part-0948 chiron-part-0949 chiron-part-0951 chiron-part-0952 chiron-part-0950 chiron-part-0956 chiron-part-0957 chiron-part-0953 chiron-part-0954 chiron-part-0955 chiron-part-0958 chiron-part-0959 chiron-part-0960 chiron-part-0961 chiron-part-0962 chiron-part-0963 chiron-part-0964 chiron-part-0965 chiron-part-0968 chiron-part-0969 chiron-part-0966 chiron-part-0967 chiron-part-0970 chiron-part-0971 chiron-part-0972 chiron-part-0973 chiron-part-0976 chiron-part-0974 chiron-part-0975 chiron-part-0979 chiron-part-0977 chiron-part-0978 chiron-part-0980 chiron-part-0981 chiron-part-0984 chiron-part-0989 chiron-part-0982 chiron-part-0987 chiron-part-0983 chiron-part-0988 chiron-part-0986 chiron-part-0991 chiron-part-0985 chiron-part-0990 chiron-part-0992 chiron-part-0993 chiron-part-0996 chiron-part-0997 chiron-part-0998 chiron-part-0999 chiron-part-1000 chiron-part-1001 chiron-part-1003 chiron-part-1002 chiron-part-1004 chiron-part-1005 chiron-part-1006 chiron-part-1007 chiron-part-1008 chiron-part-1009 chiron-part-1010 chiron-part-1011 chiron-part-1012 chiron-part-1013 chiron-part-1014 chiron-part-1015 chiron-part-1016 chiron-part-1017 chiron-part-1020 chiron-part-1021 chiron-part-1018 chiron-part-1019 chiron-part-1022 chiron-part-1023 chiron-part-1024 chiron-part-0994 chiron-part-0995 chiron-part-1026 chiron-part-1028 chiron-part-1025 chiron-part-1027 chiron-part-1030 chiron-part-1031 chiron-part-1037 chiron-part-1038 chiron-part-1034 chiron-part-1041 chiron-part-1033 chiron-part-1040 chiron-part-1032 chiron-part-1039 chiron-part-1029 chiron-part-1036 chiron-part-1035 chiron-part-1042 chiron-part-1045 chiron-part-1046 chiron-part-1043 chiron-part-1044 chiron-part-1047 chiron-part-1048 chiron-part-1049 chiron-part-1050 chiron-part-1054 chiron-part-1059 chiron-part-1053 chiron-part-1058 chiron-part-1052 chiron-part-1057 chiron-part-1055 chiron-part-1060 chiron-part-1051 chiron-part-1056 chiron-part-1062 chiron-part-1065 chiron-part-1063 chiron-part-1066 chiron-part-1061 chiron-part-1064 chiron-part-1069 chiron-part-1071 chiron-part-1067 chiron-part-1068 chiron-part-1070 chiron-part-1072 chiron-part-1073 chiron-part-1074 chiron-part-1079 chiron-part-1080 chiron-part-1075 chiron-part-1076 chiron-part-1077 chiron-part-1078 chiron-part-1081 chiron-part-1082 chiron-part-1085 chiron-part-1086 chiron-part-1083 chiron-part-1084 chiron-part-1087 chiron-part-1088 chiron-part-1089 chiron-part-1090 chiron-part-1091 chiron-part-1092 chiron-part-1093 chiron-part-1094 chiron-part-1095 chiron-part-1096 chiron-part-1097 chiron-part-1100 chiron-part-1101 chiron-part-1098 chiron-part-1099 chiron-part-1104 chiron-part-1110 chiron-part-1105 chiron-part-1103 chiron-part-1109 chiron-part-1102 chiron-part-1108 chiron-part-1106 chiron-part-1111 chiron-part-1107 chiron-part-1112 chiron-part-1113 chiron-part-1114 chiron-part-1115 chiron-part-1116 chiron-part-1117 chiron-part-1118 chiron-part-1119 chiron-part-1120 chiron-part-1123 chiron-part-1124 chiron-part-1125 chiron-part-1126 chiron-part-3585 chiron-part-3586 chiron-part-1121 chiron-part-1122 chiron-part-1128 chiron-part-1127 chiron-part-1129 chiron-part-1130 chiron-part-1131 chiron-part-1132 chiron-part-1133 chiron-part-1134 chiron-part-1135 chiron-part-1136 chiron-part-1137 chiron-part-1138 chiron-part-1139 chiron-part-1140 chiron-part-1141 chiron-part-1142 chiron-part-1143 chiron-part-1144 chiron-part-1145 chiron-part-1146 chiron-part-1147 chiron-part-1148 chiron-part-1149 chiron-part-1152 chiron-part-1153 chiron-part-1151 chiron-part-1150 chiron-part-1154 chiron-part-1155 chiron-part-1157 chiron-part-1158 chiron-part-1156 chiron-part-1159 chiron-part-1160 chiron-part-1162 chiron-part-1161 chiron-part-3579 chiron-part-1163 chiron-part-1165 chiron-part-1166 chiron-part-1164 chiron-part-1167 chiron-part-1170 chiron-part-1171 chiron-part-1168 chiron-part-1169 chiron-part-1175 chiron-part-1179 chiron-part-1176 chiron-part-1180 chiron-part-1172 chiron-part-1173 chiron-part-1177 chiron-part-1181 chiron-part-1174 chiron-part-1178 chiron-part-1184 chiron-part-1187 chiron-part-1182 chiron-part-1185 chiron-part-1183 chiron-part-1186 chiron-part-1188 chiron-part-1189 chiron-part-1190 chiron-part-1191 chiron-part-1192 chiron-part-1193 chiron-part-1194 chiron-part-1195 chiron-part-1196 chiron-part-1197 chiron-part-1198 chiron-part-1199 chiron-part-1202 chiron-part-1203 chiron-part-1200 chiron-part-1201 chiron-part-1204 chiron-part-1206 chiron-part-1205 chiron-part-1209 chiron-part-1207 chiron-part-1208 chiron-part-1210 chiron-part-1211 chiron-part-1212 chiron-part-1214 chiron-part-1213 chiron-part-1220 chiron-part-1216 chiron-part-1218 chiron-part-1217 chiron-part-1215 chiron-part-1222 chiron-part-1219 chiron-part-1221 chiron-part-1223 chiron-part-1225 chiron-part-1224 chiron-part-1226 chiron-part-1227 chiron-part-1228 chiron-part-1229 chiron-part-1230 chiron-part-1231 chiron-part-1232 chiron-part-1233 chiron-part-1234 chiron-part-1235 chiron-part-1236 chiron-part-1237 chiron-part-1242 chiron-part-1243 chiron-part-1244 chiron-part-1238 chiron-part-1239 chiron-part-1240 chiron-part-1241 chiron-part-1247 chiron-part-1245 chiron-part-1246 chiron-part-1249 chiron-part-1250 chiron-part-1251 chiron-part-1248 chiron-part-1252 chiron-part-1255 chiron-part-1253 chiron-part-1254 chiron-part-1256 chiron-part-1257 chiron-part-1259 chiron-part-1258 chiron-part-1260 chiron-part-1261 chiron-part-1262 chiron-part-1263 chiron-part-1264 chiron-part-1265 chiron-part-1267 chiron-part-1266 chiron-part-1269 chiron-part-1268 chiron-part-1271 chiron-part-1272 chiron-part-1274 chiron-part-1275 chiron-part-1276 chiron-part-1273 chiron-part-1270 chiron-part-1277 chiron-part-1278 chiron-part-1281 chiron-part-1282 chiron-part-1279 chiron-part-1280 chiron-part-1284 chiron-part-1283 chiron-part-1286 chiron-part-1287 chiron-part-1285 chiron-part-1288 chiron-part-1289 chiron-part-1292 chiron-part-1295 chiron-part-1290 chiron-part-1293 chiron-part-1291 chiron-part-1294 chiron-part-1296 chiron-part-1302 chiron-part-1297 chiron-part-1298 chiron-part-1303 chiron-part-1304 chiron-part-1300 chiron-part-1306 chiron-part-1299 chiron-part-1301 chiron-part-1305 chiron-part-1307 chiron-part-1309 chiron-part-1310 chiron-part-1311 chiron-part-1312 chiron-part-1308 chiron-part-1313 chiron-part-1314 chiron-part-1315 chiron-part-1316 chiron-part-1319 chiron-part-1320 chiron-part-1321 chiron-part-1317 chiron-part-1318 chiron-part-1323 chiron-part-1322 chiron-part-1324 chiron-part-1325 chiron-part-1327 chiron-part-1328 chiron-part-1326 chiron-part-1330 chiron-part-1329 chiron-part-1332 chiron-part-1333 chiron-part-1334 chiron-part-1335 chiron-part-1331 chiron-part-1336 chiron-part-1337 chiron-part-1338 chiron-part-1339 chiron-part-1341 chiron-part-1342 chiron-part-1340 chiron-part-1343 chiron-part-1345 chiron-part-1346 chiron-part-1353 chiron-part-1354 chiron-part-1355 chiron-part-1356 chiron-part-1349 chiron-part-1350 chiron-part-1344 chiron-part-1357 chiron-part-1358 chiron-part-1351 chiron-part-1352 chiron-part-1347 chiron-part-1348 chiron-part-1362 chiron-part-1363 chiron-part-1359 chiron-part-1361 chiron-part-1360 chiron-part-1367 chiron-part-1368 chiron-part-1364 chiron-part-1366 chiron-part-1365 chiron-part-1370 chiron-part-1369 chiron-part-1371 chiron-part-1376 chiron-part-1375 chiron-part-1372 chiron-part-1373 chiron-part-1374 chiron-part-1379 chiron-part-1377 chiron-part-1378 chiron-part-1380 chiron-part-1381 chiron-part-1382 chiron-part-1383 chiron-part-1384 chiron-part-1385 chiron-part-1389 chiron-part-1387 chiron-part-1388 chiron-part-1386 chiron-part-1390 chiron-part-1391 chiron-part-1392 chiron-part-1393 chiron-part-1394 chiron-part-1395 chiron-part-1397 chiron-part-1396 chiron-part-1398 chiron-part-1400 chiron-part-1399 chiron-part-1402 chiron-part-1401 chiron-part-1404 chiron-part-1405 chiron-part-1408 chiron-part-1406 chiron-part-1407 chiron-part-1403 chiron-part-1409 chiron-part-1411 chiron-part-1410 chiron-part-1413 chiron-part-1414 chiron-part-1412 chiron-part-1417 chiron-part-1420 chiron-part-1416 chiron-part-1419 chiron-part-1415 chiron-part-1418 chiron-part-1425 chiron-part-1426 chiron-part-1423 chiron-part-1424 chiron-part-1421 chiron-part-1422 chiron-part-1428 chiron-part-1429 chiron-part-1427 chiron-part-1430 chiron-part-1431 chiron-part-1432 chiron-part-1434 chiron-part-1433 chiron-part-1435 chiron-part-1436 chiron-part-1437 chiron-part-1438 chiron-part-1439 chiron-part-1441 chiron-part-1442 chiron-part-1440 chiron-part-1443 chiron-part-1445 chiron-part-1444 chiron-part-1451 chiron-part-1447 chiron-part-1446 chiron-part-1448 chiron-part-1449 chiron-part-1450 chiron-part-1452 chiron-part-1453 chiron-part-1454 chiron-part-1455 chiron-part-1456 chiron-part-1457 chiron-part-1458 chiron-part-1459 chiron-part-1460 chiron-part-1461 chiron-part-1462 chiron-part-1463 chiron-part-1464 chiron-part-1469 chiron-part-1472 chiron-part-1473 chiron-part-1474 chiron-part-1475 chiron-part-1465 chiron-part-1466 chiron-part-1467 chiron-part-1468 chiron-part-1470 chiron-part-1471 chiron-part-1479 chiron-part-1480 chiron-part-1476 chiron-part-1477 chiron-part-1478 chiron-part-1481 chiron-part-1483 chiron-part-1484 chiron-part-1485 chiron-part-1486 chiron-part-1490 chiron-part-1487 chiron-part-1488 chiron-part-1489 chiron-part-1482 chiron-part-1493 chiron-part-1494 chiron-part-1495 chiron-part-1496 chiron-part-1499 chiron-part-1497 chiron-part-1498 chiron-part-1491 chiron-part-1492 chiron-part-1500 chiron-part-1501 chiron-part-1502 chiron-part-1503 chiron-part-1504 chiron-part-1505 chiron-part-1506 chiron-part-1507 chiron-part-1508 chiron-part-1513 chiron-part-1511 chiron-part-1512 chiron-part-1509 chiron-part-1510 chiron-part-1514 chiron-part-1515 chiron-part-1516 chiron-part-1517 chiron-part-1518 chiron-part-1519 chiron-part-1520 chiron-part-1521 chiron-part-1524 chiron-part-1522 chiron-part-1523 chiron-part-1525 chiron-part-1528 chiron-part-1527 chiron-part-1526 chiron-part-1529 chiron-part-1530 chiron-part-1531 chiron-part-1532 chiron-part-1533 chiron-part-1534 chiron-part-1542 chiron-part-1537 chiron-part-1541 chiron-part-1536 chiron-part-1539 chiron-part-1535 chiron-part-1540 chiron-part-1538 chiron-part-1544 chiron-part-1543 chiron-part-1546 chiron-part-1547 chiron-part-1545 chiron-part-1549 chiron-part-1548 chiron-part-1554 chiron-part-1550 chiron-part-1551 chiron-part-1552 chiron-part-1553 chiron-part-1561 chiron-part-1562 chiron-part-1555 chiron-part-1556 chiron-part-1557 chiron-part-1558 chiron-part-1559 chiron-part-1560 chiron-part-1563 chiron-part-1567 chiron-part-1564 chiron-part-1565 chiron-part-1568 chiron-part-1569 chiron-part-1566 chiron-part-1570 chiron-part-1571 chiron-part-1572 chiron-part-1573 chiron-part-1574 chiron-part-1577 chiron-part-1575 chiron-part-1576 chiron-part-1578 chiron-part-1581 chiron-part-1579 chiron-part-1580 chiron-part-1584 chiron-part-1587 chiron-part-3587 chiron-part-3588 chiron-part-3589 chiron-part-3590 chiron-part-1582 chiron-part-1583 chiron-part-1585 chiron-part-1586 chiron-part-1588 chiron-part-1589 chiron-part-1590 chiron-part-1591 chiron-part-1592 chiron-part-1599 chiron-part-1593 chiron-part-1594 chiron-part-1595 chiron-part-1596 chiron-part-1597 chiron-part-1598 chiron-part-1600 chiron-part-1601 chiron-part-1602 chiron-part-1603 chiron-part-1604 chiron-part-1605 chiron-part-1606 chiron-part-1613 chiron-part-3580 chiron-part-1610 chiron-part-1608 chiron-part-1609 chiron-part-1612 chiron-part-1611 chiron-part-1607 chiron-part-1615 chiron-part-1616 chiron-part-1617 chiron-part-1618 chiron-part-1619 chiron-part-1620 chiron-part-1621 chiron-part-1614 chiron-part-1622 chiron-part-1625 chiron-part-1626 chiron-part-1623 chiron-part-1624 chiron-part-1628 chiron-part-1629 chiron-part-1627 chiron-part-1631 chiron-part-1630 chiron-part-1632 chiron-part-1633 chiron-part-1634 chiron-part-1636 chiron-part-1635 chiron-part-1637 chiron-part-1638 chiron-part-1639 chiron-part-1640 chiron-part-1641 chiron-part-1642 chiron-part-1643 chiron-part-1644 chiron-part-1645 chiron-part-1652 chiron-part-1646 chiron-part-1647 chiron-part-1648 chiron-part-1649 chiron-part-1650 chiron-part-1651 chiron-part-1653 chiron-part-1654 chiron-part-1655 chiron-part-1656 chiron-part-1657 chiron-part-1658 chiron-part-1659 chiron-part-1666 chiron-part-3581 chiron-part-1663 chiron-part-1661 chiron-part-1662 chiron-part-1665 chiron-part-1664 chiron-part-1660 chiron-part-1668 chiron-part-1669 chiron-part-1670 chiron-part-1671 chiron-part-1672 chiron-part-1673 chiron-part-1674 chiron-part-1667 chiron-part-1675 chiron-part-1678 chiron-part-1679 chiron-part-1676 chiron-part-1677 chiron-part-1681 chiron-part-1682 chiron-part-1680 chiron-part-1684 chiron-part-1683 chiron-part-1685 chiron-part-1686 chiron-part-1687 chiron-part-1689 chiron-part-1688 chiron-part-1690 chiron-part-1691 chiron-part-1692 chiron-part-1693 chiron-part-1696 chiron-part-1700 chiron-part-1695 chiron-part-1699 chiron-part-1694 chiron-part-1697 chiron-part-1698 chiron-part-1701 chiron-part-1704 chiron-part-1705 chiron-part-1713 chiron-part-1714 chiron-part-1708 chiron-part-1717 chiron-part-1702 chiron-part-1706 chiron-part-1711 chiron-part-1715 chiron-part-1703 chiron-part-1707 chiron-part-1709 chiron-part-1710 chiron-part-1712 chiron-part-1716 chiron-part-1718 chiron-part-1723 chiron-part-1721 chiron-part-1726 chiron-part-1719 chiron-part-1724 chiron-part-1722 chiron-part-1727 chiron-part-1720 chiron-part-1725 chiron-part-1729 chiron-part-1728 chiron-part-1730 chiron-part-1731 chiron-part-1732 chiron-part-1733"
"465","chiron-465","6257443","291","0","0","","","Join the front and rear chassis","chiron-part-0002 chiron-part-0003 chiron-part-0001 chiron-part-0004 chiron-part-0005 chiron-part-0006 chiron-part-0011 chiron-part-0012 chiron-part-0009 chiron-part-0010 chiron-part-0007 chiron-part-0008 chiron-part-0013 chiron-part-0014 chiron-part-0015 chiron-part-0016 chiron-part-0017 chiron-part-0018 chiron-part-0019 chiron-part-0020 chiron-part-0021 chiron-part-0022 chiron-part-0024 chiron-part-0023 chiron-part-0026 chiron-part-0027 chiron-part-0025 chiron-part-0037 chiron-part-0034 chiron-part-0028 chiron-part-0035 chiron-part-0029 chiron-part-0036 chiron-part-0030 chiron-part-0031 chiron-part-0032 chiron-part-0033 chiron-part-0038 chiron-part-0045 chiron-part-0039 chiron-part-0046 chiron-part-0040 chiron-part-0047 chiron-part-0041 chiron-part-0042 chiron-part-0043 chiron-part-0044 chiron-part-0054 chiron-part-0061 chiron-part-0051 chiron-part-0058 chiron-part-0048 chiron-part-0049 chiron-part-0050 chiron-part-0052 chiron-part-0053 chiron-part-0055 chiron-part-0056 chiron-part-0057 chiron-part-0059 chiron-part-0060 chiron-part-0062 chiron-part-0065 chiron-part-0064 chiron-part-0067 chiron-part-0063 chiron-part-0066 chiron-part-0068 chiron-part-0070 chiron-part-0069 chiron-part-0071 chiron-part-0073 chiron-part-0072 chiron-part-0076 chiron-part-0077 chiron-part-0078 chiron-part-0079 chiron-part-0080 chiron-part-0074 chiron-part-0075 chiron-part-0085 chiron-part-0081 chiron-part-0084 chiron-part-0082 chiron-part-0083 chiron-part-0086 chiron-part-0087 chiron-part-0088 chiron-part-0089 chiron-part-0090 chiron-part-0091 chiron-part-0092 chiron-part-0093 chiron-part-0094 chiron-part-0102 chiron-part-0101 chiron-part-0095 chiron-part-0097 chiron-part-0098 chiron-part-0099 chiron-part-0100 chiron-part-0096 chiron-part-0103 chiron-part-0104 chiron-part-0105 chiron-part-0106 chiron-part-0107 chiron-part-0108 chiron-part-0109 chiron-part-0110 chiron-part-0111 chiron-part-0112 chiron-part-0113 chiron-part-0114 chiron-part-0116 chiron-part-0117 chiron-part-0115 chiron-part-0118 chiron-part-0119 chiron-part-0165 chiron-part-0120 chiron-part-0166 chiron-part-0122 chiron-part-0168 chiron-part-0121 chiron-part-0123 chiron-part-0167 chiron-part-0169 chiron-part-0124 chiron-part-0170 chiron-part-0125 chiron-part-0171 chiron-part-0127 chiron-part-0173 chiron-part-0126 chiron-part-0172 chiron-part-0131 chiron-part-0177 chiron-part-0130 chiron-part-0133 chiron-part-0176 chiron-part-0179 chiron-part-0132 chiron-part-0178 chiron-part-0128 chiron-part-0129 chiron-part-0174 chiron-part-0175 chiron-part-0136 chiron-part-0182 chiron-part-0137 chiron-part-0183 chiron-part-0135 chiron-part-0181 chiron-part-0138 chiron-part-0184 chiron-part-0134 chiron-part-0180 chiron-part-0140 chiron-part-0186 chiron-part-0142 chiron-part-0188 chiron-part-0143 chiron-part-0145 chiron-part-0189 chiron-part-0191 chiron-part-0146 chiron-part-0192 chiron-part-0144 chiron-part-0190 chiron-part-0141 chiron-part-0187 chiron-part-0139 chiron-part-0185 chiron-part-0147 chiron-part-0193 chiron-part-0150 chiron-part-0196 chiron-part-0148 chiron-part-0194 chiron-part-0149 chiron-part-0195 chiron-part-0153 chiron-part-0199 chiron-part-0154 chiron-part-0200 chiron-part-0152 chiron-part-0198 chiron-part-0151 chiron-part-0197 chiron-part-0155 chiron-part-0201 chiron-part-0159 chiron-part-0205 chiron-part-0160 chiron-part-0206 chiron-part-0157 chiron-part-0203 chiron-part-0158 chiron-part-0204 chiron-part-0156 chiron-part-0202 chiron-part-0161 chiron-part-0163 chiron-part-0207 chiron-part-0209 chiron-part-0162 chiron-part-0208 chiron-part-0164 chiron-part-0210 chiron-part-0211 chiron-part-0212 chiron-part-0213 chiron-part-0214 chiron-part-0215 chiron-part-0216 chiron-part-0217 chiron-part-0220 chiron-part-0218 chiron-part-0219 chiron-part-0221 chiron-part-0222 chiron-part-0223 chiron-part-0224 chiron-part-0229 chiron-part-0230 chiron-part-0225 chiron-part-0226 chiron-part-0227 chiron-part-0228 chiron-part-0231 chiron-part-0232 chiron-part-0233 chiron-part-0235 chiron-part-0236 chiron-part-0234 chiron-part-0238 chiron-part-0239 chiron-part-0240 chiron-part-0241 chiron-part-0242 chiron-part-0243 chiron-part-0246 chiron-part-0244 chiron-part-0237 chiron-part-0245 chiron-part-0249 chiron-part-0247 chiron-part-0248 chiron-part-0250 chiron-part-0251 chiron-part-0252 chiron-part-0253 chiron-part-0255 chiron-part-0256 chiron-part-0254 chiron-part-0259 chiron-part-0257 chiron-part-0258 chiron-part-0260 chiron-part-0261 chiron-part-0262 chiron-part-0263 chiron-part-0264 chiron-part-0265 chiron-part-0266 chiron-part-0267 chiron-part-0268 chiron-part-0271 chiron-part-0272 chiron-part-0275 chiron-part-0269 chiron-part-0273 chiron-part-0270 chiron-part-0274 chiron-part-0276 chiron-part-0280 chiron-part-0277 chiron-part-0281 chiron-part-0279 chiron-part-0283 chiron-part-0278 chiron-part-0282 chiron-part-0284 chiron-part-0285 chiron-part-0286 chiron-part-0287 chiron-part-0288 chiron-part-0289 chiron-part-0290 chiron-part-0291 chiron-part-0292 chiron-part-0293 chiron-part-0294 chiron-part-0295 chiron-part-0296 chiron-part-0297 chiron-part-0298 chiron-part-0301 chiron-part-0302 chiron-part-0300 chiron-part-0299 chiron-part-0303 chiron-part-0305 chiron-part-0304 chiron-part-0308 chiron-part-0307 chiron-part-0309 chiron-part-0306 chiron-part-0312 chiron-part-0310 chiron-part-0311 chiron-part-0320 chiron-part-0313 chiron-part-3577 chiron-part-0318 chiron-part-0317 chiron-part-0316 chiron-part-0315 chiron-part-0314 chiron-part-0319 chiron-part-0324 chiron-part-0323 chiron-part-0322 chiron-part-0321 chiron-part-0326 chiron-part-0327 chiron-part-0325 chiron-part-0328 chiron-part-0329 chiron-part-0330 chiron-part-0332 chiron-part-0331 chiron-part-0334 chiron-part-0333 chiron-part-0335 chiron-part-0337 chiron-part-0339 chiron-part-0338 chiron-part-0336 chiron-part-3570 chiron-part-0342 chiron-part-0341 chiron-part-0340 chiron-part-0343 chiron-part-0345 chiron-part-0344 chiron-part-0348 chiron-part-0347 chiron-part-0349 chiron-part-0350 chiron-part-0346 chiron-part-0351 chiron-part-0352 chiron-part-0354 chiron-part-0353 chiron-part-0355 chiron-part-0357 chiron-part-0356 chiron-part-0366 chiron-part-0361 chiron-part-0358 chiron-part-0365 chiron-part-0367 chiron-part-0359 chiron-part-0360 chiron-part-0363 chiron-part-0362 chiron-part-0364 chiron-part-0370 chiron-part-0368 chiron-part-0369 chiron-part-0373 chiron-part-0374 chiron-part-0375 chiron-part-0376 chiron-part-3572 chiron-part-0372 chiron-part-0371 chiron-part-0377 chiron-part-0378 chiron-part-0382 chiron-part-0381 chiron-part-0380 chiron-part-0379 chiron-part-0383 chiron-part-0384 chiron-part-0387 chiron-part-0385 chiron-part-0389 chiron-part-0386 chiron-part-0388 chiron-part-0390 chiron-part-0391 chiron-part-0392 chiron-part-0393 chiron-part-0394 chiron-part-0395 chiron-part-0396 chiron-part-0399 chiron-part-0398 chiron-part-0400 chiron-part-0397 chiron-part-0402 chiron-part-0401 chiron-part-0404 chiron-part-0403 chiron-part-0406 chiron-part-0407 chiron-part-0410 chiron-part-0409 chiron-part-0405 chiron-part-0408 chiron-part-0411 chiron-part-0412 chiron-part-0416 chiron-part-0414 chiron-part-0415 chiron-part-0419 chiron-part-0413 chiron-part-0422 chiron-part-0418 chiron-part-0417 chiron-part-0420 chiron-part-3571 chiron-part-0421 chiron-part-0423 chiron-part-0425 chiron-part-0426 chiron-part-0424 chiron-part-0427 chiron-part-0437 chiron-part-0431 chiron-part-0430 chiron-part-0432 chiron-part-0438 chiron-part-0428 chiron-part-0429 chiron-part-0436 chiron-part-0433 chiron-part-0434 chiron-part-0435 chiron-part-0439 chiron-part-0440 chiron-part-0441 chiron-part-0442 chiron-part-0443 chiron-part-0444 chiron-part-0445 chiron-part-0446 chiron-part-0447 chiron-part-0448 chiron-part-0449 chiron-part-0450 chiron-part-0451 chiron-part-0452 chiron-part-0455 chiron-part-0454 chiron-part-0453 chiron-part-0457 chiron-part-0456 chiron-part-0458 chiron-part-0459 chiron-part-0460 chiron-part-0465 chiron-part-0461 chiron-part-0462 chiron-part-0463 chiron-part-0464 chiron-part-0467 chiron-part-0468 chiron-part-0469 chiron-part-0470 chiron-part-0471 chiron-part-0472 chiron-part-0473 chiron-part-0477 chiron-part-0478 chiron-part-0479 chiron-part-0481 chiron-part-0482 chiron-part-0474 chiron-part-0475 chiron-part-0466 chiron-part-0480 chiron-part-0476 chiron-part-0483 chiron-part-0484 chiron-part-0485 chiron-part-0490 chiron-part-0489 chiron-part-0488 chiron-part-0487 chiron-part-0486 chiron-part-0492 chiron-part-0491 chiron-part-0493 chiron-part-0494 chiron-part-0495 chiron-part-0498 chiron-part-0497 chiron-part-0496 chiron-part-0499 chiron-part-0508 chiron-part-0506 chiron-part-0507 chiron-part-0501 chiron-part-0503 chiron-part-0500 chiron-part-0502 chiron-part-0504 chiron-part-0505 chiron-part-0509 chiron-part-0510 chiron-part-0511 chiron-part-0512 chiron-part-0513 chiron-part-0514 chiron-part-0517 chiron-part-0518 chiron-part-0515 chiron-part-0516 chiron-part-0519 chiron-part-0520 chiron-part-0522 chiron-part-0521 chiron-part-0525 chiron-part-0524 chiron-part-0523 chiron-part-0527 chiron-part-0526 chiron-part-0528 chiron-part-0531 chiron-part-0532 chiron-part-0533 chiron-part-0534 chiron-part-0530 chiron-part-0538 chiron-part-0537 chiron-part-0535 chiron-part-0536 chiron-part-0529 chiron-part-0539 chiron-part-0540 chiron-part-0545 chiron-part-0546 chiron-part-0541 chiron-part-0542 chiron-part-0543 chiron-part-0544 chiron-part-0547 chiron-part-0548 chiron-part-0549 chiron-part-0550 chiron-part-0552 chiron-part-0551 chiron-part-0554 chiron-part-0555 chiron-part-0553 chiron-part-0556 chiron-part-0561 chiron-part-0557 chiron-part-0558 chiron-part-0559 chiron-part-0560 chiron-part-0563 chiron-part-0564 chiron-part-0565 chiron-part-0562 chiron-part-0568 chiron-part-0569 chiron-part-0566 chiron-part-0567 chiron-part-0570 chiron-part-0572 chiron-part-0571 chiron-part-0578 chiron-part-0579 chiron-part-0577 chiron-part-0580 chiron-part-0581 chiron-part-0582 chiron-part-0583 chiron-part-0584 chiron-part-0585 chiron-part-0586 chiron-part-0574 chiron-part-0576 chiron-part-0573 chiron-part-0575 chiron-part-0588 chiron-part-0600 chiron-part-0592 chiron-part-0596 chiron-part-0603 chiron-part-0604 chiron-part-0605 chiron-part-0606 chiron-part-0607 chiron-part-0608 chiron-part-0609 chiron-part-0610 chiron-part-0591 chiron-part-0595 chiron-part-0597 chiron-part-0587 chiron-part-0589 chiron-part-0590 chiron-part-0593 chiron-part-0594 chiron-part-0598 chiron-part-0599 chiron-part-0601 chiron-part-0602 chiron-part-0612 chiron-part-0613 chiron-part-0614 chiron-part-0615 chiron-part-0617 chiron-part-0618 chiron-part-0611 chiron-part-0616 chiron-part-0619 chiron-part-0620 chiron-part-0621 chiron-part-0622 chiron-part-0623 chiron-part-0624 chiron-part-0625 chiron-part-0626 chiron-part-0627 chiron-part-0628 chiron-part-0629 chiron-part-0630 chiron-part-0631 chiron-part-0634 chiron-part-0632 chiron-part-0636 chiron-part-0633 chiron-part-0635 chiron-part-0637 chiron-part-0641 chiron-part-0639 chiron-part-0643 chiron-part-0640 chiron-part-0642 chiron-part-0638 chiron-part-0644 chiron-part-0645 chiron-part-0647 chiron-part-0648 chiron-part-0681 chiron-part-0682 chiron-part-0646 chiron-part-0680 chiron-part-0649 chiron-part-0651 chiron-part-0683 chiron-part-0685 chiron-part-0650 chiron-part-0684 chiron-part-0652 chiron-part-0654 chiron-part-0686 chiron-part-0688 chiron-part-0653 chiron-part-0687 chiron-part-0655 chiron-part-0689 chiron-part-0656 chiron-part-0657 chiron-part-0690 chiron-part-0691 chiron-part-0658 chiron-part-0692 chiron-part-0659 chiron-part-0660 chiron-part-0693 chiron-part-0694 chiron-part-0664 chiron-part-0667 chiron-part-0670 chiron-part-0673 chiron-part-0698 chiron-part-0701 chiron-part-0704 chiron-part-0707 chiron-part-0663 chiron-part-0674 chiron-part-0697 chiron-part-0708 chiron-part-0676 chiron-part-0677 chiron-part-0678 chiron-part-0679 chiron-part-0710 chiron-part-0711 chiron-part-0712 chiron-part-0713 chiron-part-0666 chiron-part-0671 chiron-part-0672 chiron-part-0700 chiron-part-0705 chiron-part-0706 chiron-part-0665 chiron-part-0668 chiron-part-0669 chiron-part-0699 chiron-part-0702 chiron-part-0703 chiron-part-0661 chiron-part-0695 chiron-part-0662 chiron-part-0696 chiron-part-0675 chiron-part-0709 chiron-part-0714 chiron-part-0715 chiron-part-0716 chiron-part-0717 chiron-part-0718 chiron-part-0722 chiron-part-0723 chiron-part-0732 chiron-part-0733 chiron-part-0726 chiron-part-0736 chiron-part-0724 chiron-part-0725 chiron-part-0734 chiron-part-0735 chiron-part-0719 chiron-part-0720 chiron-part-0729 chiron-part-0730 chiron-part-0721 chiron-part-0731 chiron-part-0727 chiron-part-0728 chiron-part-0738 chiron-part-0737 chiron-part-0739 chiron-part-0740 chiron-part-0741 chiron-part-0743 chiron-part-0742 chiron-part-0744 chiron-part-0746 chiron-part-0745 chiron-part-0747 chiron-part-0748 chiron-part-0749 chiron-part-0751 chiron-part-0750 chiron-part-0752 chiron-part-0753 chiron-part-0754 chiron-part-0755 chiron-part-0756 chiron-part-0763 chiron-part-0757 chiron-part-0758 chiron-part-0759 chiron-part-0760 chiron-part-0761 chiron-part-0762 chiron-part-0764 chiron-part-0768 chiron-part-0765 chiron-part-0766 chiron-part-0767 chiron-part-0769 chiron-part-0770 chiron-part-0773 chiron-part-0774 chiron-part-0775 chiron-part-0776 chiron-part-0777 chiron-part-0778 chiron-part-0771 chiron-part-0772 chiron-part-0779 chiron-part-0780 chiron-part-0781 chiron-part-0782 chiron-part-0784 chiron-part-0783 chiron-part-0785 chiron-part-0786 chiron-part-0788 chiron-part-0787 chiron-part-0790 chiron-part-0791 chiron-part-0792 chiron-part-0794 chiron-part-0795 chiron-part-0793 chiron-part-0789 chiron-part-0797 chiron-part-0796 chiron-part-0800 chiron-part-0801 chiron-part-0802 chiron-part-0804 chiron-part-0798 chiron-part-0803 chiron-part-0799"
"466","chiron-466","6257443","292","0","0","","","Secure the joined chassis pins","chiron-part-1730 chiron-part-1731 chiron-part-1732 chiron-part-1733"
"467","chiron-467","6257443","293","2","2","4499858:2","chiron-part-1734 chiron-part-1735","",""
"468","chiron-468","6257443","294","0","0","","","Push the two chassis axles through","chiron-part-1734 chiron-part-1735"
"469","chiron-469","6257443","295","8","8","4206482:4 4211865:4","chiron-part-1736 chiron-part-1738 chiron-part-1740 chiron-part-1742 chiron-part-1737 chiron-part-1739 chiron-part-1741 chiron-part-1743","",""
"470","chiron-470","6257443","296","2","2","4211713:2","chiron-part-1744 chiron-part-1745","",""
"471","chiron-471","6257443","297","4","4","4542573:2 4206482:2","chiron-part-1746 chiron-part-1747 chiron-part-3591 chiron-part-3592","",""
"472","chiron-472","6257443","298","2","2","4121715:2","chiron-part-1748 chiron-part-1749","",""
"473","chiron-473","6257443","299","3","3","4542573:1 4121715:2","chiron-part-1750 chiron-part-1751 chiron-part-1752","",""
"474","chiron-474","6257443","300","2","2","6016154:2","chiron-part-1753 chiron-part-1754","",""
"475","chiron-475","6257443","301","4","4","4211865:2 6203249:2","chiron-part-1755 chiron-part-1756 chiron-part-1757 chiron-part-1758","",""
"476","chiron-476","6257443","302","9","9","4206482:2 6029578:1 4121715:4 6013938:1 6037676:1","chiron-part-1764 chiron-part-1765 chiron-part-1763 chiron-part-1759 chiron-part-1760 chiron-part-1761 chiron-part-1762 chiron-part-1767 chiron-part-1766","",""
"477","chiron-477","6257443","303","4","4","4121715:2 4142135:2","chiron-part-1768 chiron-part-1769 chiron-part-1770 chiron-part-1771","",""
"478","chiron-478","6257443","304","10","10","4211713:2 4121715:8","chiron-part-1776 chiron-part-1781 chiron-part-1772 chiron-part-1773 chiron-part-1774 chiron-part-1775 chiron-part-1777 chiron-part-1778 chiron-part-1779 chiron-part-1780","",""
"479","chiron-479","6257443","305","0","0","","","Inspect the chassis and continue to Book 2","chiron-part-0002 chiron-part-0003 chiron-part-0001 chiron-part-0004 chiron-part-0005 chiron-part-0006 chiron-part-0011 chiron-part-0012 chiron-part-0009 chiron-part-0010 chiron-part-0007 chiron-part-0008 chiron-part-0013 chiron-part-0014 chiron-part-0015 chiron-part-0016 chiron-part-0017 chiron-part-0018 chiron-part-0019 chiron-part-0020 chiron-part-0021 chiron-part-0022 chiron-part-0024 chiron-part-0023 chiron-part-0026 chiron-part-0027 chiron-part-0025 chiron-part-0037 chiron-part-0034 chiron-part-0028 chiron-part-0035 chiron-part-0029 chiron-part-0036 chiron-part-0030 chiron-part-0031 chiron-part-0032 chiron-part-0033 chiron-part-0038 chiron-part-0045 chiron-part-0039 chiron-part-0046 chiron-part-0040 chiron-part-0047 chiron-part-0041 chiron-part-0042 chiron-part-0043 chiron-part-0044 chiron-part-0054 chiron-part-0061 chiron-part-0051 chiron-part-0058 chiron-part-0048 chiron-part-0049 chiron-part-0050 chiron-part-0052 chiron-part-0053 chiron-part-0055 chiron-part-0056 chiron-part-0057 chiron-part-0059 chiron-part-0060 chiron-part-0062 chiron-part-0065 chiron-part-0064 chiron-part-0067 chiron-part-0063 chiron-part-0066 chiron-part-0068 chiron-part-0070 chiron-part-0069 chiron-part-0071 chiron-part-0073 chiron-part-0072 chiron-part-0076 chiron-part-0077 chiron-part-0078 chiron-part-0079 chiron-part-0080 chiron-part-0074 chiron-part-0075 chiron-part-0085 chiron-part-0081 chiron-part-0084 chiron-part-0082 chiron-part-0083 chiron-part-0086 chiron-part-0087 chiron-part-0088 chiron-part-0089 chiron-part-0090 chiron-part-0091 chiron-part-0092 chiron-part-0093 chiron-part-0094 chiron-part-0102 chiron-part-0101 chiron-part-0095 chiron-part-0097 chiron-part-0098 chiron-part-0099 chiron-part-0100 chiron-part-0096 chiron-part-0103 chiron-part-0104 chiron-part-0105 chiron-part-0106 chiron-part-0107 chiron-part-0108 chiron-part-0109 chiron-part-0110 chiron-part-0111 chiron-part-0112 chiron-part-0113 chiron-part-0114 chiron-part-0116 chiron-part-0117 chiron-part-0115 chiron-part-0118 chiron-part-0119 chiron-part-0165 chiron-part-0120 chiron-part-0166 chiron-part-0122 chiron-part-0168 chiron-part-0121 chiron-part-0123 chiron-part-0167 chiron-part-0169 chiron-part-0124 chiron-part-0170 chiron-part-0125 chiron-part-0171 chiron-part-0127 chiron-part-0173 chiron-part-0126 chiron-part-0172 chiron-part-0131 chiron-part-0177 chiron-part-0130 chiron-part-0133 chiron-part-0176 chiron-part-0179 chiron-part-0132 chiron-part-0178 chiron-part-0128 chiron-part-0129 chiron-part-0174 chiron-part-0175 chiron-part-0136 chiron-part-0182 chiron-part-0137 chiron-part-0183 chiron-part-0135 chiron-part-0181 chiron-part-0138 chiron-part-0184 chiron-part-0134 chiron-part-0180 chiron-part-0140 chiron-part-0186 chiron-part-0142 chiron-part-0188 chiron-part-0143 chiron-part-0145 chiron-part-0189 chiron-part-0191 chiron-part-0146 chiron-part-0192 chiron-part-0144 chiron-part-0190 chiron-part-0141 chiron-part-0187 chiron-part-0139 chiron-part-0185 chiron-part-0147 chiron-part-0193 chiron-part-0150 chiron-part-0196 chiron-part-0148 chiron-part-0194 chiron-part-0149 chiron-part-0195 chiron-part-0153 chiron-part-0199 chiron-part-0154 chiron-part-0200 chiron-part-0152 chiron-part-0198 chiron-part-0151 chiron-part-0197 chiron-part-0155 chiron-part-0201 chiron-part-0159 chiron-part-0205 chiron-part-0160 chiron-part-0206 chiron-part-0157 chiron-part-0203 chiron-part-0158 chiron-part-0204 chiron-part-0156 chiron-part-0202 chiron-part-0161 chiron-part-0163 chiron-part-0207 chiron-part-0209 chiron-part-0162 chiron-part-0208 chiron-part-0164 chiron-part-0210 chiron-part-0211 chiron-part-0212 chiron-part-0213 chiron-part-0214 chiron-part-0215 chiron-part-0216 chiron-part-0217 chiron-part-0220 chiron-part-0218 chiron-part-0219 chiron-part-0221 chiron-part-0222 chiron-part-0223 chiron-part-0224 chiron-part-0229 chiron-part-0230 chiron-part-0225 chiron-part-0226 chiron-part-0227 chiron-part-0228 chiron-part-0231 chiron-part-0232 chiron-part-0233 chiron-part-0235 chiron-part-0236 chiron-part-0234 chiron-part-0238 chiron-part-0239 chiron-part-0240 chiron-part-0241 chiron-part-0242 chiron-part-0243 chiron-part-0246 chiron-part-0244 chiron-part-0237 chiron-part-0245 chiron-part-0249 chiron-part-0247 chiron-part-0248 chiron-part-0250 chiron-part-0251 chiron-part-0252 chiron-part-0253 chiron-part-0255 chiron-part-0256 chiron-part-0254 chiron-part-0259 chiron-part-0257 chiron-part-0258 chiron-part-0260 chiron-part-0261 chiron-part-0262 chiron-part-0263 chiron-part-0264 chiron-part-0265 chiron-part-0266 chiron-part-0267 chiron-part-0268 chiron-part-0271 chiron-part-0272 chiron-part-0275 chiron-part-0269 chiron-part-0273 chiron-part-0270 chiron-part-0274 chiron-part-0276 chiron-part-0280 chiron-part-0277 chiron-part-0281 chiron-part-0279 chiron-part-0283 chiron-part-0278 chiron-part-0282 chiron-part-0284 chiron-part-0285 chiron-part-0286 chiron-part-0287 chiron-part-0288 chiron-part-0289 chiron-part-0290 chiron-part-0291 chiron-part-0292 chiron-part-0293 chiron-part-0294 chiron-part-0295 chiron-part-0296 chiron-part-0297 chiron-part-0298 chiron-part-0301 chiron-part-0302 chiron-part-0300 chiron-part-0299 chiron-part-0303 chiron-part-0305 chiron-part-0304 chiron-part-0308 chiron-part-0307 chiron-part-0309 chiron-part-0306 chiron-part-0312 chiron-part-0310 chiron-part-0311 chiron-part-0320 chiron-part-0313 chiron-part-3577 chiron-part-0318 chiron-part-0317 chiron-part-0316 chiron-part-0315 chiron-part-0314 chiron-part-0319 chiron-part-0324 chiron-part-0323 chiron-part-0322 chiron-part-0321 chiron-part-0326 chiron-part-0327 chiron-part-0325 chiron-part-0328 chiron-part-0329 chiron-part-0330 chiron-part-0332 chiron-part-0331 chiron-part-0334 chiron-part-0333 chiron-part-0335 chiron-part-0337 chiron-part-0339 chiron-part-0338 chiron-part-0336 chiron-part-3570 chiron-part-0342 chiron-part-0341 chiron-part-0340 chiron-part-0343 chiron-part-0345 chiron-part-0344 chiron-part-0348 chiron-part-0347 chiron-part-0349 chiron-part-0350 chiron-part-0346 chiron-part-0351 chiron-part-0352 chiron-part-0354 chiron-part-0353 chiron-part-0355 chiron-part-0357 chiron-part-0356 chiron-part-0366 chiron-part-0361 chiron-part-0358 chiron-part-0365 chiron-part-0367 chiron-part-0359 chiron-part-0360 chiron-part-0363 chiron-part-0362 chiron-part-0364 chiron-part-0370 chiron-part-0368 chiron-part-0369 chiron-part-0373 chiron-part-0374 chiron-part-0375 chiron-part-0376 chiron-part-3572 chiron-part-0372 chiron-part-0371 chiron-part-0377 chiron-part-0378 chiron-part-0382 chiron-part-0381 chiron-part-0380 chiron-part-0379 chiron-part-0383 chiron-part-0384 chiron-part-0387 chiron-part-0385 chiron-part-0389 chiron-part-0386 chiron-part-0388 chiron-part-0390 chiron-part-0391 chiron-part-0392 chiron-part-0393 chiron-part-0394 chiron-part-0395 chiron-part-0396 chiron-part-0399 chiron-part-0398 chiron-part-0400 chiron-part-0397 chiron-part-0402 chiron-part-0401 chiron-part-0404 chiron-part-0403 chiron-part-0406 chiron-part-0407 chiron-part-0410 chiron-part-0409 chiron-part-0405 chiron-part-0408 chiron-part-0411 chiron-part-0412 chiron-part-0416 chiron-part-0414 chiron-part-0415 chiron-part-0419 chiron-part-0413 chiron-part-0422 chiron-part-0418 chiron-part-0417 chiron-part-0420 chiron-part-3571 chiron-part-0421 chiron-part-0423 chiron-part-0425 chiron-part-0426 chiron-part-0424 chiron-part-0427 chiron-part-0437 chiron-part-0431 chiron-part-0430 chiron-part-0432 chiron-part-0438 chiron-part-0428 chiron-part-0429 chiron-part-0436 chiron-part-0433 chiron-part-0434 chiron-part-0435 chiron-part-0439 chiron-part-0440 chiron-part-0441 chiron-part-0442 chiron-part-0443 chiron-part-0444 chiron-part-0445 chiron-part-0446 chiron-part-0447 chiron-part-0448 chiron-part-0449 chiron-part-0450 chiron-part-0451 chiron-part-0452 chiron-part-0455 chiron-part-0454 chiron-part-0453 chiron-part-0457 chiron-part-0456 chiron-part-0458 chiron-part-0459 chiron-part-0460 chiron-part-0465 chiron-part-0461 chiron-part-0462 chiron-part-0463 chiron-part-0464 chiron-part-0467 chiron-part-0468 chiron-part-0469 chiron-part-0470 chiron-part-0471 chiron-part-0472 chiron-part-0473 chiron-part-0477 chiron-part-0478 chiron-part-0479 chiron-part-0481 chiron-part-0482 chiron-part-0474 chiron-part-0475 chiron-part-0466 chiron-part-0480 chiron-part-0476 chiron-part-0483 chiron-part-0484 chiron-part-0485 chiron-part-0490 chiron-part-0489 chiron-part-0488 chiron-part-0487 chiron-part-0486 chiron-part-0492 chiron-part-0491 chiron-part-0493 chiron-part-0494 chiron-part-0495 chiron-part-0498 chiron-part-0497 chiron-part-0496 chiron-part-0499 chiron-part-0508 chiron-part-0506 chiron-part-0507 chiron-part-0501 chiron-part-0503 chiron-part-0500 chiron-part-0502 chiron-part-0504 chiron-part-0505 chiron-part-0509 chiron-part-0510 chiron-part-0511 chiron-part-0512 chiron-part-0513 chiron-part-0514 chiron-part-0517 chiron-part-0518 chiron-part-0515 chiron-part-0516 chiron-part-0519 chiron-part-0520 chiron-part-0522 chiron-part-0521 chiron-part-0525 chiron-part-0524 chiron-part-0523 chiron-part-0527 chiron-part-0526 chiron-part-0528 chiron-part-0531 chiron-part-0532 chiron-part-0533 chiron-part-0534 chiron-part-0530 chiron-part-0538 chiron-part-0537 chiron-part-0535 chiron-part-0536 chiron-part-0529 chiron-part-0539 chiron-part-0540 chiron-part-0545 chiron-part-0546 chiron-part-0541 chiron-part-0542 chiron-part-0543 chiron-part-0544 chiron-part-0547 chiron-part-0548 chiron-part-0549 chiron-part-0550 chiron-part-0552 chiron-part-0551 chiron-part-0554 chiron-part-0555 chiron-part-0553 chiron-part-0556 chiron-part-0561 chiron-part-0557 chiron-part-0558 chiron-part-0559 chiron-part-0560 chiron-part-0563 chiron-part-0564 chiron-part-0565 chiron-part-0562 chiron-part-0568 chiron-part-0569 chiron-part-0566 chiron-part-0567 chiron-part-0570 chiron-part-0572 chiron-part-0571 chiron-part-0578 chiron-part-0579 chiron-part-0577 chiron-part-0580 chiron-part-0581 chiron-part-0582 chiron-part-0583 chiron-part-0584 chiron-part-0585 chiron-part-0586 chiron-part-0574 chiron-part-0576 chiron-part-0573 chiron-part-0575 chiron-part-0588 chiron-part-0600 chiron-part-0592 chiron-part-0596 chiron-part-0603 chiron-part-0604 chiron-part-0605 chiron-part-0606 chiron-part-0607 chiron-part-0608 chiron-part-0609 chiron-part-0610 chiron-part-0591 chiron-part-0595 chiron-part-0597 chiron-part-0587 chiron-part-0589 chiron-part-0590 chiron-part-0593 chiron-part-0594 chiron-part-0598 chiron-part-0599 chiron-part-0601 chiron-part-0602 chiron-part-0612 chiron-part-0613 chiron-part-0614 chiron-part-0615 chiron-part-0617 chiron-part-0618 chiron-part-0611 chiron-part-0616 chiron-part-0619 chiron-part-0620 chiron-part-0621 chiron-part-0622 chiron-part-0623 chiron-part-0624 chiron-part-0625 chiron-part-0626 chiron-part-0627 chiron-part-0628 chiron-part-0629 chiron-part-0630 chiron-part-0631 chiron-part-0634 chiron-part-0632 chiron-part-0636 chiron-part-0633 chiron-part-0635 chiron-part-0637 chiron-part-0641 chiron-part-0639 chiron-part-0643 chiron-part-0640 chiron-part-0642 chiron-part-0638 chiron-part-0644 chiron-part-0645 chiron-part-0647 chiron-part-0648 chiron-part-0681 chiron-part-0682 chiron-part-0646 chiron-part-0680 chiron-part-0649 chiron-part-0651 chiron-part-0683 chiron-part-0685 chiron-part-0650 chiron-part-0684 chiron-part-0652 chiron-part-0654 chiron-part-0686 chiron-part-0688 chiron-part-0653 chiron-part-0687 chiron-part-0655 chiron-part-0689 chiron-part-0656 chiron-part-0657 chiron-part-0690 chiron-part-0691 chiron-part-0658 chiron-part-0692 chiron-part-0659 chiron-part-0660 chiron-part-0693 chiron-part-0694 chiron-part-0664 chiron-part-0667 chiron-part-0670 chiron-part-0673 chiron-part-0698 chiron-part-0701 chiron-part-0704 chiron-part-0707 chiron-part-0663 chiron-part-0674 chiron-part-0697 chiron-part-0708 chiron-part-0676 chiron-part-0677 chiron-part-0678 chiron-part-0679 chiron-part-0710 chiron-part-0711 chiron-part-0712 chiron-part-0713 chiron-part-0666 chiron-part-0671 chiron-part-0672 chiron-part-0700 chiron-part-0705 chiron-part-0706 chiron-part-0665 chiron-part-0668 chiron-part-0669 chiron-part-0699 chiron-part-0702 chiron-part-0703 chiron-part-0661 chiron-part-0695 chiron-part-0662 chiron-part-0696 chiron-part-0675 chiron-part-0709 chiron-part-0714 chiron-part-0715 chiron-part-0716 chiron-part-0717 chiron-part-0718 chiron-part-0722 chiron-part-0723 chiron-part-0732 chiron-part-0733 chiron-part-0726 chiron-part-0736 chiron-part-0724 chiron-part-0725 chiron-part-0734 chiron-part-0735 chiron-part-0719 chiron-part-0720 chiron-part-0729 chiron-part-0730 chiron-part-0721 chiron-part-0731 chiron-part-0727 chiron-part-0728 chiron-part-0738 chiron-part-0737 chiron-part-0739 chiron-part-0740 chiron-part-0741 chiron-part-0743 chiron-part-0742 chiron-part-0744 chiron-part-0746 chiron-part-0745 chiron-part-0747 chiron-part-0748 chiron-part-0749 chiron-part-0751 chiron-part-0750 chiron-part-0752 chiron-part-0753 chiron-part-0754 chiron-part-0755 chiron-part-0756 chiron-part-0763 chiron-part-0757 chiron-part-0758 chiron-part-0759 chiron-part-0760 chiron-part-0761 chiron-part-0762 chiron-part-0764 chiron-part-0768 chiron-part-0765 chiron-part-0766 chiron-part-0767 chiron-part-0769 chiron-part-0770 chiron-part-0773 chiron-part-0774 chiron-part-0775 chiron-part-0776 chiron-part-0777 chiron-part-0778 chiron-part-0771 chiron-part-0772 chiron-part-0779 chiron-part-0780 chiron-part-0781 chiron-part-0782 chiron-part-0784 chiron-part-0783 chiron-part-0785 chiron-part-0786 chiron-part-0788 chiron-part-0787 chiron-part-0790 chiron-part-0791 chiron-part-0792 chiron-part-0794 chiron-part-0795 chiron-part-0793 chiron-part-0789 chiron-part-0797 chiron-part-0796 chiron-part-0800 chiron-part-0801 chiron-part-0802 chiron-part-0804 chiron-part-0798 chiron-part-0803 chiron-part-0799 chiron-part-0806 chiron-part-0805 chiron-part-0807 chiron-part-0810 chiron-part-0808 chiron-part-0809 chiron-part-0811 chiron-part-0812 chiron-part-0813 chiron-part-0814 chiron-part-0816 chiron-part-0818 chiron-part-0815 chiron-part-0817 chiron-part-0819 chiron-part-0823 chiron-part-0820 chiron-part-0821 chiron-part-0822 chiron-part-0824 chiron-part-0825 chiron-part-0826 chiron-part-0828 chiron-part-0827 chiron-part-0829 chiron-part-0830 chiron-part-0831 chiron-part-0832 chiron-part-0836 chiron-part-0834 chiron-part-0833 chiron-part-0835 chiron-part-0837 chiron-part-0840 chiron-part-0838 chiron-part-0839 chiron-part-0841 chiron-part-0842 chiron-part-0843 chiron-part-0844 chiron-part-0848 chiron-part-0847 chiron-part-0845 chiron-part-0846 chiron-part-3574 chiron-part-0849 chiron-part-0850 chiron-part-0851 chiron-part-0852 chiron-part-0856 chiron-part-0857 chiron-part-0858 chiron-part-0854 chiron-part-0855 chiron-part-0853 chiron-part-0861 chiron-part-0859 chiron-part-0860 chiron-part-0862 chiron-part-0863 chiron-part-0864 chiron-part-0865 chiron-part-0866 chiron-part-0867 chiron-part-0868 chiron-part-0869 chiron-part-0870 chiron-part-0871 chiron-part-0872 chiron-part-0874 chiron-part-0873 chiron-part-0877 chiron-part-0876 chiron-part-0875 chiron-part-0879 chiron-part-0880 chiron-part-0881 chiron-part-0882 chiron-part-0878 chiron-part-0883 chiron-part-0884 chiron-part-3578 chiron-part-0885 chiron-part-0886 chiron-part-0887 chiron-part-0888 chiron-part-0893 chiron-part-0896 chiron-part-0897 chiron-part-0894 chiron-part-0889 chiron-part-0890 chiron-part-0895 chiron-part-0891 chiron-part-0892 chiron-part-0900 chiron-part-0899 chiron-part-0898 chiron-part-0903 chiron-part-0901 chiron-part-0902 chiron-part-0904 chiron-part-0906 chiron-part-0907 chiron-part-0905 chiron-part-0909 chiron-part-0910 chiron-part-0911 chiron-part-0912 chiron-part-0921 chiron-part-0922 chiron-part-0923 chiron-part-0924 chiron-part-0908 chiron-part-0920 chiron-part-0913 chiron-part-0914 chiron-part-0925 chiron-part-0926 chiron-part-0915 chiron-part-0927 chiron-part-0916 chiron-part-0928 chiron-part-0918 chiron-part-0919 chiron-part-0930 chiron-part-0931 chiron-part-0917 chiron-part-0929 chiron-part-0937 chiron-part-0936 chiron-part-0934 chiron-part-0932 chiron-part-0933 chiron-part-0935 chiron-part-0938 chiron-part-0939 chiron-part-0943 chiron-part-0940 chiron-part-0941 chiron-part-0942 chiron-part-0944 chiron-part-0945 chiron-part-0946 chiron-part-0947 chiron-part-0948 chiron-part-0949 chiron-part-0951 chiron-part-0952 chiron-part-0950 chiron-part-0956 chiron-part-0957 chiron-part-0953 chiron-part-0954 chiron-part-0955 chiron-part-0958 chiron-part-0959 chiron-part-0960 chiron-part-0961 chiron-part-0962 chiron-part-0963 chiron-part-0964 chiron-part-0965 chiron-part-0968 chiron-part-0969 chiron-part-0966 chiron-part-0967 chiron-part-0970 chiron-part-0971 chiron-part-0972 chiron-part-0973 chiron-part-0976 chiron-part-0974 chiron-part-0975 chiron-part-0979 chiron-part-0977 chiron-part-0978 chiron-part-0980 chiron-part-0981 chiron-part-0984 chiron-part-0989 chiron-part-0982 chiron-part-0987 chiron-part-0983 chiron-part-0988 chiron-part-0986 chiron-part-0991 chiron-part-0985 chiron-part-0990 chiron-part-0992 chiron-part-0993 chiron-part-0996 chiron-part-0997 chiron-part-0998 chiron-part-0999 chiron-part-1000 chiron-part-1001 chiron-part-1003 chiron-part-1002 chiron-part-1004 chiron-part-1005 chiron-part-1006 chiron-part-1007 chiron-part-1008 chiron-part-1009 chiron-part-1010 chiron-part-1011 chiron-part-1012 chiron-part-1013 chiron-part-1014 chiron-part-1015 chiron-part-1016 chiron-part-1017 chiron-part-1020 chiron-part-1021 chiron-part-1018 chiron-part-1019 chiron-part-1022 chiron-part-1023 chiron-part-1024 chiron-part-0994 chiron-part-0995 chiron-part-1026 chiron-part-1028 chiron-part-1025 chiron-part-1027 chiron-part-1030 chiron-part-1031 chiron-part-1037 chiron-part-1038 chiron-part-1034 chiron-part-1041 chiron-part-1033 chiron-part-1040 chiron-part-1032 chiron-part-1039 chiron-part-1029 chiron-part-1036 chiron-part-1035 chiron-part-1042 chiron-part-1045 chiron-part-1046 chiron-part-1043 chiron-part-1044 chiron-part-1047 chiron-part-1048 chiron-part-1049 chiron-part-1050 chiron-part-1054 chiron-part-1059 chiron-part-1053 chiron-part-1058 chiron-part-1052 chiron-part-1057 chiron-part-1055 chiron-part-1060 chiron-part-1051 chiron-part-1056 chiron-part-1062 chiron-part-1065 chiron-part-1063 chiron-part-1066 chiron-part-1061 chiron-part-1064 chiron-part-1069 chiron-part-1071 chiron-part-1067 chiron-part-1068 chiron-part-1070 chiron-part-1072 chiron-part-1073 chiron-part-1074 chiron-part-1079 chiron-part-1080 chiron-part-1075 chiron-part-1076 chiron-part-1077 chiron-part-1078 chiron-part-1081 chiron-part-1082 chiron-part-1085 chiron-part-1086 chiron-part-1083 chiron-part-1084 chiron-part-1087 chiron-part-1088 chiron-part-1089 chiron-part-1090 chiron-part-1091 chiron-part-1092 chiron-part-1093 chiron-part-1094 chiron-part-1095 chiron-part-1096 chiron-part-1097 chiron-part-1100 chiron-part-1101 chiron-part-1098 chiron-part-1099 chiron-part-1104 chiron-part-1110 chiron-part-1105 chiron-part-1103 chiron-part-1109 chiron-part-1102 chiron-part-1108 chiron-part-1106 chiron-part-1111 chiron-part-1107 chiron-part-1112 chiron-part-1113 chiron-part-1114 chiron-part-1115 chiron-part-1116 chiron-part-1117 chiron-part-1118 chiron-part-1119 chiron-part-1120 chiron-part-1123 chiron-part-1124 chiron-part-1125 chiron-part-1126 chiron-part-3585 chiron-part-3586 chiron-part-1121 chiron-part-1122 chiron-part-1128 chiron-part-1127 chiron-part-1129 chiron-part-1130 chiron-part-1131 chiron-part-1132 chiron-part-1133 chiron-part-1134 chiron-part-1135 chiron-part-1136 chiron-part-1137 chiron-part-1138 chiron-part-1139 chiron-part-1140 chiron-part-1141 chiron-part-1142 chiron-part-1143 chiron-part-1144 chiron-part-1145 chiron-part-1146 chiron-part-1147 chiron-part-1148 chiron-part-1149 chiron-part-1152 chiron-part-1153 chiron-part-1151 chiron-part-1150 chiron-part-1154 chiron-part-1155 chiron-part-1157 chiron-part-1158 chiron-part-1156 chiron-part-1159 chiron-part-1160 chiron-part-1162 chiron-part-1161 chiron-part-3579 chiron-part-1163 chiron-part-1165 chiron-part-1166 chiron-part-1164 chiron-part-1167 chiron-part-1170 chiron-part-1171 chiron-part-1168 chiron-part-1169 chiron-part-1175 chiron-part-1179 chiron-part-1176 chiron-part-1180 chiron-part-1172 chiron-part-1173 chiron-part-1177 chiron-part-1181 chiron-part-1174 chiron-part-1178 chiron-part-1184 chiron-part-1187 chiron-part-1182 chiron-part-1185 chiron-part-1183 chiron-part-1186 chiron-part-1188 chiron-part-1189 chiron-part-1190 chiron-part-1191 chiron-part-1192 chiron-part-1193 chiron-part-1194 chiron-part-1195 chiron-part-1196 chiron-part-1197 chiron-part-1198 chiron-part-1199 chiron-part-1202 chiron-part-1203 chiron-part-1200 chiron-part-1201 chiron-part-1204 chiron-part-1206 chiron-part-1205 chiron-part-1209 chiron-part-1207 chiron-part-1208 chiron-part-1210 chiron-part-1211 chiron-part-1212 chiron-part-1214 chiron-part-1213 chiron-part-1220 chiron-part-1216 chiron-part-1218 chiron-part-1217 chiron-part-1215 chiron-part-1222 chiron-part-1219 chiron-part-1221 chiron-part-1223 chiron-part-1225 chiron-part-1224 chiron-part-1226 chiron-part-1227 chiron-part-1228 chiron-part-1229 chiron-part-1230 chiron-part-1231 chiron-part-1232 chiron-part-1233 chiron-part-1234 chiron-part-1235 chiron-part-1236 chiron-part-1237 chiron-part-1242 chiron-part-1243 chiron-part-1244 chiron-part-1238 chiron-part-1239 chiron-part-1240 chiron-part-1241 chiron-part-1247 chiron-part-1245 chiron-part-1246 chiron-part-1249 chiron-part-1250 chiron-part-1251 chiron-part-1248 chiron-part-1252 chiron-part-1255 chiron-part-1253 chiron-part-1254 chiron-part-1256 chiron-part-1257 chiron-part-1259 chiron-part-1258 chiron-part-1260 chiron-part-1261 chiron-part-1262 chiron-part-1263 chiron-part-1264 chiron-part-1265 chiron-part-1267 chiron-part-1266 chiron-part-1269 chiron-part-1268 chiron-part-1271 chiron-part-1272 chiron-part-1274 chiron-part-1275 chiron-part-1276 chiron-part-1273 chiron-part-1270 chiron-part-1277 chiron-part-1278 chiron-part-1281 chiron-part-1282 chiron-part-1279 chiron-part-1280 chiron-part-1284 chiron-part-1283 chiron-part-1286 chiron-part-1287 chiron-part-1285 chiron-part-1288 chiron-part-1289 chiron-part-1292 chiron-part-1295 chiron-part-1290 chiron-part-1293 chiron-part-1291 chiron-part-1294 chiron-part-1296 chiron-part-1302 chiron-part-1297 chiron-part-1298 chiron-part-1303 chiron-part-1304 chiron-part-1300 chiron-part-1306 chiron-part-1299 chiron-part-1301 chiron-part-1305 chiron-part-1307 chiron-part-1309 chiron-part-1310 chiron-part-1311 chiron-part-1312 chiron-part-1308 chiron-part-1313 chiron-part-1314 chiron-part-1315 chiron-part-1316 chiron-part-1319 chiron-part-1320 chiron-part-1321 chiron-part-1317 chiron-part-1318 chiron-part-1323 chiron-part-1322 chiron-part-1324 chiron-part-1325 chiron-part-1327 chiron-part-1328 chiron-part-1326 chiron-part-1330 chiron-part-1329 chiron-part-1332 chiron-part-1333 chiron-part-1334 chiron-part-1335 chiron-part-1331 chiron-part-1336 chiron-part-1337 chiron-part-1338 chiron-part-1339 chiron-part-1341 chiron-part-1342 chiron-part-1340 chiron-part-1343 chiron-part-1345 chiron-part-1346 chiron-part-1353 chiron-part-1354 chiron-part-1355 chiron-part-1356 chiron-part-1349 chiron-part-1350 chiron-part-1344 chiron-part-1357 chiron-part-1358 chiron-part-1351 chiron-part-1352 chiron-part-1347 chiron-part-1348 chiron-part-1362 chiron-part-1363 chiron-part-1359 chiron-part-1361 chiron-part-1360 chiron-part-1367 chiron-part-1368 chiron-part-1364 chiron-part-1366 chiron-part-1365 chiron-part-1370 chiron-part-1369 chiron-part-1371 chiron-part-1376 chiron-part-1375 chiron-part-1372 chiron-part-1373 chiron-part-1374 chiron-part-1379 chiron-part-1377 chiron-part-1378 chiron-part-1380 chiron-part-1381 chiron-part-1382 chiron-part-1383 chiron-part-1384 chiron-part-1385 chiron-part-1389 chiron-part-1387 chiron-part-1388 chiron-part-1386 chiron-part-1390 chiron-part-1391 chiron-part-1392 chiron-part-1393 chiron-part-1394 chiron-part-1395 chiron-part-1397 chiron-part-1396 chiron-part-1398 chiron-part-1400 chiron-part-1399 chiron-part-1402 chiron-part-1401 chiron-part-1404 chiron-part-1405 chiron-part-1408 chiron-part-1406 chiron-part-1407 chiron-part-1403 chiron-part-1409 chiron-part-1411 chiron-part-1410 chiron-part-1413 chiron-part-1414 chiron-part-1412 chiron-part-1417 chiron-part-1420 chiron-part-1416 chiron-part-1419 chiron-part-1415 chiron-part-1418 chiron-part-1425 chiron-part-1426 chiron-part-1423 chiron-part-1424 chiron-part-1421 chiron-part-1422 chiron-part-1428 chiron-part-1429 chiron-part-1427 chiron-part-1430 chiron-part-1431 chiron-part-1432 chiron-part-1434 chiron-part-1433 chiron-part-1435 chiron-part-1436 chiron-part-1437 chiron-part-1438 chiron-part-1439 chiron-part-1441 chiron-part-1442 chiron-part-1440 chiron-part-1443 chiron-part-1445 chiron-part-1444 chiron-part-1451 chiron-part-1447 chiron-part-1446 chiron-part-1448 chiron-part-1449 chiron-part-1450 chiron-part-1452 chiron-part-1453 chiron-part-1454 chiron-part-1455 chiron-part-1456 chiron-part-1457 chiron-part-1458 chiron-part-1459 chiron-part-1460 chiron-part-1461 chiron-part-1462 chiron-part-1463 chiron-part-1464 chiron-part-1469 chiron-part-1472 chiron-part-1473 chiron-part-1474 chiron-part-1475 chiron-part-1465 chiron-part-1466 chiron-part-1467 chiron-part-1468 chiron-part-1470 chiron-part-1471 chiron-part-1479 chiron-part-1480 chiron-part-1476 chiron-part-1477 chiron-part-1478 chiron-part-1481 chiron-part-1483 chiron-part-1484 chiron-part-1485 chiron-part-1486 chiron-part-1490 chiron-part-1487 chiron-part-1488 chiron-part-1489 chiron-part-1482 chiron-part-1493 chiron-part-1494 chiron-part-1495 chiron-part-1496 chiron-part-1499 chiron-part-1497 chiron-part-1498 chiron-part-1491 chiron-part-1492 chiron-part-1500 chiron-part-1501 chiron-part-1502 chiron-part-1503 chiron-part-1504 chiron-part-1505 chiron-part-1506 chiron-part-1507 chiron-part-1508 chiron-part-1513 chiron-part-1511 chiron-part-1512 chiron-part-1509 chiron-part-1510 chiron-part-1514 chiron-part-1515 chiron-part-1516 chiron-part-1517 chiron-part-1518 chiron-part-1519 chiron-part-1520 chiron-part-1521 chiron-part-1524 chiron-part-1522 chiron-part-1523 chiron-part-1525 chiron-part-1528 chiron-part-1527 chiron-part-1526 chiron-part-1529 chiron-part-1530 chiron-part-1531 chiron-part-1532 chiron-part-1533 chiron-part-1534 chiron-part-1542 chiron-part-1537 chiron-part-1541 chiron-part-1536 chiron-part-1539 chiron-part-1535 chiron-part-1540 chiron-part-1538 chiron-part-1544 chiron-part-1543 chiron-part-1546 chiron-part-1547 chiron-part-1545 chiron-part-1549 chiron-part-1548 chiron-part-1554 chiron-part-1550 chiron-part-1551 chiron-part-1552 chiron-part-1553 chiron-part-1561 chiron-part-1562 chiron-part-1555 chiron-part-1556 chiron-part-1557 chiron-part-1558 chiron-part-1559 chiron-part-1560 chiron-part-1563 chiron-part-1567 chiron-part-1564 chiron-part-1565 chiron-part-1568 chiron-part-1569 chiron-part-1566 chiron-part-1570 chiron-part-1571 chiron-part-1572 chiron-part-1573 chiron-part-1574 chiron-part-1577 chiron-part-1575 chiron-part-1576 chiron-part-1578 chiron-part-1581 chiron-part-1579 chiron-part-1580 chiron-part-1584 chiron-part-1587 chiron-part-3587 chiron-part-3588 chiron-part-3589 chiron-part-3590 chiron-part-1582 chiron-part-1583 chiron-part-1585 chiron-part-1586 chiron-part-1588 chiron-part-1589 chiron-part-1590 chiron-part-1591 chiron-part-1592 chiron-part-1599 chiron-part-1593 chiron-part-1594 chiron-part-1595 chiron-part-1596 chiron-part-1597 chiron-part-1598 chiron-part-1600 chiron-part-1601 chiron-part-1602 chiron-part-1603 chiron-part-1604 chiron-part-1605 chiron-part-1606 chiron-part-1613 chiron-part-3580 chiron-part-1610 chiron-part-1608 chiron-part-1609 chiron-part-1612 chiron-part-1611 chiron-part-1607 chiron-part-1615 chiron-part-1616 chiron-part-1617 chiron-part-1618 chiron-part-1619 chiron-part-1620 chiron-part-1621 chiron-part-1614 chiron-part-1622 chiron-part-1625 chiron-part-1626 chiron-part-1623 chiron-part-1624 chiron-part-1628 chiron-part-1629 chiron-part-1627 chiron-part-1631 chiron-part-1630 chiron-part-1632 chiron-part-1633 chiron-part-1634 chiron-part-1636 chiron-part-1635 chiron-part-1637 chiron-part-1638 chiron-part-1639 chiron-part-1640 chiron-part-1641 chiron-part-1642 chiron-part-1643 chiron-part-1644 chiron-part-1645 chiron-part-1652 chiron-part-1646 chiron-part-1647 chiron-part-1648 chiron-part-1649 chiron-part-1650 chiron-part-1651 chiron-part-1653 chiron-part-1654 chiron-part-1655 chiron-part-1656 chiron-part-1657 chiron-part-1658 chiron-part-1659 chiron-part-1666 chiron-part-3581 chiron-part-1663 chiron-part-1661 chiron-part-1662 chiron-part-1665 chiron-part-1664 chiron-part-1660 chiron-part-1668 chiron-part-1669 chiron-part-1670 chiron-part-1671 chiron-part-1672 chiron-part-1673 chiron-part-1674 chiron-part-1667 chiron-part-1675 chiron-part-1678 chiron-part-1679 chiron-part-1676 chiron-part-1677 chiron-part-1681 chiron-part-1682 chiron-part-1680 chiron-part-1684 chiron-part-1683 chiron-part-1685 chiron-part-1686 chiron-part-1687 chiron-part-1689 chiron-part-1688 chiron-part-1690 chiron-part-1691 chiron-part-1692 chiron-part-1693 chiron-part-1696 chiron-part-1700 chiron-part-1695 chiron-part-1699 chiron-part-1694 chiron-part-1697 chiron-part-1698 chiron-part-1701 chiron-part-1704 chiron-part-1705 chiron-part-1713 chiron-part-1714 chiron-part-1708 chiron-part-1717 chiron-part-1702 chiron-part-1706 chiron-part-1711 chiron-part-1715 chiron-part-1703 chiron-part-1707 chiron-part-1709 chiron-part-1710 chiron-part-1712 chiron-part-1716 chiron-part-1718 chiron-part-1723 chiron-part-1721 chiron-part-1726 chiron-part-1719 chiron-part-1724 chiron-part-1722 chiron-part-1727 chiron-part-1720 chiron-part-1725 chiron-part-1729 chiron-part-1728 chiron-part-1730 chiron-part-1731 chiron-part-1732 chiron-part-1733 chiron-part-1734 chiron-part-1735 chiron-part-1736 chiron-part-1738 chiron-part-1740 chiron-part-1742 chiron-part-1737 chiron-part-1739 chiron-part-1741 chiron-part-1743 chiron-part-1744 chiron-part-1745 chiron-part-1746 chiron-part-1747 chiron-part-3591 chiron-part-3592 chiron-part-1748 chiron-part-1749 chiron-part-1750 chiron-part-1751 chiron-part-1752 chiron-part-1753 chiron-part-1754 chiron-part-1755 chiron-part-1756 chiron-part-1757 chiron-part-1758 chiron-part-1764 chiron-part-1765 chiron-part-1763 chiron-part-1759 chiron-part-1760 chiron-part-1761 chiron-part-1762 chiron-part-1767 chiron-part-1766 chiron-part-1768 chiron-part-1769 chiron-part-1770 chiron-part-1771 chiron-part-1776 chiron-part-1781 chiron-part-1772 chiron-part-1773 chiron-part-1774 chiron-part-1775 chiron-part-1777 chiron-part-1778 chiron-part-1779 chiron-part-1780"
"480","chiron-480","6257444","8","7","7","6151062:1 4514553:6","chiron-part-1782 chiron-part-1783 chiron-part-1784 chiron-part-1785 chiron-part-1786 chiron-part-1787 chiron-part-1788","",""
"481","chiron-481","6257444","9","3","3","6151070:1 6209519:2","chiron-part-1791 chiron-part-1789 chiron-part-1790","",""
"482","chiron-482","6257444","9","3","3","6151077:3","chiron-part-1792 chiron-part-1793 chiron-part-1794","",""
"483","chiron-483","6257444","9","6","6","4121715:6","chiron-part-1795 chiron-part-1796 chiron-part-1797 chiron-part-1798 chiron-part-1799 chiron-part-1800","",""
"484","chiron-484","6257444","10","8","8","4173970:4 4206482:4","chiron-part-1801 chiron-part-1802 chiron-part-1803 chiron-part-1804 chiron-part-1805 chiron-part-1806 chiron-part-1807 chiron-part-1808","",""
"485","chiron-485","6257444","10","8","8","4121715:4 4225033:2 6007966:2","chiron-part-1811 chiron-part-1812 chiron-part-1815 chiron-part-1816 chiron-part-1809 chiron-part-1813 chiron-part-1810 chiron-part-1814","",""
"486","chiron-486","6257444","11","5","5","4206482:2 6218005:1 6007966:1 6174857:1","chiron-part-1818 chiron-part-1820 chiron-part-1819 chiron-part-1821 chiron-part-1817","",""
"487","chiron-487","6257444","12","5","5","4206482:2 6218007:1 6007966:1 6174854:1","chiron-part-1823 chiron-part-1825 chiron-part-1824 chiron-part-1826 chiron-part-1822","",""
"488","chiron-488","6257444","13","2","2","4552348:2","chiron-part-1827 chiron-part-1828","",""
"489","chiron-489","6257444","14","0","0","","","Turn the car over to the illustrated view","chiron-part-0002 chiron-part-0003 chiron-part-0001 chiron-part-0004 chiron-part-0005 chiron-part-0006 chiron-part-0011 chiron-part-0012 chiron-part-0009 chiron-part-0010 chiron-part-0007 chiron-part-0008 chiron-part-0013 chiron-part-0014 chiron-part-0015 chiron-part-0016 chiron-part-0017 chiron-part-0018 chiron-part-0019 chiron-part-0020 chiron-part-0021 chiron-part-0022 chiron-part-0024 chiron-part-0023 chiron-part-0026 chiron-part-0027 chiron-part-0025 chiron-part-0037 chiron-part-0034 chiron-part-0028 chiron-part-0035 chiron-part-0029 chiron-part-0036 chiron-part-0030 chiron-part-0031 chiron-part-0032 chiron-part-0033 chiron-part-0038 chiron-part-0045 chiron-part-0039 chiron-part-0046 chiron-part-0040 chiron-part-0047 chiron-part-0041 chiron-part-0042 chiron-part-0043 chiron-part-0044 chiron-part-0054 chiron-part-0061 chiron-part-0051 chiron-part-0058 chiron-part-0048 chiron-part-0049 chiron-part-0050 chiron-part-0052 chiron-part-0053 chiron-part-0055 chiron-part-0056 chiron-part-0057 chiron-part-0059 chiron-part-0060 chiron-part-0062 chiron-part-0065 chiron-part-0064 chiron-part-0067 chiron-part-0063 chiron-part-0066 chiron-part-0068 chiron-part-0070 chiron-part-0069 chiron-part-0071 chiron-part-0073 chiron-part-0072 chiron-part-0076 chiron-part-0077 chiron-part-0078 chiron-part-0079 chiron-part-0080 chiron-part-0074 chiron-part-0075 chiron-part-0085 chiron-part-0081 chiron-part-0084 chiron-part-0082 chiron-part-0083 chiron-part-0086 chiron-part-0087 chiron-part-0088 chiron-part-0089 chiron-part-0090 chiron-part-0091 chiron-part-0092 chiron-part-0093 chiron-part-0094 chiron-part-0102 chiron-part-0101 chiron-part-0095 chiron-part-0097 chiron-part-0098 chiron-part-0099 chiron-part-0100 chiron-part-0096 chiron-part-0103 chiron-part-0104 chiron-part-0105 chiron-part-0106 chiron-part-0107 chiron-part-0108 chiron-part-0109 chiron-part-0110 chiron-part-0111 chiron-part-0112 chiron-part-0113 chiron-part-0114 chiron-part-0116 chiron-part-0117 chiron-part-0115 chiron-part-0118 chiron-part-0119 chiron-part-0165 chiron-part-0120 chiron-part-0166 chiron-part-0122 chiron-part-0168 chiron-part-0121 chiron-part-0123 chiron-part-0167 chiron-part-0169 chiron-part-0124 chiron-part-0170 chiron-part-0125 chiron-part-0171 chiron-part-0127 chiron-part-0173 chiron-part-0126 chiron-part-0172 chiron-part-0131 chiron-part-0177 chiron-part-0130 chiron-part-0133 chiron-part-0176 chiron-part-0179 chiron-part-0132 chiron-part-0178 chiron-part-0128 chiron-part-0129 chiron-part-0174 chiron-part-0175 chiron-part-0136 chiron-part-0182 chiron-part-0137 chiron-part-0183 chiron-part-0135 chiron-part-0181 chiron-part-0138 chiron-part-0184 chiron-part-0134 chiron-part-0180 chiron-part-0140 chiron-part-0186 chiron-part-0142 chiron-part-0188 chiron-part-0143 chiron-part-0145 chiron-part-0189 chiron-part-0191 chiron-part-0146 chiron-part-0192 chiron-part-0144 chiron-part-0190 chiron-part-0141 chiron-part-0187 chiron-part-0139 chiron-part-0185 chiron-part-0147 chiron-part-0193 chiron-part-0150 chiron-part-0196 chiron-part-0148 chiron-part-0194 chiron-part-0149 chiron-part-0195 chiron-part-0153 chiron-part-0199 chiron-part-0154 chiron-part-0200 chiron-part-0152 chiron-part-0198 chiron-part-0151 chiron-part-0197 chiron-part-0155 chiron-part-0201 chiron-part-0159 chiron-part-0205 chiron-part-0160 chiron-part-0206 chiron-part-0157 chiron-part-0203 chiron-part-0158 chiron-part-0204 chiron-part-0156 chiron-part-0202 chiron-part-0161 chiron-part-0163 chiron-part-0207 chiron-part-0209 chiron-part-0162 chiron-part-0208 chiron-part-0164 chiron-part-0210 chiron-part-0211 chiron-part-0212 chiron-part-0213 chiron-part-0214 chiron-part-0215 chiron-part-0216 chiron-part-0217 chiron-part-0220 chiron-part-0218 chiron-part-0219 chiron-part-0221 chiron-part-0222 chiron-part-0223 chiron-part-0224 chiron-part-0229 chiron-part-0230 chiron-part-0225 chiron-part-0226 chiron-part-0227 chiron-part-0228 chiron-part-0231 chiron-part-0232 chiron-part-0233 chiron-part-0235 chiron-part-0236 chiron-part-0234 chiron-part-0238 chiron-part-0239 chiron-part-0240 chiron-part-0241 chiron-part-0242 chiron-part-0243 chiron-part-0246 chiron-part-0244 chiron-part-0237 chiron-part-0245 chiron-part-0249 chiron-part-0247 chiron-part-0248 chiron-part-0250 chiron-part-0251 chiron-part-0252 chiron-part-0253 chiron-part-0255 chiron-part-0256 chiron-part-0254 chiron-part-0259 chiron-part-0257 chiron-part-0258 chiron-part-0260 chiron-part-0261 chiron-part-0262 chiron-part-0263 chiron-part-0264 chiron-part-0265 chiron-part-0266 chiron-part-0267 chiron-part-0268 chiron-part-0271 chiron-part-0272 chiron-part-0275 chiron-part-0269 chiron-part-0273 chiron-part-0270 chiron-part-0274 chiron-part-0276 chiron-part-0280 chiron-part-0277 chiron-part-0281 chiron-part-0279 chiron-part-0283 chiron-part-0278 chiron-part-0282 chiron-part-0284 chiron-part-0285 chiron-part-0286 chiron-part-0287 chiron-part-0288 chiron-part-0289 chiron-part-0290 chiron-part-0291 chiron-part-0292 chiron-part-0293 chiron-part-0294 chiron-part-0295 chiron-part-0296 chiron-part-0297 chiron-part-0298 chiron-part-0301 chiron-part-0302 chiron-part-0300 chiron-part-0299 chiron-part-0303 chiron-part-0305 chiron-part-0304 chiron-part-0308 chiron-part-0307 chiron-part-0309 chiron-part-0306 chiron-part-0312 chiron-part-0310 chiron-part-0311 chiron-part-0320 chiron-part-0313 chiron-part-3577 chiron-part-0318 chiron-part-0317 chiron-part-0316 chiron-part-0315 chiron-part-0314 chiron-part-0319 chiron-part-0324 chiron-part-0323 chiron-part-0322 chiron-part-0321 chiron-part-0326 chiron-part-0327 chiron-part-0325 chiron-part-0328 chiron-part-0329 chiron-part-0330 chiron-part-0332 chiron-part-0331 chiron-part-0334 chiron-part-0333 chiron-part-0335 chiron-part-0337 chiron-part-0339 chiron-part-0338 chiron-part-0336 chiron-part-3570 chiron-part-0342 chiron-part-0341 chiron-part-0340 chiron-part-0343 chiron-part-0345 chiron-part-0344 chiron-part-0348 chiron-part-0347 chiron-part-0349 chiron-part-0350 chiron-part-0346 chiron-part-0351 chiron-part-0352 chiron-part-0354 chiron-part-0353 chiron-part-0355 chiron-part-0357 chiron-part-0356 chiron-part-0366 chiron-part-0361 chiron-part-0358 chiron-part-0365 chiron-part-0367 chiron-part-0359 chiron-part-0360 chiron-part-0363 chiron-part-0362 chiron-part-0364 chiron-part-0370 chiron-part-0368 chiron-part-0369 chiron-part-0373 chiron-part-0374 chiron-part-0375 chiron-part-0376 chiron-part-3572 chiron-part-0372 chiron-part-0371 chiron-part-0377 chiron-part-0378 chiron-part-0382 chiron-part-0381 chiron-part-0380 chiron-part-0379 chiron-part-0383 chiron-part-0384 chiron-part-0387 chiron-part-0385 chiron-part-0389 chiron-part-0386 chiron-part-0388 chiron-part-0390 chiron-part-0391 chiron-part-0392 chiron-part-0393 chiron-part-0394 chiron-part-0395 chiron-part-0396 chiron-part-0399 chiron-part-0398 chiron-part-0400 chiron-part-0397 chiron-part-0402 chiron-part-0401 chiron-part-0404 chiron-part-0403 chiron-part-0406 chiron-part-0407 chiron-part-0410 chiron-part-0409 chiron-part-0405 chiron-part-0408 chiron-part-0411 chiron-part-0412 chiron-part-0416 chiron-part-0414 chiron-part-0415 chiron-part-0419 chiron-part-0413 chiron-part-0422 chiron-part-0418 chiron-part-0417 chiron-part-0420 chiron-part-3571 chiron-part-0421 chiron-part-0423 chiron-part-0425 chiron-part-0426 chiron-part-0424 chiron-part-0427 chiron-part-0437 chiron-part-0431 chiron-part-0430 chiron-part-0432 chiron-part-0438 chiron-part-0428 chiron-part-0429 chiron-part-0436 chiron-part-0433 chiron-part-0434 chiron-part-0435 chiron-part-0439 chiron-part-0440 chiron-part-0441 chiron-part-0442 chiron-part-0443 chiron-part-0444 chiron-part-0445 chiron-part-0446 chiron-part-0447 chiron-part-0448 chiron-part-0449 chiron-part-0450 chiron-part-0451 chiron-part-0452 chiron-part-0455 chiron-part-0454 chiron-part-0453 chiron-part-0457 chiron-part-0456 chiron-part-0458 chiron-part-0459 chiron-part-0460 chiron-part-0465 chiron-part-0461 chiron-part-0462 chiron-part-0463 chiron-part-0464 chiron-part-0467 chiron-part-0468 chiron-part-0469 chiron-part-0470 chiron-part-0471 chiron-part-0472 chiron-part-0473 chiron-part-0477 chiron-part-0478 chiron-part-0479 chiron-part-0481 chiron-part-0482 chiron-part-0474 chiron-part-0475 chiron-part-0466 chiron-part-0480 chiron-part-0476 chiron-part-0483 chiron-part-0484 chiron-part-0485 chiron-part-0490 chiron-part-0489 chiron-part-0488 chiron-part-0487 chiron-part-0486 chiron-part-0492 chiron-part-0491 chiron-part-0493 chiron-part-0494 chiron-part-0495 chiron-part-0498 chiron-part-0497 chiron-part-0496 chiron-part-0499 chiron-part-0508 chiron-part-0506 chiron-part-0507 chiron-part-0501 chiron-part-0503 chiron-part-0500 chiron-part-0502 chiron-part-0504 chiron-part-0505 chiron-part-0509 chiron-part-0510 chiron-part-0511 chiron-part-0512 chiron-part-0513 chiron-part-0514 chiron-part-0517 chiron-part-0518 chiron-part-0515 chiron-part-0516 chiron-part-0519 chiron-part-0520 chiron-part-0522 chiron-part-0521 chiron-part-0525 chiron-part-0524 chiron-part-0523 chiron-part-0527 chiron-part-0526 chiron-part-0528 chiron-part-0531 chiron-part-0532 chiron-part-0533 chiron-part-0534 chiron-part-0530 chiron-part-0538 chiron-part-0537 chiron-part-0535 chiron-part-0536 chiron-part-0529 chiron-part-0539 chiron-part-0540 chiron-part-0545 chiron-part-0546 chiron-part-0541 chiron-part-0542 chiron-part-0543 chiron-part-0544 chiron-part-0547 chiron-part-0548 chiron-part-0549 chiron-part-0550 chiron-part-0552 chiron-part-0551 chiron-part-0554 chiron-part-0555 chiron-part-0553 chiron-part-0556 chiron-part-0561 chiron-part-0557 chiron-part-0558 chiron-part-0559 chiron-part-0560 chiron-part-0563 chiron-part-0564 chiron-part-0565 chiron-part-0562 chiron-part-0568 chiron-part-0569 chiron-part-0566 chiron-part-0567 chiron-part-0570 chiron-part-0572 chiron-part-0571 chiron-part-0578 chiron-part-0579 chiron-part-0577 chiron-part-0580 chiron-part-0581 chiron-part-0582 chiron-part-0583 chiron-part-0584 chiron-part-0585 chiron-part-0586 chiron-part-0574 chiron-part-0576 chiron-part-0573 chiron-part-0575 chiron-part-0588 chiron-part-0600 chiron-part-0592 chiron-part-0596 chiron-part-0603 chiron-part-0604 chiron-part-0605 chiron-part-0606 chiron-part-0607 chiron-part-0608 chiron-part-0609 chiron-part-0610 chiron-part-0591 chiron-part-0595 chiron-part-0597 chiron-part-0587 chiron-part-0589 chiron-part-0590 chiron-part-0593 chiron-part-0594 chiron-part-0598 chiron-part-0599 chiron-part-0601 chiron-part-0602 chiron-part-0612 chiron-part-0613 chiron-part-0614 chiron-part-0615 chiron-part-0617 chiron-part-0618 chiron-part-0611 chiron-part-0616 chiron-part-0619 chiron-part-0620 chiron-part-0621 chiron-part-0622 chiron-part-0623 chiron-part-0624 chiron-part-0625 chiron-part-0626 chiron-part-0627 chiron-part-0628 chiron-part-0629 chiron-part-0630 chiron-part-0631 chiron-part-0634 chiron-part-0632 chiron-part-0636 chiron-part-0633 chiron-part-0635 chiron-part-0637 chiron-part-0641 chiron-part-0639 chiron-part-0643 chiron-part-0640 chiron-part-0642 chiron-part-0638 chiron-part-0644 chiron-part-0645 chiron-part-0647 chiron-part-0648 chiron-part-0681 chiron-part-0682 chiron-part-0646 chiron-part-0680 chiron-part-0649 chiron-part-0651 chiron-part-0683 chiron-part-0685 chiron-part-0650 chiron-part-0684 chiron-part-0652 chiron-part-0654 chiron-part-0686 chiron-part-0688 chiron-part-0653 chiron-part-0687 chiron-part-0655 chiron-part-0689 chiron-part-0656 chiron-part-0657 chiron-part-0690 chiron-part-0691 chiron-part-0658 chiron-part-0692 chiron-part-0659 chiron-part-0660 chiron-part-0693 chiron-part-0694 chiron-part-0664 chiron-part-0667 chiron-part-0670 chiron-part-0673 chiron-part-0698 chiron-part-0701 chiron-part-0704 chiron-part-0707 chiron-part-0663 chiron-part-0674 chiron-part-0697 chiron-part-0708 chiron-part-0676 chiron-part-0677 chiron-part-0678 chiron-part-0679 chiron-part-0710 chiron-part-0711 chiron-part-0712 chiron-part-0713 chiron-part-0666 chiron-part-0671 chiron-part-0672 chiron-part-0700 chiron-part-0705 chiron-part-0706 chiron-part-0665 chiron-part-0668 chiron-part-0669 chiron-part-0699 chiron-part-0702 chiron-part-0703 chiron-part-0661 chiron-part-0695 chiron-part-0662 chiron-part-0696 chiron-part-0675 chiron-part-0709 chiron-part-0714 chiron-part-0715 chiron-part-0716 chiron-part-0717 chiron-part-0718 chiron-part-0722 chiron-part-0723 chiron-part-0732 chiron-part-0733 chiron-part-0726 chiron-part-0736 chiron-part-0724 chiron-part-0725 chiron-part-0734 chiron-part-0735 chiron-part-0719 chiron-part-0720 chiron-part-0729 chiron-part-0730 chiron-part-0721 chiron-part-0731 chiron-part-0727 chiron-part-0728 chiron-part-0738 chiron-part-0737 chiron-part-0739 chiron-part-0740 chiron-part-0741 chiron-part-0743 chiron-part-0742 chiron-part-0744 chiron-part-0746 chiron-part-0745 chiron-part-0747 chiron-part-0748 chiron-part-0749 chiron-part-0751 chiron-part-0750 chiron-part-0752 chiron-part-0753 chiron-part-0754 chiron-part-0755 chiron-part-0756 chiron-part-0763 chiron-part-0757 chiron-part-0758 chiron-part-0759 chiron-part-0760 chiron-part-0761 chiron-part-0762 chiron-part-0764 chiron-part-0768 chiron-part-0765 chiron-part-0766 chiron-part-0767 chiron-part-0769 chiron-part-0770 chiron-part-0773 chiron-part-0774 chiron-part-0775 chiron-part-0776 chiron-part-0777 chiron-part-0778 chiron-part-0771 chiron-part-0772 chiron-part-0779 chiron-part-0780 chiron-part-0781 chiron-part-0782 chiron-part-0784 chiron-part-0783 chiron-part-0785 chiron-part-0786 chiron-part-0788 chiron-part-0787 chiron-part-0790 chiron-part-0791 chiron-part-0792 chiron-part-0794 chiron-part-0795 chiron-part-0793 chiron-part-0789 chiron-part-0797 chiron-part-0796 chiron-part-0800 chiron-part-0801 chiron-part-0802 chiron-part-0804 chiron-part-0798 chiron-part-0803 chiron-part-0799 chiron-part-0806 chiron-part-0805 chiron-part-0807 chiron-part-0810 chiron-part-0808 chiron-part-0809 chiron-part-0811 chiron-part-0812 chiron-part-0813 chiron-part-0814 chiron-part-0816 chiron-part-0818 chiron-part-0815 chiron-part-0817 chiron-part-0819 chiron-part-0823 chiron-part-0820 chiron-part-0821 chiron-part-0822 chiron-part-0824 chiron-part-0825 chiron-part-0826 chiron-part-0828 chiron-part-0827 chiron-part-0829 chiron-part-0830 chiron-part-0831 chiron-part-0832 chiron-part-0836 chiron-part-0834 chiron-part-0833 chiron-part-0835 chiron-part-0837 chiron-part-0840 chiron-part-0838 chiron-part-0839 chiron-part-0841 chiron-part-0842 chiron-part-0843 chiron-part-0844 chiron-part-0848 chiron-part-0847 chiron-part-0845 chiron-part-0846 chiron-part-3574 chiron-part-0849 chiron-part-0850 chiron-part-0851 chiron-part-0852 chiron-part-0856 chiron-part-0857 chiron-part-0858 chiron-part-0854 chiron-part-0855 chiron-part-0853 chiron-part-0861 chiron-part-0859 chiron-part-0860 chiron-part-0862 chiron-part-0863 chiron-part-0864 chiron-part-0865 chiron-part-0866 chiron-part-0867 chiron-part-0868 chiron-part-0869 chiron-part-0870 chiron-part-0871 chiron-part-0872 chiron-part-0874 chiron-part-0873 chiron-part-0877 chiron-part-0876 chiron-part-0875 chiron-part-0879 chiron-part-0880 chiron-part-0881 chiron-part-0882 chiron-part-0878 chiron-part-0883 chiron-part-0884 chiron-part-3578 chiron-part-0885 chiron-part-0886 chiron-part-0887 chiron-part-0888 chiron-part-0893 chiron-part-0896 chiron-part-0897 chiron-part-0894 chiron-part-0889 chiron-part-0890 chiron-part-0895 chiron-part-0891 chiron-part-0892 chiron-part-0900 chiron-part-0899 chiron-part-0898 chiron-part-0903 chiron-part-0901 chiron-part-0902 chiron-part-0904 chiron-part-0906 chiron-part-0907 chiron-part-0905 chiron-part-0909 chiron-part-0910 chiron-part-0911 chiron-part-0912 chiron-part-0921 chiron-part-0922 chiron-part-0923 chiron-part-0924 chiron-part-0908 chiron-part-0920 chiron-part-0913 chiron-part-0914 chiron-part-0925 chiron-part-0926 chiron-part-0915 chiron-part-0927 chiron-part-0916 chiron-part-0928 chiron-part-0918 chiron-part-0919 chiron-part-0930 chiron-part-0931 chiron-part-0917 chiron-part-0929 chiron-part-0937 chiron-part-0936 chiron-part-0934 chiron-part-0932 chiron-part-0933 chiron-part-0935 chiron-part-0938 chiron-part-0939 chiron-part-0943 chiron-part-0940 chiron-part-0941 chiron-part-0942 chiron-part-0944 chiron-part-0945 chiron-part-0946 chiron-part-0947 chiron-part-0948 chiron-part-0949 chiron-part-0951 chiron-part-0952 chiron-part-0950 chiron-part-0956 chiron-part-0957 chiron-part-0953 chiron-part-0954 chiron-part-0955 chiron-part-0958 chiron-part-0959 chiron-part-0960 chiron-part-0961 chiron-part-0962 chiron-part-0963 chiron-part-0964 chiron-part-0965 chiron-part-0968 chiron-part-0969 chiron-part-0966 chiron-part-0967 chiron-part-0970 chiron-part-0971 chiron-part-0972 chiron-part-0973 chiron-part-0976 chiron-part-0974 chiron-part-0975 chiron-part-0979 chiron-part-0977 chiron-part-0978 chiron-part-0980 chiron-part-0981 chiron-part-0984 chiron-part-0989 chiron-part-0982 chiron-part-0987 chiron-part-0983 chiron-part-0988 chiron-part-0986 chiron-part-0991 chiron-part-0985 chiron-part-0990 chiron-part-0992 chiron-part-0993 chiron-part-0996 chiron-part-0997 chiron-part-0998 chiron-part-0999 chiron-part-1000 chiron-part-1001 chiron-part-1003 chiron-part-1002 chiron-part-1004 chiron-part-1005 chiron-part-1006 chiron-part-1007 chiron-part-1008 chiron-part-1009 chiron-part-1010 chiron-part-1011 chiron-part-1012 chiron-part-1013 chiron-part-1014 chiron-part-1015 chiron-part-1016 chiron-part-1017 chiron-part-1020 chiron-part-1021 chiron-part-1018 chiron-part-1019 chiron-part-1022 chiron-part-1023 chiron-part-1024 chiron-part-0994 chiron-part-0995 chiron-part-1026 chiron-part-1028 chiron-part-1025 chiron-part-1027 chiron-part-1030 chiron-part-1031 chiron-part-1037 chiron-part-1038 chiron-part-1034 chiron-part-1041 chiron-part-1033 chiron-part-1040 chiron-part-1032 chiron-part-1039 chiron-part-1029 chiron-part-1036 chiron-part-1035 chiron-part-1042 chiron-part-1045 chiron-part-1046 chiron-part-1043 chiron-part-1044 chiron-part-1047 chiron-part-1048 chiron-part-1049 chiron-part-1050 chiron-part-1054 chiron-part-1059 chiron-part-1053 chiron-part-1058 chiron-part-1052 chiron-part-1057 chiron-part-1055 chiron-part-1060 chiron-part-1051 chiron-part-1056 chiron-part-1062 chiron-part-1065 chiron-part-1063 chiron-part-1066 chiron-part-1061 chiron-part-1064 chiron-part-1069 chiron-part-1071 chiron-part-1067 chiron-part-1068 chiron-part-1070 chiron-part-1072 chiron-part-1073 chiron-part-1074 chiron-part-1079 chiron-part-1080 chiron-part-1075 chiron-part-1076 chiron-part-1077 chiron-part-1078 chiron-part-1081 chiron-part-1082 chiron-part-1085 chiron-part-1086 chiron-part-1083 chiron-part-1084 chiron-part-1087 chiron-part-1088 chiron-part-1089 chiron-part-1090 chiron-part-1091 chiron-part-1092 chiron-part-1093 chiron-part-1094 chiron-part-1095 chiron-part-1096 chiron-part-1097 chiron-part-1100 chiron-part-1101 chiron-part-1098 chiron-part-1099 chiron-part-1104 chiron-part-1110 chiron-part-1105 chiron-part-1103 chiron-part-1109 chiron-part-1102 chiron-part-1108 chiron-part-1106 chiron-part-1111 chiron-part-1107 chiron-part-1112 chiron-part-1113 chiron-part-1114 chiron-part-1115 chiron-part-1116 chiron-part-1117 chiron-part-1118 chiron-part-1119 chiron-part-1120 chiron-part-1123 chiron-part-1124 chiron-part-1125 chiron-part-1126 chiron-part-3585 chiron-part-3586 chiron-part-1121 chiron-part-1122 chiron-part-1128 chiron-part-1127 chiron-part-1129 chiron-part-1130 chiron-part-1131 chiron-part-1132 chiron-part-1133 chiron-part-1134 chiron-part-1135 chiron-part-1136 chiron-part-1137 chiron-part-1138 chiron-part-1139 chiron-part-1140 chiron-part-1141 chiron-part-1142 chiron-part-1143 chiron-part-1144 chiron-part-1145 chiron-part-1146 chiron-part-1147 chiron-part-1148 chiron-part-1149 chiron-part-1152 chiron-part-1153 chiron-part-1151 chiron-part-1150 chiron-part-1154 chiron-part-1155 chiron-part-1157 chiron-part-1158 chiron-part-1156 chiron-part-1159 chiron-part-1160 chiron-part-1162 chiron-part-1161 chiron-part-3579 chiron-part-1163 chiron-part-1165 chiron-part-1166 chiron-part-1164 chiron-part-1167 chiron-part-1170 chiron-part-1171 chiron-part-1168 chiron-part-1169 chiron-part-1175 chiron-part-1179 chiron-part-1176 chiron-part-1180 chiron-part-1172 chiron-part-1173 chiron-part-1177 chiron-part-1181 chiron-part-1174 chiron-part-1178 chiron-part-1184 chiron-part-1187 chiron-part-1182 chiron-part-1185 chiron-part-1183 chiron-part-1186 chiron-part-1188 chiron-part-1189 chiron-part-1190 chiron-part-1191 chiron-part-1192 chiron-part-1193 chiron-part-1194 chiron-part-1195 chiron-part-1196 chiron-part-1197 chiron-part-1198 chiron-part-1199 chiron-part-1202 chiron-part-1203 chiron-part-1200 chiron-part-1201 chiron-part-1204 chiron-part-1206 chiron-part-1205 chiron-part-1209 chiron-part-1207 chiron-part-1208 chiron-part-1210 chiron-part-1211 chiron-part-1212 chiron-part-1214 chiron-part-1213 chiron-part-1220 chiron-part-1216 chiron-part-1218 chiron-part-1217 chiron-part-1215 chiron-part-1222 chiron-part-1219 chiron-part-1221 chiron-part-1223 chiron-part-1225 chiron-part-1224 chiron-part-1226 chiron-part-1227 chiron-part-1228 chiron-part-1229 chiron-part-1230 chiron-part-1231 chiron-part-1232 chiron-part-1233 chiron-part-1234 chiron-part-1235 chiron-part-1236 chiron-part-1237 chiron-part-1242 chiron-part-1243 chiron-part-1244 chiron-part-1238 chiron-part-1239 chiron-part-1240 chiron-part-1241 chiron-part-1247 chiron-part-1245 chiron-part-1246 chiron-part-1249 chiron-part-1250 chiron-part-1251 chiron-part-1248 chiron-part-1252 chiron-part-1255 chiron-part-1253 chiron-part-1254 chiron-part-1256 chiron-part-1257 chiron-part-1259 chiron-part-1258 chiron-part-1260 chiron-part-1261 chiron-part-1262 chiron-part-1263 chiron-part-1264 chiron-part-1265 chiron-part-1267 chiron-part-1266 chiron-part-1269 chiron-part-1268 chiron-part-1271 chiron-part-1272 chiron-part-1274 chiron-part-1275 chiron-part-1276 chiron-part-1273 chiron-part-1270 chiron-part-1277 chiron-part-1278 chiron-part-1281 chiron-part-1282 chiron-part-1279 chiron-part-1280 chiron-part-1284 chiron-part-1283 chiron-part-1286 chiron-part-1287 chiron-part-1285 chiron-part-1288 chiron-part-1289 chiron-part-1292 chiron-part-1295 chiron-part-1290 chiron-part-1293 chiron-part-1291 chiron-part-1294 chiron-part-1296 chiron-part-1302 chiron-part-1297 chiron-part-1298 chiron-part-1303 chiron-part-1304 chiron-part-1300 chiron-part-1306 chiron-part-1299 chiron-part-1301 chiron-part-1305 chiron-part-1307 chiron-part-1309 chiron-part-1310 chiron-part-1311 chiron-part-1312 chiron-part-1308 chiron-part-1313 chiron-part-1314 chiron-part-1315 chiron-part-1316 chiron-part-1319 chiron-part-1320 chiron-part-1321 chiron-part-1317 chiron-part-1318 chiron-part-1323 chiron-part-1322 chiron-part-1324 chiron-part-1325 chiron-part-1327 chiron-part-1328 chiron-part-1326 chiron-part-1330 chiron-part-1329 chiron-part-1332 chiron-part-1333 chiron-part-1334 chiron-part-1335 chiron-part-1331 chiron-part-1336 chiron-part-1337 chiron-part-1338 chiron-part-1339 chiron-part-1341 chiron-part-1342 chiron-part-1340 chiron-part-1343 chiron-part-1345 chiron-part-1346 chiron-part-1353 chiron-part-1354 chiron-part-1355 chiron-part-1356 chiron-part-1349 chiron-part-1350 chiron-part-1344 chiron-part-1357 chiron-part-1358 chiron-part-1351 chiron-part-1352 chiron-part-1347 chiron-part-1348 chiron-part-1362 chiron-part-1363 chiron-part-1359 chiron-part-1361 chiron-part-1360 chiron-part-1367 chiron-part-1368 chiron-part-1364 chiron-part-1366 chiron-part-1365 chiron-part-1370 chiron-part-1369 chiron-part-1371 chiron-part-1376 chiron-part-1375 chiron-part-1372 chiron-part-1373 chiron-part-1374 chiron-part-1379 chiron-part-1377 chiron-part-1378 chiron-part-1380 chiron-part-1381 chiron-part-1382 chiron-part-1383 chiron-part-1384 chiron-part-1385 chiron-part-1389 chiron-part-1387 chiron-part-1388 chiron-part-1386 chiron-part-1390 chiron-part-1391 chiron-part-1392 chiron-part-1393 chiron-part-1394 chiron-part-1395 chiron-part-1397 chiron-part-1396 chiron-part-1398 chiron-part-1400 chiron-part-1399 chiron-part-1402 chiron-part-1401 chiron-part-1404 chiron-part-1405 chiron-part-1408 chiron-part-1406 chiron-part-1407 chiron-part-1403 chiron-part-1409 chiron-part-1411 chiron-part-1410 chiron-part-1413 chiron-part-1414 chiron-part-1412 chiron-part-1417 chiron-part-1420 chiron-part-1416 chiron-part-1419 chiron-part-1415 chiron-part-1418 chiron-part-1425 chiron-part-1426 chiron-part-1423 chiron-part-1424 chiron-part-1421 chiron-part-1422 chiron-part-1428 chiron-part-1429 chiron-part-1427 chiron-part-1430 chiron-part-1431 chiron-part-1432 chiron-part-1434 chiron-part-1433 chiron-part-1435 chiron-part-1436 chiron-part-1437 chiron-part-1438 chiron-part-1439 chiron-part-1441 chiron-part-1442 chiron-part-1440 chiron-part-1443 chiron-part-1445 chiron-part-1444 chiron-part-1451 chiron-part-1447 chiron-part-1446 chiron-part-1448 chiron-part-1449 chiron-part-1450 chiron-part-1452 chiron-part-1453 chiron-part-1454 chiron-part-1455 chiron-part-1456 chiron-part-1457 chiron-part-1458 chiron-part-1459 chiron-part-1460 chiron-part-1461 chiron-part-1462 chiron-part-1463 chiron-part-1464 chiron-part-1469 chiron-part-1472 chiron-part-1473 chiron-part-1474 chiron-part-1475 chiron-part-1465 chiron-part-1466 chiron-part-1467 chiron-part-1468 chiron-part-1470 chiron-part-1471 chiron-part-1479 chiron-part-1480 chiron-part-1476 chiron-part-1477 chiron-part-1478 chiron-part-1481 chiron-part-1483 chiron-part-1484 chiron-part-1485 chiron-part-1486 chiron-part-1490 chiron-part-1487 chiron-part-1488 chiron-part-1489 chiron-part-1482 chiron-part-1493 chiron-part-1494 chiron-part-1495 chiron-part-1496 chiron-part-1499 chiron-part-1497 chiron-part-1498 chiron-part-1491 chiron-part-1492 chiron-part-1500 chiron-part-1501 chiron-part-1502 chiron-part-1503 chiron-part-1504 chiron-part-1505 chiron-part-1506 chiron-part-1507 chiron-part-1508 chiron-part-1513 chiron-part-1511 chiron-part-1512 chiron-part-1509 chiron-part-1510 chiron-part-1514 chiron-part-1515 chiron-part-1516 chiron-part-1517 chiron-part-1518 chiron-part-1519 chiron-part-1520 chiron-part-1521 chiron-part-1524 chiron-part-1522 chiron-part-1523 chiron-part-1525 chiron-part-1528 chiron-part-1527 chiron-part-1526 chiron-part-1529 chiron-part-1530 chiron-part-1531 chiron-part-1532 chiron-part-1533 chiron-part-1534 chiron-part-1542 chiron-part-1537 chiron-part-1541 chiron-part-1536 chiron-part-1539 chiron-part-1535 chiron-part-1540 chiron-part-1538 chiron-part-1544 chiron-part-1543 chiron-part-1546 chiron-part-1547 chiron-part-1545 chiron-part-1549 chiron-part-1548 chiron-part-1554 chiron-part-1550 chiron-part-1551 chiron-part-1552 chiron-part-1553 chiron-part-1561 chiron-part-1562 chiron-part-1555 chiron-part-1556 chiron-part-1557 chiron-part-1558 chiron-part-1559 chiron-part-1560 chiron-part-1563 chiron-part-1567 chiron-part-1564 chiron-part-1565 chiron-part-1568 chiron-part-1569 chiron-part-1566 chiron-part-1570 chiron-part-1571 chiron-part-1572 chiron-part-1573 chiron-part-1574 chiron-part-1577 chiron-part-1575 chiron-part-1576 chiron-part-1578 chiron-part-1581 chiron-part-1579 chiron-part-1580 chiron-part-1584 chiron-part-1587 chiron-part-3587 chiron-part-3588 chiron-part-3589 chiron-part-3590 chiron-part-1582 chiron-part-1583 chiron-part-1585 chiron-part-1586 chiron-part-1588 chiron-part-1589 chiron-part-1590 chiron-part-1591 chiron-part-1592 chiron-part-1599 chiron-part-1593 chiron-part-1594 chiron-part-1595 chiron-part-1596 chiron-part-1597 chiron-part-1598 chiron-part-1600 chiron-part-1601 chiron-part-1602 chiron-part-1603 chiron-part-1604 chiron-part-1605 chiron-part-1606 chiron-part-1613 chiron-part-3580 chiron-part-1610 chiron-part-1608 chiron-part-1609 chiron-part-1612 chiron-part-1611 chiron-part-1607 chiron-part-1615 chiron-part-1616 chiron-part-1617 chiron-part-1618 chiron-part-1619 chiron-part-1620 chiron-part-1621 chiron-part-1614 chiron-part-1622 chiron-part-1625 chiron-part-1626 chiron-part-1623 chiron-part-1624 chiron-part-1628 chiron-part-1629 chiron-part-1627 chiron-part-1631 chiron-part-1630 chiron-part-1632 chiron-part-1633 chiron-part-1634 chiron-part-1636 chiron-part-1635 chiron-part-1637 chiron-part-1638 chiron-part-1639 chiron-part-1640 chiron-part-1641 chiron-part-1642 chiron-part-1643 chiron-part-1644 chiron-part-1645 chiron-part-1652 chiron-part-1646 chiron-part-1647 chiron-part-1648 chiron-part-1649 chiron-part-1650 chiron-part-1651 chiron-part-1653 chiron-part-1654 chiron-part-1655 chiron-part-1656 chiron-part-1657 chiron-part-1658 chiron-part-1659 chiron-part-1666 chiron-part-3581 chiron-part-1663 chiron-part-1661 chiron-part-1662 chiron-part-1665 chiron-part-1664 chiron-part-1660 chiron-part-1668 chiron-part-1669 chiron-part-1670 chiron-part-1671 chiron-part-1672 chiron-part-1673 chiron-part-1674 chiron-part-1667 chiron-part-1675 chiron-part-1678 chiron-part-1679 chiron-part-1676 chiron-part-1677 chiron-part-1681 chiron-part-1682 chiron-part-1680 chiron-part-1684 chiron-part-1683 chiron-part-1685 chiron-part-1686 chiron-part-1687 chiron-part-1689 chiron-part-1688 chiron-part-1690 chiron-part-1691 chiron-part-1692 chiron-part-1693 chiron-part-1696 chiron-part-1700 chiron-part-1695 chiron-part-1699 chiron-part-1694 chiron-part-1697 chiron-part-1698 chiron-part-1701 chiron-part-1704 chiron-part-1705 chiron-part-1713 chiron-part-1714 chiron-part-1708 chiron-part-1717 chiron-part-1702 chiron-part-1706 chiron-part-1711 chiron-part-1715 chiron-part-1703 chiron-part-1707 chiron-part-1709 chiron-part-1710 chiron-part-1712 chiron-part-1716 chiron-part-1718 chiron-part-1723 chiron-part-1721 chiron-part-1726 chiron-part-1719 chiron-part-1724 chiron-part-1722 chiron-part-1727 chiron-part-1720 chiron-part-1725 chiron-part-1729 chiron-part-1728 chiron-part-1730 chiron-part-1731 chiron-part-1732 chiron-part-1733 chiron-part-1734 chiron-part-1735 chiron-part-1736 chiron-part-1738 chiron-part-1740 chiron-part-1742 chiron-part-1737 chiron-part-1739 chiron-part-1741 chiron-part-1743 chiron-part-1744 chiron-part-1745 chiron-part-1746 chiron-part-1747 chiron-part-3591 chiron-part-3592 chiron-part-1748 chiron-part-1749 chiron-part-1750 chiron-part-1751 chiron-part-1752 chiron-part-1753 chiron-part-1754 chiron-part-1755 chiron-part-1756 chiron-part-1757 chiron-part-1758 chiron-part-1764 chiron-part-1765 chiron-part-1763 chiron-part-1759 chiron-part-1760 chiron-part-1761 chiron-part-1762 chiron-part-1767 chiron-part-1766 chiron-part-1768 chiron-part-1769 chiron-part-1770 chiron-part-1771 chiron-part-1776 chiron-part-1781 chiron-part-1772 chiron-part-1773 chiron-part-1774 chiron-part-1775 chiron-part-1777 chiron-part-1778 chiron-part-1779 chiron-part-1780 chiron-part-1782 chiron-part-1783 chiron-part-1784 chiron-part-1785 chiron-part-1786 chiron-part-1787 chiron-part-1788 chiron-part-1791 chiron-part-1789 chiron-part-1790 chiron-part-1792 chiron-part-1793 chiron-part-1794 chiron-part-1795 chiron-part-1796 chiron-part-1797 chiron-part-1798 chiron-part-1799 chiron-part-1800 chiron-part-1801 chiron-part-1802 chiron-part-1803 chiron-part-1804 chiron-part-1805 chiron-part-1806 chiron-part-1807 chiron-part-1808 chiron-part-1811 chiron-part-1812 chiron-part-1815 chiron-part-1816 chiron-part-1809 chiron-part-1813 chiron-part-1810 chiron-part-1814 chiron-part-1818 chiron-part-1820 chiron-part-1819 chiron-part-1821 chiron-part-1817 chiron-part-1823 chiron-part-1825 chiron-part-1824 chiron-part-1826 chiron-part-1822 chiron-part-1827 chiron-part-1828"
"490","chiron-490","6257444","15","2","2","4211865:2","chiron-part-1829 chiron-part-1830","",""
"491","chiron-491","6257444","16","1","1","4514553:1","chiron-part-1831","",""
"492","chiron-492","6257444","17 18","12","12","6209519:1 4211865:1 4211655:1 6217683:1 4121715:3 4206482:2 6218115:2 4514553:1","chiron-part-1835 chiron-part-1843 chiron-part-1838 chiron-part-1837 chiron-part-1834 chiron-part-1836 chiron-part-1839 chiron-part-1833 chiron-part-1840 chiron-part-1832 chiron-part-1841 chiron-part-1842","",""
"493","chiron-493","6257444","19","4","4","4495930:1 4121715:2 6135494:1","chiron-part-1847 chiron-part-1845 chiron-part-1846 chiron-part-1844","",""
"494","chiron-494","6257444","20","5","5","6217683:2 4121715:3","chiron-part-1848 chiron-part-1849 chiron-part-1850 chiron-part-1851 chiron-part-1852","",""
"495","chiron-495","6257444","21","5","5","4173970:2 4514553:3","chiron-part-1853 chiron-part-1854 chiron-part-1855 chiron-part-1856 chiron-part-1857","",""
"496","chiron-496","6257444","22","6","6","4121715:2 4173970:2 4514553:2","chiron-part-1858 chiron-part-1861 chiron-part-1860 chiron-part-1863 chiron-part-1859 chiron-part-1862","",""
"497","chiron-497","6257444","23 24","12","12","6209519:1 4211865:1 4211655:1 6217683:1 4121715:3 4206482:2 6218115:2 4514553:1","chiron-part-1868 chiron-part-1875 chiron-part-1870 chiron-part-1864 chiron-part-1867 chiron-part-1869 chiron-part-1871 chiron-part-1866 chiron-part-1872 chiron-part-1865 chiron-part-1873 chiron-part-1874","",""
"498","chiron-498","6257444","25","4","4","4495930:1 4121715:2 6135494:1","chiron-part-1879 chiron-part-1877 chiron-part-1878 chiron-part-1876","",""
"499","chiron-499","6257444","26","5","5","6217683:2 4121715:3","chiron-part-1880 chiron-part-1881 chiron-part-1882 chiron-part-1883 chiron-part-1884","",""
"500","chiron-500","6257444","27","3","3","4120017:1 4514553:2","chiron-part-1888 chiron-part-1886 chiron-part-1887","",""
"501","chiron-501","6257444","27","3","3","4514553:2 6055519:1","chiron-part-1889 chiron-part-1890 chiron-part-1885","",""
"502","chiron-502","6257444","27","4","4","4211639:1 4211483:1 4211622:1 4120017:1","chiron-part-1892 chiron-part-3573 chiron-part-1893 chiron-part-1891","",""
"503","chiron-503","6257444","27","1","1","4120017:1","chiron-part-1894","",""
"504","chiron-504","6257444","28","7","7","4563044:2 4211655:1 4519010:1 4211639:1 6130009:1 4211622:1","chiron-part-1897 chiron-part-1902 chiron-part-1898 chiron-part-1895 chiron-part-1899 chiron-part-1896 chiron-part-1900","",""
"505","chiron-505","6257444","28","1","1","4211655:1","chiron-part-1901","",""
"506","chiron-506","6257444","28","3","3","4519010:1 4563044:2","chiron-part-1905 chiron-part-1903 chiron-part-1904","",""
"507","chiron-507","6257444","29","8","8","6073231:2 6130007:2 4495930:2 4121715:2","chiron-part-1908 chiron-part-1911 chiron-part-1915 chiron-part-1923 chiron-part-1906 chiron-part-1909 chiron-part-1907 chiron-part-1910","",""
"508","chiron-508","6257444","29","12","12","4121715:4 4495930:2 4514553:2 4211655:4","chiron-part-1913 chiron-part-1916 chiron-part-1921 chiron-part-1924 chiron-part-1912 chiron-part-1920 chiron-part-1917 chiron-part-1925 chiron-part-1914 chiron-part-1918 chiron-part-1919 chiron-part-1922","",""
"509","chiron-509","6257444","30","3","3","6151062:1 4519010:2","chiron-part-1928 chiron-part-1926 chiron-part-1927","",""
"510","chiron-510","6257444","30","0","0","","","Turn the rear spoiler assembly over","chiron-part-1888 chiron-part-1886 chiron-part-1887 chiron-part-1889 chiron-part-1890 chiron-part-1885 chiron-part-1892 chiron-part-3573 chiron-part-1893 chiron-part-1891 chiron-part-1894 chiron-part-1897 chiron-part-1902 chiron-part-1898 chiron-part-1895 chiron-part-1899 chiron-part-1896 chiron-part-1900 chiron-part-1901 chiron-part-1905 chiron-part-1903 chiron-part-1904 chiron-part-1908 chiron-part-1911 chiron-part-1915 chiron-part-1923 chiron-part-1906 chiron-part-1909 chiron-part-1907 chiron-part-1910 chiron-part-1913 chiron-part-1916 chiron-part-1921 chiron-part-1924 chiron-part-1912 chiron-part-1920 chiron-part-1917 chiron-part-1925 chiron-part-1914 chiron-part-1918 chiron-part-1919 chiron-part-1922 chiron-part-1928 chiron-part-1926 chiron-part-1927"
"511","chiron-511","6257444","30","0","0","","","Attach the rear spoiler assembly","chiron-part-1888 chiron-part-1886 chiron-part-1887 chiron-part-1889 chiron-part-1890 chiron-part-1885 chiron-part-1892 chiron-part-3573 chiron-part-1893 chiron-part-1891 chiron-part-1894 chiron-part-1897 chiron-part-1902 chiron-part-1898 chiron-part-1895 chiron-part-1899 chiron-part-1896 chiron-part-1900 chiron-part-1901 chiron-part-1905 chiron-part-1903 chiron-part-1904 chiron-part-1908 chiron-part-1911 chiron-part-1915 chiron-part-1923 chiron-part-1906 chiron-part-1909 chiron-part-1907 chiron-part-1910 chiron-part-1913 chiron-part-1916 chiron-part-1921 chiron-part-1924 chiron-part-1912 chiron-part-1920 chiron-part-1917 chiron-part-1925 chiron-part-1914 chiron-part-1918 chiron-part-1919 chiron-part-1922 chiron-part-1928 chiron-part-1926 chiron-part-1927"
"512","chiron-512","6257444","31","3","3","6151077:1 4121715:2","chiron-part-1931 chiron-part-1929 chiron-part-1930","",""
"513","chiron-513","6257444","32","3","3","6217683:2 6130007:1","chiron-part-1933 chiron-part-1934 chiron-part-1932","",""
"514","chiron-514","6257444","33","6","6","4184169:1 4206482:1 6217683:1 4173970:1 4514553:2","chiron-part-1940 chiron-part-1935 chiron-part-1939 chiron-part-1936 chiron-part-1937 chiron-part-1938","",""
"515","chiron-515","6257444","34","3","3","4142135:1 4514553:2","chiron-part-1943 chiron-part-1941 chiron-part-1942","",""
"516","chiron-516","6257444","35","6","6","4184169:1 4206482:1 6217683:1 4173970:1 4514553:2","chiron-part-1950 chiron-part-1945 chiron-part-1949 chiron-part-1946 chiron-part-1947 chiron-part-1948","",""
"517","chiron-517","6257444","36","3","3","4142135:1 4514553:2","chiron-part-1944 chiron-part-1951 chiron-part-1952","",""
"518","chiron-518","6257444","37","9","9","4514553:2 4173970:2 6209519:2 6221073:1 4211655:1 4211629:1","chiron-part-1954 chiron-part-1955 chiron-part-1956 chiron-part-1957 chiron-part-1958 chiron-part-1959 chiron-part-1960 chiron-part-3575 chiron-part-1953","",""
"519","chiron-519","6257444","38","9","9","4514553:2 4173970:2 6209519:2 6221073:1 4211655:1 4211629:1","chiron-part-1963 chiron-part-1964 chiron-part-1965 chiron-part-1966 chiron-part-1967 chiron-part-1968 chiron-part-1961 chiron-part-3576 chiron-part-1962","",""
"520","chiron-520","6257444","39","7","7","6209519:2 6174854:1 6217682:1 4121715:2 6174857:1","chiron-part-1969 chiron-part-1970 chiron-part-1973 chiron-part-1971 chiron-part-1979 chiron-part-1980 chiron-part-1972","",""
"521","chiron-521","6257444","40","7","7","6209519:2 6174854:1 6217682:1 4121715:2 6174857:1","chiron-part-1974 chiron-part-1975 chiron-part-1977 chiron-part-1976 chiron-part-1981 chiron-part-1982 chiron-part-1978","",""
"522","chiron-522","6257444","41","2","2","6239904:2","chiron-part-1983 chiron-part-1984","",""
"523","chiron-523","6257444","42","4","4","4514553:2 6121485:2","chiron-part-1985 chiron-part-1986 chiron-part-1987 chiron-part-1988","",""
"524","chiron-524","6257444","43","2","2","6239904:2","chiron-part-1989 chiron-part-1990","",""
"525","chiron-525","6257444","44","5","5","6151062:1 4121715:2 4514553:2","chiron-part-1991 chiron-part-1992 chiron-part-1993 chiron-part-1994 chiron-part-1995","",""
"526","chiron-526","6257444","44","4","4","6151077:2 4121715:2","chiron-part-1996 chiron-part-1999 chiron-part-1997 chiron-part-1998","",""
"527","chiron-527","6257444","44","2","2","6174854:1 6174857:1","chiron-part-2000 chiron-part-2001","",""
"528","chiron-528","6257444","45","6","6","4514553:4 6209519:2","chiron-part-2002 chiron-part-2003 chiron-part-2006 chiron-part-2007 chiron-part-2004 chiron-part-2005","",""
"529","chiron-529","6257444","45","2","2","6217673:2","chiron-part-2008 chiron-part-2009","",""
"530","chiron-530","6257444","46","2","2","4206482:1 6233765:1","chiron-part-2010 chiron-part-2011","",""
"531","chiron-531","6257444","46","1","1","6151070:1","chiron-part-2012","",""
"532","chiron-532","6257444","47","19","19","6217683:2 6151077:2 6151070:1 4514553:4 6151062:1 4121715:6 4289538:2 4211483:1","chiron-part-2022 chiron-part-2023 chiron-part-2018 chiron-part-2019 chiron-part-2028 chiron-part-2014 chiron-part-2015 chiron-part-2016 chiron-part-2017 chiron-part-2013 chiron-part-2020 chiron-part-2021 chiron-part-2024 chiron-part-2025 chiron-part-2026 chiron-part-2027 chiron-part-2030 chiron-part-2031 chiron-part-2029","",""
"533","chiron-533","6257444","48","0","0","","","Join the upper rear frame sections","chiron-part-2022 chiron-part-2023 chiron-part-2018 chiron-part-2019 chiron-part-2028 chiron-part-2014 chiron-part-2015 chiron-part-2016 chiron-part-2017 chiron-part-2013 chiron-part-2020 chiron-part-2021 chiron-part-2024 chiron-part-2025 chiron-part-2026 chiron-part-2027 chiron-part-2030 chiron-part-2031 chiron-part-2029"
"534","chiron-534","6257444","49","10","10","4121715:8 4514553:2","chiron-part-2034 chiron-part-2035 chiron-part-2036 chiron-part-2037 chiron-part-2038 chiron-part-2039 chiron-part-2040 chiron-part-2041 chiron-part-2032 chiron-part-2033","",""
"535","chiron-535","6257444","49","10","10","4121715:4 4211655:2 4514553:2 6121485:2","chiron-part-2042 chiron-part-2043 chiron-part-2047 chiron-part-2048 chiron-part-2044 chiron-part-2049 chiron-part-2045 chiron-part-2050 chiron-part-2046 chiron-part-2051","",""
"536","chiron-536","6257444","50","0","0","","","Attach the upper rear frame to the car","chiron-part-1991 chiron-part-1992 chiron-part-1993 chiron-part-1994 chiron-part-1995 chiron-part-1996 chiron-part-1999 chiron-part-1997 chiron-part-1998 chiron-part-2000 chiron-part-2001 chiron-part-2002 chiron-part-2003 chiron-part-2006 chiron-part-2007 chiron-part-2004 chiron-part-2005 chiron-part-2008 chiron-part-2009 chiron-part-2010 chiron-part-2011 chiron-part-2012 chiron-part-2022 chiron-part-2023 chiron-part-2018 chiron-part-2019 chiron-part-2028 chiron-part-2014 chiron-part-2015 chiron-part-2016 chiron-part-2017 chiron-part-2013 chiron-part-2020 chiron-part-2021 chiron-part-2024 chiron-part-2025 chiron-part-2026 chiron-part-2027 chiron-part-2030 chiron-part-2031 chiron-part-2029 chiron-part-2034 chiron-part-2035 chiron-part-2036 chiron-part-2037 chiron-part-2038 chiron-part-2039 chiron-part-2040 chiron-part-2041 chiron-part-2032 chiron-part-2033 chiron-part-2042 chiron-part-2043 chiron-part-2047 chiron-part-2048 chiron-part-2044 chiron-part-2049 chiron-part-2045 chiron-part-2050 chiron-part-2046 chiron-part-2051"
"537","chiron-537","6257444","51","2","2","4552348:2","chiron-part-2052 chiron-part-2053","",""
"538","chiron-538","6257444","52","8","8","4121715:3 6073231:2 6151070:1 6007966:1 6233765:1","chiron-part-2060 chiron-part-2061 chiron-part-2063 chiron-part-2057 chiron-part-2058 chiron-part-2059 chiron-part-2062 chiron-part-2064","",""
"539","chiron-539","6257444","53","4","4","6225685:2 6209519:2","chiron-part-2054 chiron-part-2055 chiron-part-2056 chiron-part-2065","",""
"540","chiron-540","6257444","54","5","5","4121715:4 6151077:1","chiron-part-2067 chiron-part-2068 chiron-part-2069 chiron-part-2070 chiron-part-2066","",""
"541","chiron-541","6257444","54","2","2","6151070:1 4121715:1","chiron-part-2071 chiron-part-2072","",""
"542","chiron-542","6257444","54","3","3","6217690:1 4121715:2","chiron-part-2073 chiron-part-2074 chiron-part-2075","",""
"543","chiron-543","6257444","54","3","3","4514553:1 6089119:1 6233765:1","chiron-part-2076 chiron-part-2077 chiron-part-2078","",""
"544","chiron-544","6257444","55","8","8","6209519:1 4514553:1 6218115:1 6217673:1 4121715:4","chiron-part-2079 chiron-part-2081 chiron-part-2080 chiron-part-2084 chiron-part-2082 chiron-part-2083 chiron-part-2085 chiron-part-2086","",""
"545","chiron-545","6257444","55","4","4","4142865:1 4206482:1 4512363:1 6174854:1","chiron-part-2087 chiron-part-2089 chiron-part-2088 chiron-part-2090","",""
"546","chiron-546","6257444","56","1","1","6239904:1","chiron-part-2091","",""
"547","chiron-547","6257444","57","5","5","4121715:4 6151077:1","chiron-part-2093 chiron-part-2094 chiron-part-2095 chiron-part-2096 chiron-part-2092","",""
"548","chiron-548","6257444","57","2","2","6151070:1 4121715:1","chiron-part-2097 chiron-part-2098","",""
"549","chiron-549","6257444","57","3","3","6217690:1 4121715:2","chiron-part-2099 chiron-part-2100 chiron-part-2101","",""
"550","chiron-550","6257444","57","3","3","4514553:1 6089119:1 6233765:1","chiron-part-2102 chiron-part-2103 chiron-part-2104","",""
"551","chiron-551","6257444","58","8","8","6209519:1 4514553:1 6218115:1 6217673:1 4121715:4","chiron-part-2105 chiron-part-2107 chiron-part-2106 chiron-part-2110 chiron-part-2108 chiron-part-2109 chiron-part-2111 chiron-part-2112","",""
"552","chiron-552","6257444","58","4","4","4142865:1 4206482:1 4512363:1 6174857:1","chiron-part-2113 chiron-part-2115 chiron-part-2114 chiron-part-2116","",""
"553","chiron-553","6257444","59","1","1","6239904:1","chiron-part-2117","",""
"554","chiron-554","6257444","59","0","0","","","Attach the second rear wheel arch","chiron-part-2093 chiron-part-2094 chiron-part-2095 chiron-part-2096 chiron-part-2092 chiron-part-2097 chiron-part-2098 chiron-part-2099 chiron-part-2100 chiron-part-2101 chiron-part-2102 chiron-part-2103 chiron-part-2104 chiron-part-2105 chiron-part-2107 chiron-part-2106 chiron-part-2110 chiron-part-2108 chiron-part-2109 chiron-part-2111 chiron-part-2112 chiron-part-2113 chiron-part-2115 chiron-part-2114 chiron-part-2116 chiron-part-2117"
"555","chiron-555","6257444","60 61","9","9","6007966:1 4121715:3 6023036:1 4112282:2 4514553:2","chiron-part-2122 chiron-part-2119 chiron-part-2123 chiron-part-2125 chiron-part-2126 chiron-part-2118 chiron-part-2124 chiron-part-2120 chiron-part-2121","",""
"556","chiron-556","6257444","62","2","2","4514553:1 6217673:1","chiron-part-2128 chiron-part-2127","",""
"557","chiron-557","6257444","63","7","7","6080356:1 4514553:6","chiron-part-2129 chiron-part-2130 chiron-part-2131 chiron-part-2132 chiron-part-2133 chiron-part-2134 chiron-part-2135","",""
"558","chiron-558","6257444","63","2","2","4173970:2","chiron-part-2136 chiron-part-2137","",""
"559","chiron-559","6257444","63","6","6","4121715:2 4206482:1 6022761:1 6073231:1 4142135:1","chiron-part-2140 chiron-part-2141 chiron-part-2143 chiron-part-2142 chiron-part-2138 chiron-part-2139","",""
"560","chiron-560","6257444","64","6","6","4121715:2 4206482:1 6023036:1 6073231:1 4142135:1","chiron-part-2146 chiron-part-2147 chiron-part-2149 chiron-part-2148 chiron-part-2144 chiron-part-2145","",""
"561","chiron-561","6257444","64","2","2","4495935:2","chiron-part-2150 chiron-part-2151","",""
"562","chiron-562","6257444","64","2","2","4206482:1 4211775:1","chiron-part-2152 chiron-part-2153","",""
"563","chiron-563","6257444","65","8","8","4142865:1 4206482:2 4514553:1 6029206:2 6233765:1 4211713:1","chiron-part-2158 chiron-part-2155 chiron-part-2160 chiron-part-2161 chiron-part-2156 chiron-part-2157 chiron-part-2159 chiron-part-2154","",""
"564","chiron-564","6257444","65","2","2","6209519:1 6233765:1","chiron-part-2162 chiron-part-2163","",""
"565","chiron-565","6257444","65","2","2","4206482:1 4211775:1","chiron-part-2165 chiron-part-2164","",""
"566","chiron-566","6257444","66","8","8","4142865:1 4206482:2 4514553:1 6029206:2 6233765:1 4211713:1","chiron-part-2170 chiron-part-2167 chiron-part-2172 chiron-part-2173 chiron-part-2168 chiron-part-2169 chiron-part-2171 chiron-part-2166","",""
"567","chiron-567","6257444","66","2","2","6209519:1 6233765:1","chiron-part-2174 chiron-part-2175","",""
"568","chiron-568","6257444","67","0","0","","","Attach the lower rear frame","chiron-part-2129 chiron-part-2130 chiron-part-2131 chiron-part-2132 chiron-part-2133 chiron-part-2134 chiron-part-2135 chiron-part-2136 chiron-part-2137 chiron-part-2140 chiron-part-2141 chiron-part-2143 chiron-part-2142 chiron-part-2138 chiron-part-2139 chiron-part-2146 chiron-part-2147 chiron-part-2149 chiron-part-2148 chiron-part-2144 chiron-part-2145 chiron-part-2150 chiron-part-2151 chiron-part-2152 chiron-part-2153 chiron-part-2158 chiron-part-2155 chiron-part-2160 chiron-part-2161 chiron-part-2156 chiron-part-2157 chiron-part-2159 chiron-part-2154 chiron-part-2162 chiron-part-2163 chiron-part-2165 chiron-part-2164 chiron-part-2170 chiron-part-2167 chiron-part-2172 chiron-part-2173 chiron-part-2168 chiron-part-2169 chiron-part-2171 chiron-part-2166 chiron-part-2174 chiron-part-2175"
"569","chiron-569","6257444","68","2","2","6089119:2","chiron-part-2176 chiron-part-2177","",""
"570","chiron-570","6257444","69","1","1","6208345:1","chiron-part-2178","",""
"571","chiron-571","6257444","70","2","2","4514553:1 6217673:1","chiron-part-2180 chiron-part-2179","",""
"572","chiron-572","6257444","71 72","9","9","6007966:1 4121715:3 6022761:1 4112282:2 4514553:2","chiron-part-2185 chiron-part-2182 chiron-part-2186 chiron-part-2188 chiron-part-2189 chiron-part-2181 chiron-part-2187 chiron-part-2183 chiron-part-2184","",""
"573","chiron-573","6257444","73","2","2","4550190:1 6168634:1","chiron-part-2190 chiron-part-2191","",""
"574","chiron-574","6257444","73","2","2","362323:1 6168634:1","chiron-part-2193 chiron-part-2192","",""
"575","chiron-575","6257444","73","2","2","614101:2","chiron-part-2194 chiron-part-2195","",""
"576","chiron-576","6257444","73","1","1","6104805:1","chiron-part-2196","",""
"577","chiron-577","6257444","74","6","6","4121715:2 6016154:1 4211483:2 4514553:1","chiron-part-2201 chiron-part-2202 chiron-part-2199 chiron-part-2203 chiron-part-2204 chiron-part-2197","",""
"578","chiron-578","6257444","74","2","2","4514553:2","chiron-part-2198 chiron-part-2200","",""
"579","chiron-579","6257444","74","4","4","4495935:1 4142135:1 4121715:2","chiron-part-2205 chiron-part-2208 chiron-part-2206 chiron-part-2207","",""
"580","chiron-580","6257444","74","3","3","241226:1 6073231:1 6092585:1","chiron-part-2210 chiron-part-2209 chiron-part-2211","",""
"581","chiron-581","6257444","75","6","6","241226:6","chiron-part-2212 chiron-part-2213 chiron-part-2214 chiron-part-2215 chiron-part-2216 chiron-part-2217","",""
"582","chiron-582","6257444","75","2","2","4121715:1 4514553:1","chiron-part-2219 chiron-part-2218","",""
"583","chiron-583","6257444","75","2","2","4121715:1 4142135:1","chiron-part-2221 chiron-part-2220","",""
"584","chiron-584","6257444","75","8","8","4211483:4 6186675:4","chiron-part-2226 chiron-part-2227 chiron-part-2228 chiron-part-2229 chiron-part-2222 chiron-part-2223 chiron-part-2224 chiron-part-2225","",""
"585","chiron-585","6257444","75","0","0","","","Turn the first rear vent assembly upright","chiron-part-2190 chiron-part-2191 chiron-part-2193 chiron-part-2192 chiron-part-2194 chiron-part-2195 chiron-part-2196 chiron-part-2201 chiron-part-2202 chiron-part-2199 chiron-part-2203 chiron-part-2204 chiron-part-2197 chiron-part-2198 chiron-part-2200 chiron-part-2205 chiron-part-2208 chiron-part-2206 chiron-part-2207 chiron-part-2210 chiron-part-2209 chiron-part-2211 chiron-part-2212 chiron-part-2213 chiron-part-2214 chiron-part-2215 chiron-part-2216 chiron-part-2217 chiron-part-2219 chiron-part-2218 chiron-part-2221 chiron-part-2220 chiron-part-2226 chiron-part-2227 chiron-part-2228 chiron-part-2229 chiron-part-2222 chiron-part-2223 chiron-part-2224 chiron-part-2225"
"586","chiron-586","6257444","76","0","0","","","Attach the first rear vent assembly","chiron-part-2190 chiron-part-2191 chiron-part-2193 chiron-part-2192 chiron-part-2194 chiron-part-2195 chiron-part-2196 chiron-part-2201 chiron-part-2202 chiron-part-2199 chiron-part-2203 chiron-part-2204 chiron-part-2197 chiron-part-2198 chiron-part-2200 chiron-part-2205 chiron-part-2208 chiron-part-2206 chiron-part-2207 chiron-part-2210 chiron-part-2209 chiron-part-2211 chiron-part-2212 chiron-part-2213 chiron-part-2214 chiron-part-2215 chiron-part-2216 chiron-part-2217 chiron-part-2219 chiron-part-2218 chiron-part-2221 chiron-part-2220 chiron-part-2226 chiron-part-2227 chiron-part-2228 chiron-part-2229 chiron-part-2222 chiron-part-2223 chiron-part-2224 chiron-part-2225"
"587","chiron-587","6257444","77","2","2","4514553:1 4552348:1","chiron-part-2231 chiron-part-2230","",""
"588","chiron-588","6257444","78","2","2","4142865:1 4540065:1","chiron-part-2233 chiron-part-2234","",""
"589","chiron-589","6257444","78","1","1","4173970:1","chiron-part-2232","",""
"590","chiron-590","6257444","78","2","2","4121715:2","chiron-part-2235 chiron-part-2236","",""
"591","chiron-591","6257444","78","1","1","4142135:1","chiron-part-2237","",""
"592","chiron-592","6257444","78","2","2","4121715:1 4211865:1","chiron-part-2239 chiron-part-2238","",""
"593","chiron-593","6257444","78","2","2","6022761:1 6209519:1","chiron-part-2240 chiron-part-2241","",""
"594","chiron-594","6257444","79","2","2","6123815:1 6174849:1","chiron-part-2242 chiron-part-2243","",""
"595","chiron-595","6257444","79","4","4","4514553:2 6121485:2","chiron-part-2244 chiron-part-2247 chiron-part-2245 chiron-part-2246","",""
"596","chiron-596","6257444","79","0","0","","","Attach the first rear corner trim","chiron-part-2233 chiron-part-2234 chiron-part-2232 chiron-part-2235 chiron-part-2236 chiron-part-2237 chiron-part-2239 chiron-part-2238 chiron-part-2240 chiron-part-2241 chiron-part-2242 chiron-part-2243 chiron-part-2244 chiron-part-2247 chiron-part-2245 chiron-part-2246"
"597","chiron-597","6257444","80","0","0","","","Press the first rear corner connectors into place","chiron-part-2233 chiron-part-2234 chiron-part-2232 chiron-part-2235 chiron-part-2236 chiron-part-2237 chiron-part-2239 chiron-part-2238 chiron-part-2240 chiron-part-2241 chiron-part-2242 chiron-part-2243 chiron-part-2244 chiron-part-2247 chiron-part-2245 chiron-part-2246"
"598","chiron-598","6257444","81","2","2","4550190:1 6168634:1","chiron-part-2248 chiron-part-2249","",""
"599","chiron-599","6257444","81","2","2","362323:1 6168634:1","chiron-part-2251 chiron-part-2250","",""
"600","chiron-600","6257444","81","2","2","614101:2","chiron-part-2252 chiron-part-2253","",""
"601","chiron-601","6257444","81","1","1","6104805:1","chiron-part-2254","",""
"602","chiron-602","6257444","82","6","6","4121715:2 4211483:2 6016154:1 4514553:1","chiron-part-2259 chiron-part-2260 chiron-part-2261 chiron-part-2262 chiron-part-2257 chiron-part-2255","",""
"603","chiron-603","6257444","82","2","2","4514553:2","chiron-part-2256 chiron-part-2258","",""
"604","chiron-604","6257444","82","4","4","4495935:1 4142135:1 4121715:2","chiron-part-2263 chiron-part-2266 chiron-part-2264 chiron-part-2265","",""
"605","chiron-605","6257444","82","3","3","241226:1 6073231:1 6092585:1","chiron-part-2268 chiron-part-2267 chiron-part-2269","",""
"606","chiron-606","6257444","83","6","6","241226:6","chiron-part-2270 chiron-part-2271 chiron-part-2272 chiron-part-2273 chiron-part-2274 chiron-part-2275","",""
"607","chiron-607","6257444","83","2","2","4121715:1 4514553:1","chiron-part-2277 chiron-part-2276","",""
"608","chiron-608","6257444","83","2","2","4121715:1 4142135:1","chiron-part-2279 chiron-part-2278","",""
"609","chiron-609","6257444","83","8","8","4211483:4 6186675:4","chiron-part-2284 chiron-part-2285 chiron-part-2286 chiron-part-2287 chiron-part-2280 chiron-part-2281 chiron-part-2282 chiron-part-2283","",""
"610","chiron-610","6257444","83","0","0","","","Turn the second rear vent assembly upright","chiron-part-2248 chiron-part-2249 chiron-part-2251 chiron-part-2250 chiron-part-2252 chiron-part-2253 chiron-part-2254 chiron-part-2259 chiron-part-2260 chiron-part-2261 chiron-part-2262 chiron-part-2257 chiron-part-2255 chiron-part-2256 chiron-part-2258 chiron-part-2263 chiron-part-2266 chiron-part-2264 chiron-part-2265 chiron-part-2268 chiron-part-2267 chiron-part-2269 chiron-part-2270 chiron-part-2271 chiron-part-2272 chiron-part-2273 chiron-part-2274 chiron-part-2275 chiron-part-2277 chiron-part-2276 chiron-part-2279 chiron-part-2278 chiron-part-2284 chiron-part-2285 chiron-part-2286 chiron-part-2287 chiron-part-2280 chiron-part-2281 chiron-part-2282 chiron-part-2283"
"611","chiron-611","6257444","84","0","0","","","Attach the second rear vent assembly","chiron-part-2248 chiron-part-2249 chiron-part-2251 chiron-part-2250 chiron-part-2252 chiron-part-2253 chiron-part-2254 chiron-part-2259 chiron-part-2260 chiron-part-2261 chiron-part-2262 chiron-part-2257 chiron-part-2255 chiron-part-2256 chiron-part-2258 chiron-part-2263 chiron-part-2266 chiron-part-2264 chiron-part-2265 chiron-part-2268 chiron-part-2267 chiron-part-2269 chiron-part-2270 chiron-part-2271 chiron-part-2272 chiron-part-2273 chiron-part-2274 chiron-part-2275 chiron-part-2277 chiron-part-2276 chiron-part-2279 chiron-part-2278 chiron-part-2284 chiron-part-2285 chiron-part-2286 chiron-part-2287 chiron-part-2280 chiron-part-2281 chiron-part-2282 chiron-part-2283"
"612","chiron-612","6257444","85","2","2","4514553:1 4552348:1","chiron-part-2289 chiron-part-2288","",""
"613","chiron-613","6257444","86","2","2","4142865:1 4540065:1","chiron-part-2291 chiron-part-2292","",""
"614","chiron-614","6257444","86","1","1","4173970:1","chiron-part-2290","",""
"615","chiron-615","6257444","86","2","2","4121715:2","chiron-part-2293 chiron-part-2294","",""
"616","chiron-616","6257444","86","1","1","4142135:1","chiron-part-2295","",""
"617","chiron-617","6257444","86","2","2","4121715:1 4211865:1","chiron-part-2297 chiron-part-2296","",""
"618","chiron-618","6257444","86","2","2","6023036:1 6209519:1","chiron-part-2298 chiron-part-2299","",""
"619","chiron-619","6257444","87","2","2","6123815:1 6174849:1","chiron-part-2300 chiron-part-2301","",""
"620","chiron-620","6257444","87","4","4","4514553:2 6121485:2","chiron-part-2302 chiron-part-2305 chiron-part-2303 chiron-part-2304","",""
"621","chiron-621","6257444","87","0","0","","","Attach the second rear corner trim","chiron-part-2291 chiron-part-2292 chiron-part-2290 chiron-part-2293 chiron-part-2294 chiron-part-2295 chiron-part-2297 chiron-part-2296 chiron-part-2298 chiron-part-2299 chiron-part-2300 chiron-part-2301 chiron-part-2302 chiron-part-2305 chiron-part-2303 chiron-part-2304"
"622","chiron-622","6257444","88","0","0","","","Press the second rear corner connectors into place","chiron-part-2291 chiron-part-2292 chiron-part-2290 chiron-part-2293 chiron-part-2294 chiron-part-2295 chiron-part-2297 chiron-part-2296 chiron-part-2298 chiron-part-2299 chiron-part-2300 chiron-part-2301 chiron-part-2302 chiron-part-2305 chiron-part-2303 chiron-part-2304"
"623","chiron-623","6257444","89","4","4","4211865:4","chiron-part-2306 chiron-part-2307 chiron-part-2308 chiron-part-2309","",""
"624","chiron-624","6257444","90 91","10","10","4566249:1 4121715:6 4566251:1 4211374:1 6150082:1","chiron-part-2318 chiron-part-2311 chiron-part-2312 chiron-part-2314 chiron-part-2315 chiron-part-2316 chiron-part-2317 chiron-part-2319 chiron-part-2310 chiron-part-2313","",""
"625","chiron-625","6257444","92","0","0","","","Attach the rear center panel","chiron-part-2318 chiron-part-2311 chiron-part-2312 chiron-part-2314 chiron-part-2315 chiron-part-2316 chiron-part-2317 chiron-part-2319 chiron-part-2310 chiron-part-2313"
"626","chiron-626","6257444","93","4","4","6022750:2 6022752:2","chiron-part-2320 chiron-part-2323 chiron-part-2321 chiron-part-2322","",""
"627","chiron-627","6257444","94","8","8","4211398:1 4211489:2 6037667:2 6071229:2 4211356:1","chiron-part-2324 chiron-part-2330 chiron-part-2331 chiron-part-2326 chiron-part-2327 chiron-part-2328 chiron-part-2329 chiron-part-2325","",""
"628","chiron-628","6257444","95","6","6","4550017:4 6051333:2","chiron-part-2332 chiron-part-2333 chiron-part-2335 chiron-part-2336 chiron-part-2334 chiron-part-2337","",""
"629","chiron-629","6257444","96","1","1","6227560:1","chiron-part-2338","",""
"630","chiron-630","6257444","97","6","6","4529954:1 4502091:1 4528488:2 6214811:1 6214812:1","chiron-part-2339 chiron-part-2342 chiron-part-2340 chiron-part-2343 chiron-part-2344 chiron-part-2341","",""
"631","chiron-631","6257444","98","4","4","4211483:1 6217687:1 4514553:2","chiron-part-2346 chiron-part-2345 chiron-part-2347 chiron-part-2348","",""
"632","chiron-632","6257444","98","3","3","6151077:1 4514553:1 4121715:1","chiron-part-2350 chiron-part-2351 chiron-part-2349","",""
"633","chiron-633","6257444","98","1","1","6151070:1","chiron-part-2352","",""
"634","chiron-634","6257444","98","4","4","4121715:4","chiron-part-2353 chiron-part-2354 chiron-part-2355 chiron-part-2356","",""
"635","chiron-635","6257444","99","2","2","6151070:1 6151077:1","chiron-part-2358 chiron-part-2357","",""
"636","chiron-636","6257444","99","3","3","4121715:2 6217673:1","chiron-part-2359 chiron-part-2360 chiron-part-2361","",""
"637","chiron-637","6257444","100","3","3","4142135:1 4211483:1 4211865:1","chiron-part-2362 chiron-part-2364 chiron-part-2363","",""
"638","chiron-638","6257444","101","0","0","","","Attach the first outer side sill","chiron-part-2346 chiron-part-2345 chiron-part-2347 chiron-part-2348 chiron-part-2350 chiron-part-2351 chiron-part-2349 chiron-part-2352 chiron-part-2353 chiron-part-2354 chiron-part-2355 chiron-part-2356 chiron-part-2358 chiron-part-2357 chiron-part-2359 chiron-part-2360 chiron-part-2361 chiron-part-2362 chiron-part-2364 chiron-part-2363"
"639","chiron-639","6257444","102","5","5","4121715:2 4514553:1 6023036:1 6174854:1","chiron-part-2366 chiron-part-2369 chiron-part-2368 chiron-part-2370 chiron-part-2367","",""
"640","chiron-640","6257444","103","4","4","4211483:1 4514553:2 6217689:1","chiron-part-2372 chiron-part-2373 chiron-part-2374 chiron-part-2371","",""
"641","chiron-641","6257444","103","3","3","6151077:1 4514553:1 4121715:1","chiron-part-2376 chiron-part-2377 chiron-part-2375","",""
"642","chiron-642","6257444","103","1","1","6151070:1","chiron-part-2378","",""
"643","chiron-643","6257444","103","4","4","4121715:4","chiron-part-2379 chiron-part-2380 chiron-part-2381 chiron-part-2382","",""
"644","chiron-644","6257444","104","2","2","6151070:1 6151077:1","chiron-part-2384 chiron-part-2383","",""
"645","chiron-645","6257444","104","3","3","6217673:1 4121715:2","chiron-part-2387 chiron-part-2385 chiron-part-2386","",""
"646","chiron-646","6257444","105","3","3","4142135:1 4211483:1 4211865:1","chiron-part-2388 chiron-part-2390 chiron-part-2389","",""
"647","chiron-647","6257444","106","0","0","","","Attach the second outer side sill","chiron-part-2372 chiron-part-2373 chiron-part-2374 chiron-part-2371 chiron-part-2376 chiron-part-2377 chiron-part-2375 chiron-part-2378 chiron-part-2379 chiron-part-2380 chiron-part-2381 chiron-part-2382 chiron-part-2384 chiron-part-2383 chiron-part-2387 chiron-part-2385 chiron-part-2386 chiron-part-2388 chiron-part-2390 chiron-part-2389"
"648","chiron-648","6257444","107","5","5","4121715:2 4514553:1 6022761:1 6174857:1","chiron-part-2393 chiron-part-2396 chiron-part-2395 chiron-part-2392 chiron-part-2394","",""
"649","chiron-649","6257444","113","2","2","6133278:1 6133279:1","chiron-part-2397 chiron-part-2398","",""
"650","chiron-650","6257444","114","3","3","4514553:1 6121485:1 6133278:1","chiron-part-2399 chiron-part-2400 chiron-part-2401","",""
"651","chiron-651","6257444","115","4","4","6223319:1 4206482:1 4514553:2","chiron-part-2402 chiron-part-2405 chiron-part-2403 chiron-part-2404","",""
"652","chiron-652","6257444","115","3","3","4121715:1 4514553:1 6130002:1","chiron-part-2407 chiron-part-2406 chiron-part-2408","",""
"653","chiron-653","6257444","115","2","2","4211655:1 4211775:1","chiron-part-2409 chiron-part-2410","",""
"654","chiron-654","6257444","116","3","3","4142865:1 4211865:1 6209519:1","chiron-part-2413 chiron-part-2412 chiron-part-2411","",""
"655","chiron-655","6257444","116","5","5","4142865:1 4211741:2 4211775:1 6143033:1","chiron-part-2416 chiron-part-2414 chiron-part-2415 chiron-part-2417 chiron-part-2418","",""
"656","chiron-656","6257444","116","3","3","3200026:1 4211398:2","chiron-part-2419 chiron-part-2420 chiron-part-2421","",""
"657","chiron-657","6257444","117","3","3","4121715:1 4206482:1 6223319:1","chiron-part-2424 chiron-part-2423 chiron-part-2422","",""
"658","chiron-658","6257444","117","9","9","6121485:1 3200026:1 4121715:1 4211655:3 4514553:3","chiron-part-2433 chiron-part-2430 chiron-part-2432 chiron-part-2425 chiron-part-2427 chiron-part-2431 chiron-part-2426 chiron-part-2428 chiron-part-2429","",""
"659","chiron-659","6257444","118","6","6","4121715:2 4184169:2 4211651:2","chiron-part-2436 chiron-part-2437 chiron-part-2438 chiron-part-2439 chiron-part-2434 chiron-part-2435","",""
"660","chiron-660","6257444","118","2","2","6123815:1 6133279:1","chiron-part-2441 chiron-part-2440","",""
"661","chiron-661","6257444","118","3","3","6123815:1 4514553:1 6133278:1","chiron-part-2443 chiron-part-2442 chiron-part-2444","",""
"662","chiron-662","6257444","119","10","10","3200026:1 4121715:2 6101254:1 4514553:2 6093038:1 4211655:2 6132768:1","chiron-part-2449 chiron-part-2445 chiron-part-2451 chiron-part-2453 chiron-part-2447 chiron-part-2448 chiron-part-2454 chiron-part-2446 chiron-part-2450 chiron-part-2452","",""
"663","chiron-663","6257444","119","8","8","6093038:2 6101254:2 4267874:1 4626904:1 6015452:2","chiron-part-2459 chiron-part-2461 chiron-part-2458 chiron-part-2460 chiron-part-2471 chiron-part-2455 chiron-part-2456 chiron-part-2457","",""
"664","chiron-664","6257444","120","2","2","6123815:1 6133278:1","chiron-part-2464 chiron-part-2463","",""
"665","chiron-665","6257444","120","3","3","6123815:1 6133279:1 4514553:1","chiron-part-2466 chiron-part-2462 chiron-part-2465","",""
"666","chiron-666","6257444","120","4","4","4121715:2 4173970:1 6133279:1","chiron-part-2468 chiron-part-2469 chiron-part-2467 chiron-part-2470","",""
"667","chiron-667","6257444","121","0","0","","","Attach the first seat and press its connectors into place","chiron-part-2402 chiron-part-2405 chiron-part-2403 chiron-part-2404 chiron-part-2407 chiron-part-2406 chiron-part-2408 chiron-part-2409 chiron-part-2410 chiron-part-2413 chiron-part-2412 chiron-part-2411 chiron-part-2416 chiron-part-2414 chiron-part-2415 chiron-part-2417 chiron-part-2418 chiron-part-2419 chiron-part-2420 chiron-part-2421 chiron-part-2424 chiron-part-2423 chiron-part-2422 chiron-part-2433 chiron-part-2430 chiron-part-2432 chiron-part-2425 chiron-part-2427 chiron-part-2431 chiron-part-2426 chiron-part-2428 chiron-part-2429 chiron-part-2436 chiron-part-2437 chiron-part-2438 chiron-part-2439 chiron-part-2434 chiron-part-2435 chiron-part-2441 chiron-part-2440 chiron-part-2443 chiron-part-2442 chiron-part-2444 chiron-part-2449 chiron-part-2445 chiron-part-2451 chiron-part-2453 chiron-part-2447 chiron-part-2448 chiron-part-2454 chiron-part-2446 chiron-part-2450 chiron-part-2452 chiron-part-2459 chiron-part-2461 chiron-part-2458 chiron-part-2460 chiron-part-2471 chiron-part-2455 chiron-part-2456 chiron-part-2457 chiron-part-2464 chiron-part-2463 chiron-part-2466 chiron-part-2462 chiron-part-2465 chiron-part-2468 chiron-part-2469 chiron-part-2467 chiron-part-2470"
"668","chiron-668","6257444","122","7","7","6093038:2 6101254:2 6035540:1 6132768:1 6015452:1","chiron-part-2477 chiron-part-2478 chiron-part-2475 chiron-part-2476 chiron-part-2472 chiron-part-2474 chiron-part-2473","",""
"669","chiron-669","6257444","123","4","4","6223319:1 4206482:1 4514553:2","chiron-part-2479 chiron-part-2482 chiron-part-2480 chiron-part-2481","",""
"670","chiron-670","6257444","123","3","3","4121715:1 4514553:1 6130002:1","chiron-part-2484 chiron-part-2483 chiron-part-2485","",""
"671","chiron-671","6257444","123","2","2","4211655:1 4211775:1","chiron-part-2486 chiron-part-2487","",""
"672","chiron-672","6257444","124","5","5","4142865:1 4211741:2 4211775:1 6143033:1","chiron-part-2490 chiron-part-2491 chiron-part-2492 chiron-part-2494 chiron-part-2495","",""
"673","chiron-673","6257444","124","3","3","4142865:1 4211865:1 6209519:1","chiron-part-2493 chiron-part-2489 chiron-part-2488","",""
"674","chiron-674","6257444","124","3","3","3200026:1 4211398:2","chiron-part-2496 chiron-part-2497 chiron-part-2498","",""
"675","chiron-675","6257444","125","3","3","4121715:1 4206482:1 6223319:1","chiron-part-2501 chiron-part-2500 chiron-part-2499","",""
"676","chiron-676","6257444","125","9","9","6121485:1 3200026:1 4121715:1 4211655:3 4514553:3","chiron-part-2510 chiron-part-2507 chiron-part-2509 chiron-part-2502 chiron-part-2504 chiron-part-2508 chiron-part-2503 chiron-part-2505 chiron-part-2506","",""
"677","chiron-677","6257444","126","6","6","4121715:2 4184169:2 4211651:2","chiron-part-2513 chiron-part-2514 chiron-part-2515 chiron-part-2516 chiron-part-2511 chiron-part-2512","",""
"678","chiron-678","6257444","126","2","2","6123815:1 6133278:1","chiron-part-2518 chiron-part-2517","",""
"679","chiron-679","6257444","126","3","3","6123815:1 4514553:1 6133279:1","chiron-part-2520 chiron-part-2519 chiron-part-2521","",""
"680","chiron-680","6257444","127","10","10","3200026:1 4211655:2 4514553:2 6093038:1 6101254:1 6132768:1 4121715:2","chiron-part-2526 chiron-part-2523 chiron-part-2527 chiron-part-2524 chiron-part-2525 chiron-part-2531 chiron-part-2530 chiron-part-2529 chiron-part-2522 chiron-part-2528","",""
"681","chiron-681","6257444","127","8","8","6093038:2 6101254:2 4267874:1 4626904:1 6015452:2","chiron-part-2536 chiron-part-2538 chiron-part-2535 chiron-part-2537 chiron-part-2548 chiron-part-2532 chiron-part-2533 chiron-part-2534","",""
"682","chiron-682","6257444","128","2","2","6123815:1 6133279:1","chiron-part-2541 chiron-part-2540","",""
"683","chiron-683","6257444","128","3","3","4514553:1 6123815:1 6133278:1","chiron-part-2542 chiron-part-2543 chiron-part-2539","",""
"684","chiron-684","6257444","128","4","4","4121715:2 4173970:1 6133278:1","chiron-part-2545 chiron-part-2546 chiron-part-2544 chiron-part-2547","",""
"685","chiron-685","6257444","129","0","0","","","Attach the second seat and press its connectors into place","chiron-part-2479 chiron-part-2482 chiron-part-2480 chiron-part-2481 chiron-part-2484 chiron-part-2483 chiron-part-2485 chiron-part-2486 chiron-part-2487 chiron-part-2490 chiron-part-2491 chiron-part-2492 chiron-part-2494 chiron-part-2495 chiron-part-2493 chiron-part-2489 chiron-part-2488 chiron-part-2496 chiron-part-2497 chiron-part-2498 chiron-part-2501 chiron-part-2500 chiron-part-2499 chiron-part-2510 chiron-part-2507 chiron-part-2509 chiron-part-2502 chiron-part-2504 chiron-part-2508 chiron-part-2503 chiron-part-2505 chiron-part-2506 chiron-part-2513 chiron-part-2514 chiron-part-2515 chiron-part-2516 chiron-part-2511 chiron-part-2512 chiron-part-2518 chiron-part-2517 chiron-part-2520 chiron-part-2519 chiron-part-2521 chiron-part-2526 chiron-part-2523 chiron-part-2527 chiron-part-2524 chiron-part-2525 chiron-part-2531 chiron-part-2530 chiron-part-2529 chiron-part-2522 chiron-part-2528 chiron-part-2536 chiron-part-2538 chiron-part-2535 chiron-part-2537 chiron-part-2548 chiron-part-2532 chiron-part-2533 chiron-part-2534 chiron-part-2541 chiron-part-2540 chiron-part-2542 chiron-part-2543 chiron-part-2539 chiron-part-2545 chiron-part-2546 chiron-part-2544 chiron-part-2547"
"686","chiron-686","6257444","130","7","7","6093038:2 6101254:2 6035540:1 6132768:1 6015452:1","chiron-part-2549 chiron-part-2555 chiron-part-2553 chiron-part-2554 chiron-part-2550 chiron-part-2552 chiron-part-2551","",""
"687","chiron-687","6257444","131","0","0","","","Turn the car over to work on the underside","chiron-part-0002 chiron-part-0003 chiron-part-0001 chiron-part-0004 chiron-part-0005 chiron-part-0006 chiron-part-0011 chiron-part-0012 chiron-part-0009 chiron-part-0010 chiron-part-0007 chiron-part-0008 chiron-part-0013 chiron-part-0014 chiron-part-0015 chiron-part-0016 chiron-part-0017 chiron-part-0018 chiron-part-0019 chiron-part-0020 chiron-part-0021 chiron-part-0022 chiron-part-0024 chiron-part-0023 chiron-part-0026 chiron-part-0027 chiron-part-0025 chiron-part-0037 chiron-part-0034 chiron-part-0028 chiron-part-0035 chiron-part-0029 chiron-part-0036 chiron-part-0030 chiron-part-0031 chiron-part-0032 chiron-part-0033 chiron-part-0038 chiron-part-0045 chiron-part-0039 chiron-part-0046 chiron-part-0040 chiron-part-0047 chiron-part-0041 chiron-part-0042 chiron-part-0043 chiron-part-0044 chiron-part-0054 chiron-part-0061 chiron-part-0051 chiron-part-0058 chiron-part-0048 chiron-part-0049 chiron-part-0050 chiron-part-0052 chiron-part-0053 chiron-part-0055 chiron-part-0056 chiron-part-0057 chiron-part-0059 chiron-part-0060 chiron-part-0062 chiron-part-0065 chiron-part-0064 chiron-part-0067 chiron-part-0063 chiron-part-0066 chiron-part-0068 chiron-part-0070 chiron-part-0069 chiron-part-0071 chiron-part-0073 chiron-part-0072 chiron-part-0076 chiron-part-0077 chiron-part-0078 chiron-part-0079 chiron-part-0080 chiron-part-0074 chiron-part-0075 chiron-part-0085 chiron-part-0081 chiron-part-0084 chiron-part-0082 chiron-part-0083 chiron-part-0086 chiron-part-0087 chiron-part-0088 chiron-part-0089 chiron-part-0090 chiron-part-0091 chiron-part-0092 chiron-part-0093 chiron-part-0094 chiron-part-0102 chiron-part-0101 chiron-part-0095 chiron-part-0097 chiron-part-0098 chiron-part-0099 chiron-part-0100 chiron-part-0096 chiron-part-0103 chiron-part-0104 chiron-part-0105 chiron-part-0106 chiron-part-0107 chiron-part-0108 chiron-part-0109 chiron-part-0110 chiron-part-0111 chiron-part-0112 chiron-part-0113 chiron-part-0114 chiron-part-0116 chiron-part-0117 chiron-part-0115 chiron-part-0118 chiron-part-0119 chiron-part-0165 chiron-part-0120 chiron-part-0166 chiron-part-0122 chiron-part-0168 chiron-part-0121 chiron-part-0123 chiron-part-0167 chiron-part-0169 chiron-part-0124 chiron-part-0170 chiron-part-0125 chiron-part-0171 chiron-part-0127 chiron-part-0173 chiron-part-0126 chiron-part-0172 chiron-part-0131 chiron-part-0177 chiron-part-0130 chiron-part-0133 chiron-part-0176 chiron-part-0179 chiron-part-0132 chiron-part-0178 chiron-part-0128 chiron-part-0129 chiron-part-0174 chiron-part-0175 chiron-part-0136 chiron-part-0182 chiron-part-0137 chiron-part-0183 chiron-part-0135 chiron-part-0181 chiron-part-0138 chiron-part-0184 chiron-part-0134 chiron-part-0180 chiron-part-0140 chiron-part-0186 chiron-part-0142 chiron-part-0188 chiron-part-0143 chiron-part-0145 chiron-part-0189 chiron-part-0191 chiron-part-0146 chiron-part-0192 chiron-part-0144 chiron-part-0190 chiron-part-0141 chiron-part-0187 chiron-part-0139 chiron-part-0185 chiron-part-0147 chiron-part-0193 chiron-part-0150 chiron-part-0196 chiron-part-0148 chiron-part-0194 chiron-part-0149 chiron-part-0195 chiron-part-0153 chiron-part-0199 chiron-part-0154 chiron-part-0200 chiron-part-0152 chiron-part-0198 chiron-part-0151 chiron-part-0197 chiron-part-0155 chiron-part-0201 chiron-part-0159 chiron-part-0205 chiron-part-0160 chiron-part-0206 chiron-part-0157 chiron-part-0203 chiron-part-0158 chiron-part-0204 chiron-part-0156 chiron-part-0202 chiron-part-0161 chiron-part-0163 chiron-part-0207 chiron-part-0209 chiron-part-0162 chiron-part-0208 chiron-part-0164 chiron-part-0210 chiron-part-0211 chiron-part-0212 chiron-part-0213 chiron-part-0214 chiron-part-0215 chiron-part-0216 chiron-part-0217 chiron-part-0220 chiron-part-0218 chiron-part-0219 chiron-part-0221 chiron-part-0222 chiron-part-0223 chiron-part-0224 chiron-part-0229 chiron-part-0230 chiron-part-0225 chiron-part-0226 chiron-part-0227 chiron-part-0228 chiron-part-0231 chiron-part-0232 chiron-part-0233 chiron-part-0235 chiron-part-0236 chiron-part-0234 chiron-part-0238 chiron-part-0239 chiron-part-0240 chiron-part-0241 chiron-part-0242 chiron-part-0243 chiron-part-0246 chiron-part-0244 chiron-part-0237 chiron-part-0245 chiron-part-0249 chiron-part-0247 chiron-part-0248 chiron-part-0250 chiron-part-0251 chiron-part-0252 chiron-part-0253 chiron-part-0255 chiron-part-0256 chiron-part-0254 chiron-part-0259 chiron-part-0257 chiron-part-0258 chiron-part-0260 chiron-part-0261 chiron-part-0262 chiron-part-0263 chiron-part-0264 chiron-part-0265 chiron-part-0266 chiron-part-0267 chiron-part-0268 chiron-part-0271 chiron-part-0272 chiron-part-0275 chiron-part-0269 chiron-part-0273 chiron-part-0270 chiron-part-0274 chiron-part-0276 chiron-part-0280 chiron-part-0277 chiron-part-0281 chiron-part-0279 chiron-part-0283 chiron-part-0278 chiron-part-0282 chiron-part-0284 chiron-part-0285 chiron-part-0286 chiron-part-0287 chiron-part-0288 chiron-part-0289 chiron-part-0290 chiron-part-0291 chiron-part-0292 chiron-part-0293 chiron-part-0294 chiron-part-0295 chiron-part-0296 chiron-part-0297 chiron-part-0298 chiron-part-0301 chiron-part-0302 chiron-part-0300 chiron-part-0299 chiron-part-0303 chiron-part-0305 chiron-part-0304 chiron-part-0308 chiron-part-0307 chiron-part-0309 chiron-part-0306 chiron-part-0312 chiron-part-0310 chiron-part-0311 chiron-part-0320 chiron-part-0313 chiron-part-3577 chiron-part-0318 chiron-part-0317 chiron-part-0316 chiron-part-0315 chiron-part-0314 chiron-part-0319 chiron-part-0324 chiron-part-0323 chiron-part-0322 chiron-part-0321 chiron-part-0326 chiron-part-0327 chiron-part-0325 chiron-part-0328 chiron-part-0329 chiron-part-0330 chiron-part-0332 chiron-part-0331 chiron-part-0334 chiron-part-0333 chiron-part-0335 chiron-part-0337 chiron-part-0339 chiron-part-0338 chiron-part-0336 chiron-part-3570 chiron-part-0342 chiron-part-0341 chiron-part-0340 chiron-part-0343 chiron-part-0345 chiron-part-0344 chiron-part-0348 chiron-part-0347 chiron-part-0349 chiron-part-0350 chiron-part-0346 chiron-part-0351 chiron-part-0352 chiron-part-0354 chiron-part-0353 chiron-part-0355 chiron-part-0357 chiron-part-0356 chiron-part-0366 chiron-part-0361 chiron-part-0358 chiron-part-0365 chiron-part-0367 chiron-part-0359 chiron-part-0360 chiron-part-0363 chiron-part-0362 chiron-part-0364 chiron-part-0370 chiron-part-0368 chiron-part-0369 chiron-part-0373 chiron-part-0374 chiron-part-0375 chiron-part-0376 chiron-part-3572 chiron-part-0372 chiron-part-0371 chiron-part-0377 chiron-part-0378 chiron-part-0382 chiron-part-0381 chiron-part-0380 chiron-part-0379 chiron-part-0383 chiron-part-0384 chiron-part-0387 chiron-part-0385 chiron-part-0389 chiron-part-0386 chiron-part-0388 chiron-part-0390 chiron-part-0391 chiron-part-0392 chiron-part-0393 chiron-part-0394 chiron-part-0395 chiron-part-0396 chiron-part-0399 chiron-part-0398 chiron-part-0400 chiron-part-0397 chiron-part-0402 chiron-part-0401 chiron-part-0404 chiron-part-0403 chiron-part-0406 chiron-part-0407 chiron-part-0410 chiron-part-0409 chiron-part-0405 chiron-part-0408 chiron-part-0411 chiron-part-0412 chiron-part-0416 chiron-part-0414 chiron-part-0415 chiron-part-0419 chiron-part-0413 chiron-part-0422 chiron-part-0418 chiron-part-0417 chiron-part-0420 chiron-part-3571 chiron-part-0421 chiron-part-0423 chiron-part-0425 chiron-part-0426 chiron-part-0424 chiron-part-0427 chiron-part-0437 chiron-part-0431 chiron-part-0430 chiron-part-0432 chiron-part-0438 chiron-part-0428 chiron-part-0429 chiron-part-0436 chiron-part-0433 chiron-part-0434 chiron-part-0435 chiron-part-0439 chiron-part-0440 chiron-part-0441 chiron-part-0442 chiron-part-0443 chiron-part-0444 chiron-part-0445 chiron-part-0446 chiron-part-0447 chiron-part-0448 chiron-part-0449 chiron-part-0450 chiron-part-0451 chiron-part-0452 chiron-part-0455 chiron-part-0454 chiron-part-0453 chiron-part-0457 chiron-part-0456 chiron-part-0458 chiron-part-0459 chiron-part-0460 chiron-part-0465 chiron-part-0461 chiron-part-0462 chiron-part-0463 chiron-part-0464 chiron-part-0467 chiron-part-0468 chiron-part-0469 chiron-part-0470 chiron-part-0471 chiron-part-0472 chiron-part-0473 chiron-part-0477 chiron-part-0478 chiron-part-0479 chiron-part-0481 chiron-part-0482 chiron-part-0474 chiron-part-0475 chiron-part-0466 chiron-part-0480 chiron-part-0476 chiron-part-0483 chiron-part-0484 chiron-part-0485 chiron-part-0490 chiron-part-0489 chiron-part-0488 chiron-part-0487 chiron-part-0486 chiron-part-0492 chiron-part-0491 chiron-part-0493 chiron-part-0494 chiron-part-0495 chiron-part-0498 chiron-part-0497 chiron-part-0496 chiron-part-0499 chiron-part-0508 chiron-part-0506 chiron-part-0507 chiron-part-0501 chiron-part-0503 chiron-part-0500 chiron-part-0502 chiron-part-0504 chiron-part-0505 chiron-part-0509 chiron-part-0510 chiron-part-0511 chiron-part-0512 chiron-part-0513 chiron-part-0514 chiron-part-0517 chiron-part-0518 chiron-part-0515 chiron-part-0516 chiron-part-0519 chiron-part-0520 chiron-part-0522 chiron-part-0521 chiron-part-0525 chiron-part-0524 chiron-part-0523 chiron-part-0527 chiron-part-0526 chiron-part-0528 chiron-part-0531 chiron-part-0532 chiron-part-0533 chiron-part-0534 chiron-part-0530 chiron-part-0538 chiron-part-0537 chiron-part-0535 chiron-part-0536 chiron-part-0529 chiron-part-0539 chiron-part-0540 chiron-part-0545 chiron-part-0546 chiron-part-0541 chiron-part-0542 chiron-part-0543 chiron-part-0544 chiron-part-0547 chiron-part-0548 chiron-part-0549 chiron-part-0550 chiron-part-0552 chiron-part-0551 chiron-part-0554 chiron-part-0555 chiron-part-0553 chiron-part-0556 chiron-part-0561 chiron-part-0557 chiron-part-0558 chiron-part-0559 chiron-part-0560 chiron-part-0563 chiron-part-0564 chiron-part-0565 chiron-part-0562 chiron-part-0568 chiron-part-0569 chiron-part-0566 chiron-part-0567 chiron-part-0570 chiron-part-0572 chiron-part-0571 chiron-part-0578 chiron-part-0579 chiron-part-0577 chiron-part-0580 chiron-part-0581 chiron-part-0582 chiron-part-0583 chiron-part-0584 chiron-part-0585 chiron-part-0586 chiron-part-0574 chiron-part-0576 chiron-part-0573 chiron-part-0575 chiron-part-0588 chiron-part-0600 chiron-part-0592 chiron-part-0596 chiron-part-0603 chiron-part-0604 chiron-part-0605 chiron-part-0606 chiron-part-0607 chiron-part-0608 chiron-part-0609 chiron-part-0610 chiron-part-0591 chiron-part-0595 chiron-part-0597 chiron-part-0587 chiron-part-0589 chiron-part-0590 chiron-part-0593 chiron-part-0594 chiron-part-0598 chiron-part-0599 chiron-part-0601 chiron-part-0602 chiron-part-0612 chiron-part-0613 chiron-part-0614 chiron-part-0615 chiron-part-0617 chiron-part-0618 chiron-part-0611 chiron-part-0616 chiron-part-0619 chiron-part-0620 chiron-part-0621 chiron-part-0622 chiron-part-0623 chiron-part-0624 chiron-part-0625 chiron-part-0626 chiron-part-0627 chiron-part-0628 chiron-part-0629 chiron-part-0630 chiron-part-0631 chiron-part-0634 chiron-part-0632 chiron-part-0636 chiron-part-0633 chiron-part-0635 chiron-part-0637 chiron-part-0641 chiron-part-0639 chiron-part-0643 chiron-part-0640 chiron-part-0642 chiron-part-0638 chiron-part-0644 chiron-part-0645 chiron-part-0647 chiron-part-0648 chiron-part-0681 chiron-part-0682 chiron-part-0646 chiron-part-0680 chiron-part-0649 chiron-part-0651 chiron-part-0683 chiron-part-0685 chiron-part-0650 chiron-part-0684 chiron-part-0652 chiron-part-0654 chiron-part-0686 chiron-part-0688 chiron-part-0653 chiron-part-0687 chiron-part-0655 chiron-part-0689 chiron-part-0656 chiron-part-0657 chiron-part-0690 chiron-part-0691 chiron-part-0658 chiron-part-0692 chiron-part-0659 chiron-part-0660 chiron-part-0693 chiron-part-0694 chiron-part-0664 chiron-part-0667 chiron-part-0670 chiron-part-0673 chiron-part-0698 chiron-part-0701 chiron-part-0704 chiron-part-0707 chiron-part-0663 chiron-part-0674 chiron-part-0697 chiron-part-0708 chiron-part-0676 chiron-part-0677 chiron-part-0678 chiron-part-0679 chiron-part-0710 chiron-part-0711 chiron-part-0712 chiron-part-0713 chiron-part-0666 chiron-part-0671 chiron-part-0672 chiron-part-0700 chiron-part-0705 chiron-part-0706 chiron-part-0665 chiron-part-0668 chiron-part-0669 chiron-part-0699 chiron-part-0702 chiron-part-0703 chiron-part-0661 chiron-part-0695 chiron-part-0662 chiron-part-0696 chiron-part-0675 chiron-part-0709 chiron-part-0714 chiron-part-0715 chiron-part-0716 chiron-part-0717 chiron-part-0718 chiron-part-0722 chiron-part-0723 chiron-part-0732 chiron-part-0733 chiron-part-0726 chiron-part-0736 chiron-part-0724 chiron-part-0725 chiron-part-0734 chiron-part-0735 chiron-part-0719 chiron-part-0720 chiron-part-0729 chiron-part-0730 chiron-part-0721 chiron-part-0731 chiron-part-0727 chiron-part-0728 chiron-part-0738 chiron-part-0737 chiron-part-0739 chiron-part-0740 chiron-part-0741 chiron-part-0743 chiron-part-0742 chiron-part-0744 chiron-part-0746 chiron-part-0745 chiron-part-0747 chiron-part-0748 chiron-part-0749 chiron-part-0751 chiron-part-0750 chiron-part-0752 chiron-part-0753 chiron-part-0754 chiron-part-0755 chiron-part-0756 chiron-part-0763 chiron-part-0757 chiron-part-0758 chiron-part-0759 chiron-part-0760 chiron-part-0761 chiron-part-0762 chiron-part-0764 chiron-part-0768 chiron-part-0765 chiron-part-0766 chiron-part-0767 chiron-part-0769 chiron-part-0770 chiron-part-0773 chiron-part-0774 chiron-part-0775 chiron-part-0776 chiron-part-0777 chiron-part-0778 chiron-part-0771 chiron-part-0772 chiron-part-0779 chiron-part-0780 chiron-part-0781 chiron-part-0782 chiron-part-0784 chiron-part-0783 chiron-part-0785 chiron-part-0786 chiron-part-0788 chiron-part-0787 chiron-part-0790 chiron-part-0791 chiron-part-0792 chiron-part-0794 chiron-part-0795 chiron-part-0793 chiron-part-0789 chiron-part-0797 chiron-part-0796 chiron-part-0800 chiron-part-0801 chiron-part-0802 chiron-part-0804 chiron-part-0798 chiron-part-0803 chiron-part-0799 chiron-part-0806 chiron-part-0805 chiron-part-0807 chiron-part-0810 chiron-part-0808 chiron-part-0809 chiron-part-0811 chiron-part-0812 chiron-part-0813 chiron-part-0814 chiron-part-0816 chiron-part-0818 chiron-part-0815 chiron-part-0817 chiron-part-0819 chiron-part-0823 chiron-part-0820 chiron-part-0821 chiron-part-0822 chiron-part-0824 chiron-part-0825 chiron-part-0826 chiron-part-0828 chiron-part-0827 chiron-part-0829 chiron-part-0830 chiron-part-0831 chiron-part-0832 chiron-part-0836 chiron-part-0834 chiron-part-0833 chiron-part-0835 chiron-part-0837 chiron-part-0840 chiron-part-0838 chiron-part-0839 chiron-part-0841 chiron-part-0842 chiron-part-0843 chiron-part-0844 chiron-part-0848 chiron-part-0847 chiron-part-0845 chiron-part-0846 chiron-part-3574 chiron-part-0849 chiron-part-0850 chiron-part-0851 chiron-part-0852 chiron-part-0856 chiron-part-0857 chiron-part-0858 chiron-part-0854 chiron-part-0855 chiron-part-0853 chiron-part-0861 chiron-part-0859 chiron-part-0860 chiron-part-0862 chiron-part-0863 chiron-part-0864 chiron-part-0865 chiron-part-0866 chiron-part-0867 chiron-part-0868 chiron-part-0869 chiron-part-0870 chiron-part-0871 chiron-part-0872 chiron-part-0874 chiron-part-0873 chiron-part-0877 chiron-part-0876 chiron-part-0875 chiron-part-0879 chiron-part-0880 chiron-part-0881 chiron-part-0882 chiron-part-0878 chiron-part-0883 chiron-part-0884 chiron-part-3578 chiron-part-0885 chiron-part-0886 chiron-part-0887 chiron-part-0888 chiron-part-0893 chiron-part-0896 chiron-part-0897 chiron-part-0894 chiron-part-0889 chiron-part-0890 chiron-part-0895 chiron-part-0891 chiron-part-0892 chiron-part-0900 chiron-part-0899 chiron-part-0898 chiron-part-0903 chiron-part-0901 chiron-part-0902 chiron-part-0904 chiron-part-0906 chiron-part-0907 chiron-part-0905 chiron-part-0909 chiron-part-0910 chiron-part-0911 chiron-part-0912 chiron-part-0921 chiron-part-0922 chiron-part-0923 chiron-part-0924 chiron-part-0908 chiron-part-0920 chiron-part-0913 chiron-part-0914 chiron-part-0925 chiron-part-0926 chiron-part-0915 chiron-part-0927 chiron-part-0916 chiron-part-0928 chiron-part-0918 chiron-part-0919 chiron-part-0930 chiron-part-0931 chiron-part-0917 chiron-part-0929 chiron-part-0937 chiron-part-0936 chiron-part-0934 chiron-part-0932 chiron-part-0933 chiron-part-0935 chiron-part-0938 chiron-part-0939 chiron-part-0943 chiron-part-0940 chiron-part-0941 chiron-part-0942 chiron-part-0944 chiron-part-0945 chiron-part-0946 chiron-part-0947 chiron-part-0948 chiron-part-0949 chiron-part-0951 chiron-part-0952 chiron-part-0950 chiron-part-0956 chiron-part-0957 chiron-part-0953 chiron-part-0954 chiron-part-0955 chiron-part-0958 chiron-part-0959 chiron-part-0960 chiron-part-0961 chiron-part-0962 chiron-part-0963 chiron-part-0964 chiron-part-0965 chiron-part-0968 chiron-part-0969 chiron-part-0966 chiron-part-0967 chiron-part-0970 chiron-part-0971 chiron-part-0972 chiron-part-0973 chiron-part-0976 chiron-part-0974 chiron-part-0975 chiron-part-0979 chiron-part-0977 chiron-part-0978 chiron-part-0980 chiron-part-0981 chiron-part-0984 chiron-part-0989 chiron-part-0982 chiron-part-0987 chiron-part-0983 chiron-part-0988 chiron-part-0986 chiron-part-0991 chiron-part-0985 chiron-part-0990 chiron-part-0992 chiron-part-0993 chiron-part-0996 chiron-part-0997 chiron-part-0998 chiron-part-0999 chiron-part-1000 chiron-part-1001 chiron-part-1003 chiron-part-1002 chiron-part-1004 chiron-part-1005 chiron-part-1006 chiron-part-1007 chiron-part-1008 chiron-part-1009 chiron-part-1010 chiron-part-1011 chiron-part-1012 chiron-part-1013 chiron-part-1014 chiron-part-1015 chiron-part-1016 chiron-part-1017 chiron-part-1020 chiron-part-1021 chiron-part-1018 chiron-part-1019 chiron-part-1022 chiron-part-1023 chiron-part-1024 chiron-part-0994 chiron-part-0995 chiron-part-1026 chiron-part-1028 chiron-part-1025 chiron-part-1027 chiron-part-1030 chiron-part-1031 chiron-part-1037 chiron-part-1038 chiron-part-1034 chiron-part-1041 chiron-part-1033 chiron-part-1040 chiron-part-1032 chiron-part-1039 chiron-part-1029 chiron-part-1036 chiron-part-1035 chiron-part-1042 chiron-part-1045 chiron-part-1046 chiron-part-1043 chiron-part-1044 chiron-part-1047 chiron-part-1048 chiron-part-1049 chiron-part-1050 chiron-part-1054 chiron-part-1059 chiron-part-1053 chiron-part-1058 chiron-part-1052 chiron-part-1057 chiron-part-1055 chiron-part-1060 chiron-part-1051 chiron-part-1056 chiron-part-1062 chiron-part-1065 chiron-part-1063 chiron-part-1066 chiron-part-1061 chiron-part-1064 chiron-part-1069 chiron-part-1071 chiron-part-1067 chiron-part-1068 chiron-part-1070 chiron-part-1072 chiron-part-1073 chiron-part-1074 chiron-part-1079 chiron-part-1080 chiron-part-1075 chiron-part-1076 chiron-part-1077 chiron-part-1078 chiron-part-1081 chiron-part-1082 chiron-part-1085 chiron-part-1086 chiron-part-1083 chiron-part-1084 chiron-part-1087 chiron-part-1088 chiron-part-1089 chiron-part-1090 chiron-part-1091 chiron-part-1092 chiron-part-1093 chiron-part-1094 chiron-part-1095 chiron-part-1096 chiron-part-1097 chiron-part-1100 chiron-part-1101 chiron-part-1098 chiron-part-1099 chiron-part-1104 chiron-part-1110 chiron-part-1105 chiron-part-1103 chiron-part-1109 chiron-part-1102 chiron-part-1108 chiron-part-1106 chiron-part-1111 chiron-part-1107 chiron-part-1112 chiron-part-1113 chiron-part-1114 chiron-part-1115 chiron-part-1116 chiron-part-1117 chiron-part-1118 chiron-part-1119 chiron-part-1120 chiron-part-1123 chiron-part-1124 chiron-part-1125 chiron-part-1126 chiron-part-3585 chiron-part-3586 chiron-part-1121 chiron-part-1122 chiron-part-1128 chiron-part-1127 chiron-part-1129 chiron-part-1130 chiron-part-1131 chiron-part-1132 chiron-part-1133 chiron-part-1134 chiron-part-1135 chiron-part-1136 chiron-part-1137 chiron-part-1138 chiron-part-1139 chiron-part-1140 chiron-part-1141 chiron-part-1142 chiron-part-1143 chiron-part-1144 chiron-part-1145 chiron-part-1146 chiron-part-1147 chiron-part-1148 chiron-part-1149 chiron-part-1152 chiron-part-1153 chiron-part-1151 chiron-part-1150 chiron-part-1154 chiron-part-1155 chiron-part-1157 chiron-part-1158 chiron-part-1156 chiron-part-1159 chiron-part-1160 chiron-part-1162 chiron-part-1161 chiron-part-3579 chiron-part-1163 chiron-part-1165 chiron-part-1166 chiron-part-1164 chiron-part-1167 chiron-part-1170 chiron-part-1171 chiron-part-1168 chiron-part-1169 chiron-part-1175 chiron-part-1179 chiron-part-1176 chiron-part-1180 chiron-part-1172 chiron-part-1173 chiron-part-1177 chiron-part-1181 chiron-part-1174 chiron-part-1178 chiron-part-1184 chiron-part-1187 chiron-part-1182 chiron-part-1185 chiron-part-1183 chiron-part-1186 chiron-part-1188 chiron-part-1189 chiron-part-1190 chiron-part-1191 chiron-part-1192 chiron-part-1193 chiron-part-1194 chiron-part-1195 chiron-part-1196 chiron-part-1197 chiron-part-1198 chiron-part-1199 chiron-part-1202 chiron-part-1203 chiron-part-1200 chiron-part-1201 chiron-part-1204 chiron-part-1206 chiron-part-1205 chiron-part-1209 chiron-part-1207 chiron-part-1208 chiron-part-1210 chiron-part-1211 chiron-part-1212 chiron-part-1214 chiron-part-1213 chiron-part-1220 chiron-part-1216 chiron-part-1218 chiron-part-1217 chiron-part-1215 chiron-part-1222 chiron-part-1219 chiron-part-1221 chiron-part-1223 chiron-part-1225 chiron-part-1224 chiron-part-1226 chiron-part-1227 chiron-part-1228 chiron-part-1229 chiron-part-1230 chiron-part-1231 chiron-part-1232 chiron-part-1233 chiron-part-1234 chiron-part-1235 chiron-part-1236 chiron-part-1237 chiron-part-1242 chiron-part-1243 chiron-part-1244 chiron-part-1238 chiron-part-1239 chiron-part-1240 chiron-part-1241 chiron-part-1247 chiron-part-1245 chiron-part-1246 chiron-part-1249 chiron-part-1250 chiron-part-1251 chiron-part-1248 chiron-part-1252 chiron-part-1255 chiron-part-1253 chiron-part-1254 chiron-part-1256 chiron-part-1257 chiron-part-1259 chiron-part-1258 chiron-part-1260 chiron-part-1261 chiron-part-1262 chiron-part-1263 chiron-part-1264 chiron-part-1265 chiron-part-1267 chiron-part-1266 chiron-part-1269 chiron-part-1268 chiron-part-1271 chiron-part-1272 chiron-part-1274 chiron-part-1275 chiron-part-1276 chiron-part-1273 chiron-part-1270 chiron-part-1277 chiron-part-1278 chiron-part-1281 chiron-part-1282 chiron-part-1279 chiron-part-1280 chiron-part-1284 chiron-part-1283 chiron-part-1286 chiron-part-1287 chiron-part-1285 chiron-part-1288 chiron-part-1289 chiron-part-1292 chiron-part-1295 chiron-part-1290 chiron-part-1293 chiron-part-1291 chiron-part-1294 chiron-part-1296 chiron-part-1302 chiron-part-1297 chiron-part-1298 chiron-part-1303 chiron-part-1304 chiron-part-1300 chiron-part-1306 chiron-part-1299 chiron-part-1301 chiron-part-1305 chiron-part-1307 chiron-part-1309 chiron-part-1310 chiron-part-1311 chiron-part-1312 chiron-part-1308 chiron-part-1313 chiron-part-1314 chiron-part-1315 chiron-part-1316 chiron-part-1319 chiron-part-1320 chiron-part-1321 chiron-part-1317 chiron-part-1318 chiron-part-1323 chiron-part-1322 chiron-part-1324 chiron-part-1325 chiron-part-1327 chiron-part-1328 chiron-part-1326 chiron-part-1330 chiron-part-1329 chiron-part-1332 chiron-part-1333 chiron-part-1334 chiron-part-1335 chiron-part-1331 chiron-part-1336 chiron-part-1337 chiron-part-1338 chiron-part-1339 chiron-part-1341 chiron-part-1342 chiron-part-1340 chiron-part-1343 chiron-part-1345 chiron-part-1346 chiron-part-1353 chiron-part-1354 chiron-part-1355 chiron-part-1356 chiron-part-1349 chiron-part-1350 chiron-part-1344 chiron-part-1357 chiron-part-1358 chiron-part-1351 chiron-part-1352 chiron-part-1347 chiron-part-1348 chiron-part-1362 chiron-part-1363 chiron-part-1359 chiron-part-1361 chiron-part-1360 chiron-part-1367 chiron-part-1368 chiron-part-1364 chiron-part-1366 chiron-part-1365 chiron-part-1370 chiron-part-1369 chiron-part-1371 chiron-part-1376 chiron-part-1375 chiron-part-1372 chiron-part-1373 chiron-part-1374 chiron-part-1379 chiron-part-1377 chiron-part-1378 chiron-part-1380 chiron-part-1381 chiron-part-1382 chiron-part-1383 chiron-part-1384 chiron-part-1385 chiron-part-1389 chiron-part-1387 chiron-part-1388 chiron-part-1386 chiron-part-1390 chiron-part-1391 chiron-part-1392 chiron-part-1393 chiron-part-1394 chiron-part-1395 chiron-part-1397 chiron-part-1396 chiron-part-1398 chiron-part-1400 chiron-part-1399 chiron-part-1402 chiron-part-1401 chiron-part-1404 chiron-part-1405 chiron-part-1408 chiron-part-1406 chiron-part-1407 chiron-part-1403 chiron-part-1409 chiron-part-1411 chiron-part-1410 chiron-part-1413 chiron-part-1414 chiron-part-1412 chiron-part-1417 chiron-part-1420 chiron-part-1416 chiron-part-1419 chiron-part-1415 chiron-part-1418 chiron-part-1425 chiron-part-1426 chiron-part-1423 chiron-part-1424 chiron-part-1421 chiron-part-1422 chiron-part-1428 chiron-part-1429 chiron-part-1427 chiron-part-1430 chiron-part-1431 chiron-part-1432 chiron-part-1434 chiron-part-1433 chiron-part-1435 chiron-part-1436 chiron-part-1437 chiron-part-1438 chiron-part-1439 chiron-part-1441 chiron-part-1442 chiron-part-1440 chiron-part-1443 chiron-part-1445 chiron-part-1444 chiron-part-1451 chiron-part-1447 chiron-part-1446 chiron-part-1448 chiron-part-1449 chiron-part-1450 chiron-part-1452 chiron-part-1453 chiron-part-1454 chiron-part-1455 chiron-part-1456 chiron-part-1457 chiron-part-1458 chiron-part-1459 chiron-part-1460 chiron-part-1461 chiron-part-1462 chiron-part-1463 chiron-part-1464 chiron-part-1469 chiron-part-1472 chiron-part-1473 chiron-part-1474 chiron-part-1475 chiron-part-1465 chiron-part-1466 chiron-part-1467 chiron-part-1468 chiron-part-1470 chiron-part-1471 chiron-part-1479 chiron-part-1480 chiron-part-1476 chiron-part-1477 chiron-part-1478 chiron-part-1481 chiron-part-1483 chiron-part-1484 chiron-part-1485 chiron-part-1486 chiron-part-1490 chiron-part-1487 chiron-part-1488 chiron-part-1489 chiron-part-1482 chiron-part-1493 chiron-part-1494 chiron-part-1495 chiron-part-1496 chiron-part-1499 chiron-part-1497 chiron-part-1498 chiron-part-1491 chiron-part-1492 chiron-part-1500 chiron-part-1501 chiron-part-1502 chiron-part-1503 chiron-part-1504 chiron-part-1505 chiron-part-1506 chiron-part-1507 chiron-part-1508 chiron-part-1513 chiron-part-1511 chiron-part-1512 chiron-part-1509 chiron-part-1510 chiron-part-1514 chiron-part-1515 chiron-part-1516 chiron-part-1517 chiron-part-1518 chiron-part-1519 chiron-part-1520 chiron-part-1521 chiron-part-1524 chiron-part-1522 chiron-part-1523 chiron-part-1525 chiron-part-1528 chiron-part-1527 chiron-part-1526 chiron-part-1529 chiron-part-1530 chiron-part-1531 chiron-part-1532 chiron-part-1533 chiron-part-1534 chiron-part-1542 chiron-part-1537 chiron-part-1541 chiron-part-1536 chiron-part-1539 chiron-part-1535 chiron-part-1540 chiron-part-1538 chiron-part-1544 chiron-part-1543 chiron-part-1546 chiron-part-1547 chiron-part-1545 chiron-part-1549 chiron-part-1548 chiron-part-1554 chiron-part-1550 chiron-part-1551 chiron-part-1552 chiron-part-1553 chiron-part-1561 chiron-part-1562 chiron-part-1555 chiron-part-1556 chiron-part-1557 chiron-part-1558 chiron-part-1559 chiron-part-1560 chiron-part-1563 chiron-part-1567 chiron-part-1564 chiron-part-1565 chiron-part-1568 chiron-part-1569 chiron-part-1566 chiron-part-1570 chiron-part-1571 chiron-part-1572 chiron-part-1573 chiron-part-1574 chiron-part-1577 chiron-part-1575 chiron-part-1576 chiron-part-1578 chiron-part-1581 chiron-part-1579 chiron-part-1580 chiron-part-1584 chiron-part-1587 chiron-part-3587 chiron-part-3588 chiron-part-3589 chiron-part-3590 chiron-part-1582 chiron-part-1583 chiron-part-1585 chiron-part-1586 chiron-part-1588 chiron-part-1589 chiron-part-1590 chiron-part-1591 chiron-part-1592 chiron-part-1599 chiron-part-1593 chiron-part-1594 chiron-part-1595 chiron-part-1596 chiron-part-1597 chiron-part-1598 chiron-part-1600 chiron-part-1601 chiron-part-1602 chiron-part-1603 chiron-part-1604 chiron-part-1605 chiron-part-1606 chiron-part-1613 chiron-part-3580 chiron-part-1610 chiron-part-1608 chiron-part-1609 chiron-part-1612 chiron-part-1611 chiron-part-1607 chiron-part-1615 chiron-part-1616 chiron-part-1617 chiron-part-1618 chiron-part-1619 chiron-part-1620 chiron-part-1621 chiron-part-1614 chiron-part-1622 chiron-part-1625 chiron-part-1626 chiron-part-1623 chiron-part-1624 chiron-part-1628 chiron-part-1629 chiron-part-1627 chiron-part-1631 chiron-part-1630 chiron-part-1632 chiron-part-1633 chiron-part-1634 chiron-part-1636 chiron-part-1635 chiron-part-1637 chiron-part-1638 chiron-part-1639 chiron-part-1640 chiron-part-1641 chiron-part-1642 chiron-part-1643 chiron-part-1644 chiron-part-1645 chiron-part-1652 chiron-part-1646 chiron-part-1647 chiron-part-1648 chiron-part-1649 chiron-part-1650 chiron-part-1651 chiron-part-1653 chiron-part-1654 chiron-part-1655 chiron-part-1656 chiron-part-1657 chiron-part-1658 chiron-part-1659 chiron-part-1666 chiron-part-3581 chiron-part-1663 chiron-part-1661 chiron-part-1662 chiron-part-1665 chiron-part-1664 chiron-part-1660 chiron-part-1668 chiron-part-1669 chiron-part-1670 chiron-part-1671 chiron-part-1672 chiron-part-1673 chiron-part-1674 chiron-part-1667 chiron-part-1675 chiron-part-1678 chiron-part-1679 chiron-part-1676 chiron-part-1677 chiron-part-1681 chiron-part-1682 chiron-part-1680 chiron-part-1684 chiron-part-1683 chiron-part-1685 chiron-part-1686 chiron-part-1687 chiron-part-1689 chiron-part-1688 chiron-part-1690 chiron-part-1691 chiron-part-1692 chiron-part-1693 chiron-part-1696 chiron-part-1700 chiron-part-1695 chiron-part-1699 chiron-part-1694 chiron-part-1697 chiron-part-1698 chiron-part-1701 chiron-part-1704 chiron-part-1705 chiron-part-1713 chiron-part-1714 chiron-part-1708 chiron-part-1717 chiron-part-1702 chiron-part-1706 chiron-part-1711 chiron-part-1715 chiron-part-1703 chiron-part-1707 chiron-part-1709 chiron-part-1710 chiron-part-1712 chiron-part-1716 chiron-part-1718 chiron-part-1723 chiron-part-1721 chiron-part-1726 chiron-part-1719 chiron-part-1724 chiron-part-1722 chiron-part-1727 chiron-part-1720 chiron-part-1725 chiron-part-1729 chiron-part-1728 chiron-part-1730 chiron-part-1731 chiron-part-1732 chiron-part-1733 chiron-part-1734 chiron-part-1735 chiron-part-1736 chiron-part-1738 chiron-part-1740 chiron-part-1742 chiron-part-1737 chiron-part-1739 chiron-part-1741 chiron-part-1743 chiron-part-1744 chiron-part-1745 chiron-part-1746 chiron-part-1747 chiron-part-3591 chiron-part-3592 chiron-part-1748 chiron-part-1749 chiron-part-1750 chiron-part-1751 chiron-part-1752 chiron-part-1753 chiron-part-1754 chiron-part-1755 chiron-part-1756 chiron-part-1757 chiron-part-1758 chiron-part-1764 chiron-part-1765 chiron-part-1763 chiron-part-1759 chiron-part-1760 chiron-part-1761 chiron-part-1762 chiron-part-1767 chiron-part-1766 chiron-part-1768 chiron-part-1769 chiron-part-1770 chiron-part-1771 chiron-part-1776 chiron-part-1781 chiron-part-1772 chiron-part-1773 chiron-part-1774 chiron-part-1775 chiron-part-1777 chiron-part-1778 chiron-part-1779 chiron-part-1780 chiron-part-1782 chiron-part-1783 chiron-part-1784 chiron-part-1785 chiron-part-1786 chiron-part-1787 chiron-part-1788 chiron-part-1791 chiron-part-1789 chiron-part-1790 chiron-part-1792 chiron-part-1793 chiron-part-1794 chiron-part-1795 chiron-part-1796 chiron-part-1797 chiron-part-1798 chiron-part-1799 chiron-part-1800 chiron-part-1801 chiron-part-1802 chiron-part-1803 chiron-part-1804 chiron-part-1805 chiron-part-1806 chiron-part-1807 chiron-part-1808 chiron-part-1811 chiron-part-1812 chiron-part-1815 chiron-part-1816 chiron-part-1809 chiron-part-1813 chiron-part-1810 chiron-part-1814 chiron-part-1818 chiron-part-1820 chiron-part-1819 chiron-part-1821 chiron-part-1817 chiron-part-1823 chiron-part-1825 chiron-part-1824 chiron-part-1826 chiron-part-1822 chiron-part-1827 chiron-part-1828 chiron-part-1829 chiron-part-1830 chiron-part-1831 chiron-part-1835 chiron-part-1843 chiron-part-1838 chiron-part-1837 chiron-part-1834 chiron-part-1836 chiron-part-1839 chiron-part-1833 chiron-part-1840 chiron-part-1832 chiron-part-1841 chiron-part-1842 chiron-part-1847 chiron-part-1845 chiron-part-1846 chiron-part-1844 chiron-part-1848 chiron-part-1849 chiron-part-1850 chiron-part-1851 chiron-part-1852 chiron-part-1853 chiron-part-1854 chiron-part-1855 chiron-part-1856 chiron-part-1857 chiron-part-1858 chiron-part-1861 chiron-part-1860 chiron-part-1863 chiron-part-1859 chiron-part-1862 chiron-part-1868 chiron-part-1875 chiron-part-1870 chiron-part-1864 chiron-part-1867 chiron-part-1869 chiron-part-1871 chiron-part-1866 chiron-part-1872 chiron-part-1865 chiron-part-1873 chiron-part-1874 chiron-part-1879 chiron-part-1877 chiron-part-1878 chiron-part-1876 chiron-part-1880 chiron-part-1881 chiron-part-1882 chiron-part-1883 chiron-part-1884 chiron-part-1888 chiron-part-1886 chiron-part-1887 chiron-part-1889 chiron-part-1890 chiron-part-1885 chiron-part-1892 chiron-part-3573 chiron-part-1893 chiron-part-1891 chiron-part-1894 chiron-part-1897 chiron-part-1902 chiron-part-1898 chiron-part-1895 chiron-part-1899 chiron-part-1896 chiron-part-1900 chiron-part-1901 chiron-part-1905 chiron-part-1903 chiron-part-1904 chiron-part-1908 chiron-part-1911 chiron-part-1915 chiron-part-1923 chiron-part-1906 chiron-part-1909 chiron-part-1907 chiron-part-1910 chiron-part-1913 chiron-part-1916 chiron-part-1921 chiron-part-1924 chiron-part-1912 chiron-part-1920 chiron-part-1917 chiron-part-1925 chiron-part-1914 chiron-part-1918 chiron-part-1919 chiron-part-1922 chiron-part-1928 chiron-part-1926 chiron-part-1927 chiron-part-1931 chiron-part-1929 chiron-part-1930 chiron-part-1933 chiron-part-1934 chiron-part-1932 chiron-part-1940 chiron-part-1935 chiron-part-1939 chiron-part-1936 chiron-part-1937 chiron-part-1938 chiron-part-1943 chiron-part-1941 chiron-part-1942 chiron-part-1950 chiron-part-1945 chiron-part-1949 chiron-part-1946 chiron-part-1947 chiron-part-1948 chiron-part-1944 chiron-part-1951 chiron-part-1952 chiron-part-1954 chiron-part-1955 chiron-part-1956 chiron-part-1957 chiron-part-1958 chiron-part-1959 chiron-part-1960 chiron-part-3575 chiron-part-1953 chiron-part-1963 chiron-part-1964 chiron-part-1965 chiron-part-1966 chiron-part-1967 chiron-part-1968 chiron-part-1961 chiron-part-3576 chiron-part-1962 chiron-part-1969 chiron-part-1970 chiron-part-1973 chiron-part-1971 chiron-part-1979 chiron-part-1980 chiron-part-1972 chiron-part-1974 chiron-part-1975 chiron-part-1977 chiron-part-1976 chiron-part-1981 chiron-part-1982 chiron-part-1978 chiron-part-1983 chiron-part-1984 chiron-part-1985 chiron-part-1986 chiron-part-1987 chiron-part-1988 chiron-part-1989 chiron-part-1990 chiron-part-1991 chiron-part-1992 chiron-part-1993 chiron-part-1994 chiron-part-1995 chiron-part-1996 chiron-part-1999 chiron-part-1997 chiron-part-1998 chiron-part-2000 chiron-part-2001 chiron-part-2002 chiron-part-2003 chiron-part-2006 chiron-part-2007 chiron-part-2004 chiron-part-2005 chiron-part-2008 chiron-part-2009 chiron-part-2010 chiron-part-2011 chiron-part-2012 chiron-part-2022 chiron-part-2023 chiron-part-2018 chiron-part-2019 chiron-part-2028 chiron-part-2014 chiron-part-2015 chiron-part-2016 chiron-part-2017 chiron-part-2013 chiron-part-2020 chiron-part-2021 chiron-part-2024 chiron-part-2025 chiron-part-2026 chiron-part-2027 chiron-part-2030 chiron-part-2031 chiron-part-2029 chiron-part-2034 chiron-part-2035 chiron-part-2036 chiron-part-2037 chiron-part-2038 chiron-part-2039 chiron-part-2040 chiron-part-2041 chiron-part-2032 chiron-part-2033 chiron-part-2042 chiron-part-2043 chiron-part-2047 chiron-part-2048 chiron-part-2044 chiron-part-2049 chiron-part-2045 chiron-part-2050 chiron-part-2046 chiron-part-2051 chiron-part-2052 chiron-part-2053 chiron-part-2060 chiron-part-2061 chiron-part-2063 chiron-part-2057 chiron-part-2058 chiron-part-2059 chiron-part-2062 chiron-part-2064 chiron-part-2054 chiron-part-2055 chiron-part-2056 chiron-part-2065 chiron-part-2067 chiron-part-2068 chiron-part-2069 chiron-part-2070 chiron-part-2066 chiron-part-2071 chiron-part-2072 chiron-part-2073 chiron-part-2074 chiron-part-2075 chiron-part-2076 chiron-part-2077 chiron-part-2078 chiron-part-2079 chiron-part-2081 chiron-part-2080 chiron-part-2084 chiron-part-2082 chiron-part-2083 chiron-part-2085 chiron-part-2086 chiron-part-2087 chiron-part-2089 chiron-part-2088 chiron-part-2090 chiron-part-2091 chiron-part-2093 chiron-part-2094 chiron-part-2095 chiron-part-2096 chiron-part-2092 chiron-part-2097 chiron-part-2098 chiron-part-2099 chiron-part-2100 chiron-part-2101 chiron-part-2102 chiron-part-2103 chiron-part-2104 chiron-part-2105 chiron-part-2107 chiron-part-2106 chiron-part-2110 chiron-part-2108 chiron-part-2109 chiron-part-2111 chiron-part-2112 chiron-part-2113 chiron-part-2115 chiron-part-2114 chiron-part-2116 chiron-part-2117 chiron-part-2122 chiron-part-2119 chiron-part-2123 chiron-part-2125 chiron-part-2126 chiron-part-2118 chiron-part-2124 chiron-part-2120 chiron-part-2121 chiron-part-2128 chiron-part-2127 chiron-part-2129 chiron-part-2130 chiron-part-2131 chiron-part-2132 chiron-part-2133 chiron-part-2134 chiron-part-2135 chiron-part-2136 chiron-part-2137 chiron-part-2140 chiron-part-2141 chiron-part-2143 chiron-part-2142 chiron-part-2138 chiron-part-2139 chiron-part-2146 chiron-part-2147 chiron-part-2149 chiron-part-2148 chiron-part-2144 chiron-part-2145 chiron-part-2150 chiron-part-2151 chiron-part-2152 chiron-part-2153 chiron-part-2158 chiron-part-2155 chiron-part-2160 chiron-part-2161 chiron-part-2156 chiron-part-2157 chiron-part-2159 chiron-part-2154 chiron-part-2162 chiron-part-2163 chiron-part-2165 chiron-part-2164 chiron-part-2170 chiron-part-2167 chiron-part-2172 chiron-part-2173 chiron-part-2168 chiron-part-2169 chiron-part-2171 chiron-part-2166 chiron-part-2174 chiron-part-2175 chiron-part-2176 chiron-part-2177 chiron-part-2178 chiron-part-2180 chiron-part-2179 chiron-part-2185 chiron-part-2182 chiron-part-2186 chiron-part-2188 chiron-part-2189 chiron-part-2181 chiron-part-2187 chiron-part-2183 chiron-part-2184 chiron-part-2190 chiron-part-2191 chiron-part-2193 chiron-part-2192 chiron-part-2194 chiron-part-2195 chiron-part-2196 chiron-part-2201 chiron-part-2202 chiron-part-2199 chiron-part-2203 chiron-part-2204 chiron-part-2197 chiron-part-2198 chiron-part-2200 chiron-part-2205 chiron-part-2208 chiron-part-2206 chiron-part-2207 chiron-part-2210 chiron-part-2209 chiron-part-2211 chiron-part-2212 chiron-part-2213 chiron-part-2214 chiron-part-2215 chiron-part-2216 chiron-part-2217 chiron-part-2219 chiron-part-2218 chiron-part-2221 chiron-part-2220 chiron-part-2226 chiron-part-2227 chiron-part-2228 chiron-part-2229 chiron-part-2222 chiron-part-2223 chiron-part-2224 chiron-part-2225 chiron-part-2231 chiron-part-2230 chiron-part-2233 chiron-part-2234 chiron-part-2232 chiron-part-2235 chiron-part-2236 chiron-part-2237 chiron-part-2239 chiron-part-2238 chiron-part-2240 chiron-part-2241 chiron-part-2242 chiron-part-2243 chiron-part-2244 chiron-part-2247 chiron-part-2245 chiron-part-2246 chiron-part-2248 chiron-part-2249 chiron-part-2251 chiron-part-2250 chiron-part-2252 chiron-part-2253 chiron-part-2254 chiron-part-2259 chiron-part-2260 chiron-part-2261 chiron-part-2262 chiron-part-2257 chiron-part-2255 chiron-part-2256 chiron-part-2258 chiron-part-2263 chiron-part-2266 chiron-part-2264 chiron-part-2265 chiron-part-2268 chiron-part-2267 chiron-part-2269 chiron-part-2270 chiron-part-2271 chiron-part-2272 chiron-part-2273 chiron-part-2274 chiron-part-2275 chiron-part-2277 chiron-part-2276 chiron-part-2279 chiron-part-2278 chiron-part-2284 chiron-part-2285 chiron-part-2286 chiron-part-2287 chiron-part-2280 chiron-part-2281 chiron-part-2282 chiron-part-2283 chiron-part-2289 chiron-part-2288 chiron-part-2291 chiron-part-2292 chiron-part-2290 chiron-part-2293 chiron-part-2294 chiron-part-2295 chiron-part-2297 chiron-part-2296 chiron-part-2298 chiron-part-2299 chiron-part-2300 chiron-part-2301 chiron-part-2302 chiron-part-2305 chiron-part-2303 chiron-part-2304 chiron-part-2306 chiron-part-2307 chiron-part-2308 chiron-part-2309 chiron-part-2318 chiron-part-2311 chiron-part-2312 chiron-part-2314 chiron-part-2315 chiron-part-2316 chiron-part-2317 chiron-part-2319 chiron-part-2310 chiron-part-2313 chiron-part-2320 chiron-part-2323 chiron-part-2321 chiron-part-2322 chiron-part-2324 chiron-part-2330 chiron-part-2331 chiron-part-2326 chiron-part-2327 chiron-part-2328 chiron-part-2329 chiron-part-2325 chiron-part-2332 chiron-part-2333 chiron-part-2335 chiron-part-2336 chiron-part-2334 chiron-part-2337 chiron-part-2338 chiron-part-2339 chiron-part-2342 chiron-part-2340 chiron-part-2343 chiron-part-2344 chiron-part-2341 chiron-part-2346 chiron-part-2345 chiron-part-2347 chiron-part-2348 chiron-part-2350 chiron-part-2351 chiron-part-2349 chiron-part-2352 chiron-part-2353 chiron-part-2354 chiron-part-2355 chiron-part-2356 chiron-part-2358 chiron-part-2357 chiron-part-2359 chiron-part-2360 chiron-part-2361 chiron-part-2362 chiron-part-2364 chiron-part-2363 chiron-part-2366 chiron-part-2369 chiron-part-2368 chiron-part-2370 chiron-part-2367 chiron-part-2372 chiron-part-2373 chiron-part-2374 chiron-part-2371 chiron-part-2376 chiron-part-2377 chiron-part-2375 chiron-part-2378 chiron-part-2379 chiron-part-2380 chiron-part-2381 chiron-part-2382 chiron-part-2384 chiron-part-2383 chiron-part-2387 chiron-part-2385 chiron-part-2386 chiron-part-2388 chiron-part-2390 chiron-part-2389 chiron-part-2393 chiron-part-2396 chiron-part-2395 chiron-part-2392 chiron-part-2394 chiron-part-2397 chiron-part-2398 chiron-part-2399 chiron-part-2400 chiron-part-2401 chiron-part-2402 chiron-part-2405 chiron-part-2403 chiron-part-2404 chiron-part-2407 chiron-part-2406 chiron-part-2408 chiron-part-2409 chiron-part-2410 chiron-part-2413 chiron-part-2412 chiron-part-2411 chiron-part-2416 chiron-part-2414 chiron-part-2415 chiron-part-2417 chiron-part-2418 chiron-part-2419 chiron-part-2420 chiron-part-2421 chiron-part-2424 chiron-part-2423 chiron-part-2422 chiron-part-2433 chiron-part-2430 chiron-part-2432 chiron-part-2425 chiron-part-2427 chiron-part-2431 chiron-part-2426 chiron-part-2428 chiron-part-2429 chiron-part-2436 chiron-part-2437 chiron-part-2438 chiron-part-2439 chiron-part-2434 chiron-part-2435 chiron-part-2441 chiron-part-2440 chiron-part-2443 chiron-part-2442 chiron-part-2444 chiron-part-2449 chiron-part-2445 chiron-part-2451 chiron-part-2453 chiron-part-2447 chiron-part-2448 chiron-part-2454 chiron-part-2446 chiron-part-2450 chiron-part-2452 chiron-part-2459 chiron-part-2461 chiron-part-2458 chiron-part-2460 chiron-part-2471 chiron-part-2455 chiron-part-2456 chiron-part-2457 chiron-part-2464 chiron-part-2463 chiron-part-2466 chiron-part-2462 chiron-part-2465 chiron-part-2468 chiron-part-2469 chiron-part-2467 chiron-part-2470 chiron-part-2477 chiron-part-2478 chiron-part-2475 chiron-part-2476 chiron-part-2472 chiron-part-2474 chiron-part-2473 chiron-part-2479 chiron-part-2482 chiron-part-2480 chiron-part-2481 chiron-part-2484 chiron-part-2483 chiron-part-2485 chiron-part-2486 chiron-part-2487 chiron-part-2490 chiron-part-2491 chiron-part-2492 chiron-part-2494 chiron-part-2495 chiron-part-2493 chiron-part-2489 chiron-part-2488 chiron-part-2496 chiron-part-2497 chiron-part-2498 chiron-part-2501 chiron-part-2500 chiron-part-2499 chiron-part-2510 chiron-part-2507 chiron-part-2509 chiron-part-2502 chiron-part-2504 chiron-part-2508 chiron-part-2503 chiron-part-2505 chiron-part-2506 chiron-part-2513 chiron-part-2514 chiron-part-2515 chiron-part-2516 chiron-part-2511 chiron-part-2512 chiron-part-2518 chiron-part-2517 chiron-part-2520 chiron-part-2519 chiron-part-2521 chiron-part-2526 chiron-part-2523 chiron-part-2527 chiron-part-2524 chiron-part-2525 chiron-part-2531 chiron-part-2530 chiron-part-2529 chiron-part-2522 chiron-part-2528 chiron-part-2536 chiron-part-2538 chiron-part-2535 chiron-part-2537 chiron-part-2548 chiron-part-2532 chiron-part-2533 chiron-part-2534 chiron-part-2541 chiron-part-2540 chiron-part-2542 chiron-part-2543 chiron-part-2539 chiron-part-2545 chiron-part-2546 chiron-part-2544 chiron-part-2547 chiron-part-2549 chiron-part-2555 chiron-part-2553 chiron-part-2554 chiron-part-2550 chiron-part-2552 chiron-part-2551"
"688","chiron-688","6257444","132","3","3","4514553:1 6121485:1 6133279:1","chiron-part-2556 chiron-part-2557 chiron-part-2558","",""
"689","chiron-689","6257444","133","3","3","4514553:2 6163686:1","chiron-part-2560 chiron-part-2561 chiron-part-2559","",""
"690","chiron-690","6257444","133","1","1","6211928:1","chiron-part-2562","",""
"691","chiron-691","6257444","133","1","1","6211928:1","chiron-part-2563","",""
"692","chiron-692","6257444","133","3","3","4121715:3","chiron-part-2564 chiron-part-2565 chiron-part-2566","",""
"693","chiron-693","6257444","133","3","3","4107085:1 4542590:1 4142135:1","chiron-part-2568 chiron-part-2569 chiron-part-2567","",""
"694","chiron-694","6257444","134","0","0","","","Attach the first side insert","chiron-part-2560 chiron-part-2561 chiron-part-2559 chiron-part-2562 chiron-part-2563 chiron-part-2564 chiron-part-2565 chiron-part-2566 chiron-part-2568 chiron-part-2569 chiron-part-2567"
"695","chiron-695","6257444","135","0","0","","","Press the first side connection into place","chiron-part-2560 chiron-part-2561 chiron-part-2559 chiron-part-2562 chiron-part-2563 chiron-part-2564 chiron-part-2565 chiron-part-2566 chiron-part-2568 chiron-part-2569 chiron-part-2567"
"696","chiron-696","6257444","136","5","5","4121715:3 6217685:1 6217689:1","chiron-part-2571 chiron-part-2572 chiron-part-2573 chiron-part-2574 chiron-part-2570","",""
"697","chiron-697","6257444","137","3","3","4514553:2 6163685:1","chiron-part-2576 chiron-part-2577 chiron-part-2575","",""
"698","chiron-698","6257444","137","1","1","6211928:1","chiron-part-2578","",""
"699","chiron-699","6257444","137","1","1","6211928:1","chiron-part-2579","",""
"700","chiron-700","6257444","137","3","3","4121715:3","chiron-part-2580 chiron-part-2581 chiron-part-2582","",""
"701","chiron-701","6257444","137","3","3","4142135:1 4107085:1 4542590:1","chiron-part-2583 chiron-part-2584 chiron-part-2585","",""
"702","chiron-702","6257444","138","0","0","","","Attach the second side insert","chiron-part-2576 chiron-part-2577 chiron-part-2575 chiron-part-2578 chiron-part-2579 chiron-part-2580 chiron-part-2581 chiron-part-2582 chiron-part-2583 chiron-part-2584 chiron-part-2585"
"703","chiron-703","6257444","139","0","0","","","Press the second side connection into place","chiron-part-2576 chiron-part-2577 chiron-part-2575 chiron-part-2578 chiron-part-2579 chiron-part-2580 chiron-part-2581 chiron-part-2582 chiron-part-2583 chiron-part-2584 chiron-part-2585"
"704","chiron-704","6257444","140","5","5","4121715:3 6217686:1 6217687:1","chiron-part-2588 chiron-part-2589 chiron-part-2590 chiron-part-2586 chiron-part-2587","",""
"705","chiron-705","6257444","141","1","1","4211865:1","chiron-part-2591","",""
"706","chiron-706","6257444","141","1","1","4211865:1","chiron-part-2592","",""
"707","chiron-707","6257444","142","4","4","6218005:1 4121715:2 6218007:1","chiron-part-2596 chiron-part-2594 chiron-part-2595 chiron-part-2593","",""
"708","chiron-708","6257444","143","0","0","","","Press the roof connectors into place as shown","chiron-part-2588 chiron-part-2589 chiron-part-2590 chiron-part-2586 chiron-part-2587 chiron-part-2591 chiron-part-2592 chiron-part-2596 chiron-part-2594 chiron-part-2595 chiron-part-2593"
"709","chiron-709","6257444","144","8","8","4107085:2 4121715:2 6089119:2 6233765:2","chiron-part-2600 chiron-part-2604 chiron-part-2597 chiron-part-2601 chiron-part-2598 chiron-part-2602 chiron-part-2599 chiron-part-2603","",""
"710","chiron-710","6257444","145 146","10","10","4107085:4 4121715:2 4206482:2 6225776:2","chiron-part-2605 chiron-part-2607 chiron-part-2610 chiron-part-2612 chiron-part-2608 chiron-part-2613 chiron-part-2606 chiron-part-2611 chiron-part-2609 chiron-part-2614","",""
"711","chiron-711","6257444","147 148","11","11","6007966:1 6214731:1 4542573:1 4121715:6 6029578:1 6083620:1","chiron-part-2624 chiron-part-2615 chiron-part-2620 chiron-part-2616 chiron-part-2617 chiron-part-2618 chiron-part-2619 chiron-part-2622 chiron-part-2623 chiron-part-2621 chiron-part-2625","",""
"712","chiron-712","6257444","149","5","5","4121715:4 4211713:1","chiron-part-2627 chiron-part-2628 chiron-part-2629 chiron-part-2630 chiron-part-2626","",""
"713","chiron-713","6257444","149","1","1","4111998:1","chiron-part-2631","",""
"714","chiron-714","6257444","149","2","2","4206482:2","chiron-part-2632 chiron-part-2633","",""
"715","chiron-715","6257444","149","3","3","4514553:2 6102449:1","chiron-part-2635 chiron-part-2636 chiron-part-2634","",""
"716","chiron-716","6257444","150","0","0","","","Attach the first dashboard support","chiron-part-2627 chiron-part-2628 chiron-part-2629 chiron-part-2630 chiron-part-2626 chiron-part-2631 chiron-part-2632 chiron-part-2633 chiron-part-2635 chiron-part-2636 chiron-part-2634"
"717","chiron-717","6257444","151","5","5","4121715:4 4211713:1","chiron-part-2638 chiron-part-2639 chiron-part-2640 chiron-part-2641 chiron-part-2637","",""
"718","chiron-718","6257444","151","2","2","4111998:1 4206482:1","chiron-part-2642 chiron-part-2643","",""
"719","chiron-719","6257444","151","1","1","4206482:1","chiron-part-2644","",""
"720","chiron-720","6257444","151","4","4","6102449:1 4121715:1 4514553:2","chiron-part-2645 chiron-part-2648 chiron-part-2646 chiron-part-2647","",""
"721","chiron-721","6257444","152","0","0","","","Attach the second dashboard support","chiron-part-2638 chiron-part-2639 chiron-part-2640 chiron-part-2641 chiron-part-2637 chiron-part-2642 chiron-part-2643 chiron-part-2644 chiron-part-2645 chiron-part-2648 chiron-part-2646 chiron-part-2647"
"722","chiron-722","6257444","153","4","4","4206482:1 6029578:1 4211775:1 4514553:1","chiron-part-2650 chiron-part-2649 chiron-part-2651 chiron-part-2652","",""
"723","chiron-723","6257444","154","5","5","4206482:1 4514553:1 6209519:1 6217682:2","chiron-part-2656 chiron-part-2655 chiron-part-2654 chiron-part-2653 chiron-part-2657","",""
"724","chiron-724","6257444","155","9","9","4121715:5 4211655:1 4514553:1 6211951:1 4211713:1","chiron-part-2659 chiron-part-2660 chiron-part-2661 chiron-part-2662 chiron-part-2663 chiron-part-2664 chiron-part-2666 chiron-part-2665 chiron-part-2658","",""
"725","chiron-725","6257444","156","3","3","4120017:1 4121715:1 6209519:1","chiron-part-2667 chiron-part-2669 chiron-part-2668","",""
"726","chiron-726","6257444","156","2","2","4112282:1 4514553:1","chiron-part-2670 chiron-part-2671","",""
"727","chiron-727","6257444","156","1","1","4111998:1","chiron-part-2672","",""
"728","chiron-728","6257444","156","2","2","4121715:1 6209519:1","chiron-part-2674 chiron-part-2673","",""
"729","chiron-729","6257444","157","0","0","","","Attach the first dashboard section","chiron-part-2667 chiron-part-2669 chiron-part-2668 chiron-part-2670 chiron-part-2671 chiron-part-2672 chiron-part-2674 chiron-part-2673"
"730","chiron-730","6257444","158","0","0","","","Press the dashboard axle into position","chiron-part-2667 chiron-part-2669 chiron-part-2668 chiron-part-2670 chiron-part-2671 chiron-part-2672 chiron-part-2674 chiron-part-2673"
"731","chiron-731","6257444","159","2","2","4142135:1 4560175:1","chiron-part-2676 chiron-part-2677","",""
"732","chiron-732","6257444","159","4","4","4514553:1 4560175:3","chiron-part-2675 chiron-part-2678 chiron-part-2679 chiron-part-2680","",""
"733","chiron-733","6257444","159","4","4","4514553:2 4211651:1 4142135:1","chiron-part-2682 chiron-part-2683 chiron-part-2681 chiron-part-2684","",""
"734","chiron-734","6257444","160","0","0","","","Attach the second dashboard section","chiron-part-2676 chiron-part-2677 chiron-part-2675 chiron-part-2678 chiron-part-2679 chiron-part-2680 chiron-part-2682 chiron-part-2683 chiron-part-2681 chiron-part-2684"
"735","chiron-735","6257444","161","3","3","4120017:1 4211483:1 6006140:1","chiron-part-2687 chiron-part-2686 chiron-part-2685","",""
"736","chiron-736","6257444","162","4","4","4107783:1 4206482:1 4211622:1 6209519:1","chiron-part-2689 chiron-part-2690 chiron-part-2691 chiron-part-2688","",""
"737","chiron-737","6257444","163","5","5","4206482:1 4514553:1 6209519:1 6217682:2","chiron-part-2696 chiron-part-2695 chiron-part-2694 chiron-part-2692 chiron-part-2697","",""
"738","chiron-738","6257444","164","9","9","4121715:5 4211655:1 4514553:1 6211951:1 4211713:1","chiron-part-2699 chiron-part-2700 chiron-part-2701 chiron-part-2702 chiron-part-2703 chiron-part-2704 chiron-part-2705 chiron-part-2693 chiron-part-2698","",""
"739","chiron-739","6257444","165","2","2","4112282:1 4514553:1","chiron-part-2706 chiron-part-2707","",""
"740","chiron-740","6257444","165","1","1","4111998:1","chiron-part-2708","",""
"741","chiron-741","6257444","165","2","2","4121715:1 6209519:1","chiron-part-2710 chiron-part-2709","",""
"742","chiron-742","6257444","166","0","0","","","Attach the dashboard brace","chiron-part-2706 chiron-part-2707 chiron-part-2708 chiron-part-2710 chiron-part-2709"
"743","chiron-743","6257444","167","4","4","4121715:2 6007966:1 6083620:1","chiron-part-2711 chiron-part-2712 chiron-part-2713 chiron-part-2714","",""
"744","chiron-744","6257444","168","2","2","4211483:1 6006140:1","chiron-part-2716 chiron-part-2715","",""
"745","chiron-745","6257444","169","13","13","4211655:2 4121715:5 4211880:1 6009019:2 4495935:1 4206482:2","chiron-part-2728 chiron-part-2729 chiron-part-2721 chiron-part-2723 chiron-part-2724 chiron-part-2725 chiron-part-2726 chiron-part-2727 chiron-part-2717 chiron-part-2720 chiron-part-2722 chiron-part-2718 chiron-part-2719","",""
"746","chiron-746","6257444","170","0","0","","","Turn the car to the illustrated view","chiron-part-0002 chiron-part-0003 chiron-part-0001 chiron-part-0004 chiron-part-0005 chiron-part-0006 chiron-part-0011 chiron-part-0012 chiron-part-0009 chiron-part-0010 chiron-part-0007 chiron-part-0008 chiron-part-0013 chiron-part-0014 chiron-part-0015 chiron-part-0016 chiron-part-0017 chiron-part-0018 chiron-part-0019 chiron-part-0020 chiron-part-0021 chiron-part-0022 chiron-part-0024 chiron-part-0023 chiron-part-0026 chiron-part-0027 chiron-part-0025 chiron-part-0037 chiron-part-0034 chiron-part-0028 chiron-part-0035 chiron-part-0029 chiron-part-0036 chiron-part-0030 chiron-part-0031 chiron-part-0032 chiron-part-0033 chiron-part-0038 chiron-part-0045 chiron-part-0039 chiron-part-0046 chiron-part-0040 chiron-part-0047 chiron-part-0041 chiron-part-0042 chiron-part-0043 chiron-part-0044 chiron-part-0054 chiron-part-0061 chiron-part-0051 chiron-part-0058 chiron-part-0048 chiron-part-0049 chiron-part-0050 chiron-part-0052 chiron-part-0053 chiron-part-0055 chiron-part-0056 chiron-part-0057 chiron-part-0059 chiron-part-0060 chiron-part-0062 chiron-part-0065 chiron-part-0064 chiron-part-0067 chiron-part-0063 chiron-part-0066 chiron-part-0068 chiron-part-0070 chiron-part-0069 chiron-part-0071 chiron-part-0073 chiron-part-0072 chiron-part-0076 chiron-part-0077 chiron-part-0078 chiron-part-0079 chiron-part-0080 chiron-part-0074 chiron-part-0075 chiron-part-0085 chiron-part-0081 chiron-part-0084 chiron-part-0082 chiron-part-0083 chiron-part-0086 chiron-part-0087 chiron-part-0088 chiron-part-0089 chiron-part-0090 chiron-part-0091 chiron-part-0092 chiron-part-0093 chiron-part-0094 chiron-part-0102 chiron-part-0101 chiron-part-0095 chiron-part-0097 chiron-part-0098 chiron-part-0099 chiron-part-0100 chiron-part-0096 chiron-part-0103 chiron-part-0104 chiron-part-0105 chiron-part-0106 chiron-part-0107 chiron-part-0108 chiron-part-0109 chiron-part-0110 chiron-part-0111 chiron-part-0112 chiron-part-0113 chiron-part-0114 chiron-part-0116 chiron-part-0117 chiron-part-0115 chiron-part-0118 chiron-part-0119 chiron-part-0165 chiron-part-0120 chiron-part-0166 chiron-part-0122 chiron-part-0168 chiron-part-0121 chiron-part-0123 chiron-part-0167 chiron-part-0169 chiron-part-0124 chiron-part-0170 chiron-part-0125 chiron-part-0171 chiron-part-0127 chiron-part-0173 chiron-part-0126 chiron-part-0172 chiron-part-0131 chiron-part-0177 chiron-part-0130 chiron-part-0133 chiron-part-0176 chiron-part-0179 chiron-part-0132 chiron-part-0178 chiron-part-0128 chiron-part-0129 chiron-part-0174 chiron-part-0175 chiron-part-0136 chiron-part-0182 chiron-part-0137 chiron-part-0183 chiron-part-0135 chiron-part-0181 chiron-part-0138 chiron-part-0184 chiron-part-0134 chiron-part-0180 chiron-part-0140 chiron-part-0186 chiron-part-0142 chiron-part-0188 chiron-part-0143 chiron-part-0145 chiron-part-0189 chiron-part-0191 chiron-part-0146 chiron-part-0192 chiron-part-0144 chiron-part-0190 chiron-part-0141 chiron-part-0187 chiron-part-0139 chiron-part-0185 chiron-part-0147 chiron-part-0193 chiron-part-0150 chiron-part-0196 chiron-part-0148 chiron-part-0194 chiron-part-0149 chiron-part-0195 chiron-part-0153 chiron-part-0199 chiron-part-0154 chiron-part-0200 chiron-part-0152 chiron-part-0198 chiron-part-0151 chiron-part-0197 chiron-part-0155 chiron-part-0201 chiron-part-0159 chiron-part-0205 chiron-part-0160 chiron-part-0206 chiron-part-0157 chiron-part-0203 chiron-part-0158 chiron-part-0204 chiron-part-0156 chiron-part-0202 chiron-part-0161 chiron-part-0163 chiron-part-0207 chiron-part-0209 chiron-part-0162 chiron-part-0208 chiron-part-0164 chiron-part-0210 chiron-part-0211 chiron-part-0212 chiron-part-0213 chiron-part-0214 chiron-part-0215 chiron-part-0216 chiron-part-0217 chiron-part-0220 chiron-part-0218 chiron-part-0219 chiron-part-0221 chiron-part-0222 chiron-part-0223 chiron-part-0224 chiron-part-0229 chiron-part-0230 chiron-part-0225 chiron-part-0226 chiron-part-0227 chiron-part-0228 chiron-part-0231 chiron-part-0232 chiron-part-0233 chiron-part-0235 chiron-part-0236 chiron-part-0234 chiron-part-0238 chiron-part-0239 chiron-part-0240 chiron-part-0241 chiron-part-0242 chiron-part-0243 chiron-part-0246 chiron-part-0244 chiron-part-0237 chiron-part-0245 chiron-part-0249 chiron-part-0247 chiron-part-0248 chiron-part-0250 chiron-part-0251 chiron-part-0252 chiron-part-0253 chiron-part-0255 chiron-part-0256 chiron-part-0254 chiron-part-0259 chiron-part-0257 chiron-part-0258 chiron-part-0260 chiron-part-0261 chiron-part-0262 chiron-part-0263 chiron-part-0264 chiron-part-0265 chiron-part-0266 chiron-part-0267 chiron-part-0268 chiron-part-0271 chiron-part-0272 chiron-part-0275 chiron-part-0269 chiron-part-0273 chiron-part-0270 chiron-part-0274 chiron-part-0276 chiron-part-0280 chiron-part-0277 chiron-part-0281 chiron-part-0279 chiron-part-0283 chiron-part-0278 chiron-part-0282 chiron-part-0284 chiron-part-0285 chiron-part-0286 chiron-part-0287 chiron-part-0288 chiron-part-0289 chiron-part-0290 chiron-part-0291 chiron-part-0292 chiron-part-0293 chiron-part-0294 chiron-part-0295 chiron-part-0296 chiron-part-0297 chiron-part-0298 chiron-part-0301 chiron-part-0302 chiron-part-0300 chiron-part-0299 chiron-part-0303 chiron-part-0305 chiron-part-0304 chiron-part-0308 chiron-part-0307 chiron-part-0309 chiron-part-0306 chiron-part-0312 chiron-part-0310 chiron-part-0311 chiron-part-0320 chiron-part-0313 chiron-part-3577 chiron-part-0318 chiron-part-0317 chiron-part-0316 chiron-part-0315 chiron-part-0314 chiron-part-0319 chiron-part-0324 chiron-part-0323 chiron-part-0322 chiron-part-0321 chiron-part-0326 chiron-part-0327 chiron-part-0325 chiron-part-0328 chiron-part-0329 chiron-part-0330 chiron-part-0332 chiron-part-0331 chiron-part-0334 chiron-part-0333 chiron-part-0335 chiron-part-0337 chiron-part-0339 chiron-part-0338 chiron-part-0336 chiron-part-3570 chiron-part-0342 chiron-part-0341 chiron-part-0340 chiron-part-0343 chiron-part-0345 chiron-part-0344 chiron-part-0348 chiron-part-0347 chiron-part-0349 chiron-part-0350 chiron-part-0346 chiron-part-0351 chiron-part-0352 chiron-part-0354 chiron-part-0353 chiron-part-0355 chiron-part-0357 chiron-part-0356 chiron-part-0366 chiron-part-0361 chiron-part-0358 chiron-part-0365 chiron-part-0367 chiron-part-0359 chiron-part-0360 chiron-part-0363 chiron-part-0362 chiron-part-0364 chiron-part-0370 chiron-part-0368 chiron-part-0369 chiron-part-0373 chiron-part-0374 chiron-part-0375 chiron-part-0376 chiron-part-3572 chiron-part-0372 chiron-part-0371 chiron-part-0377 chiron-part-0378 chiron-part-0382 chiron-part-0381 chiron-part-0380 chiron-part-0379 chiron-part-0383 chiron-part-0384 chiron-part-0387 chiron-part-0385 chiron-part-0389 chiron-part-0386 chiron-part-0388 chiron-part-0390 chiron-part-0391 chiron-part-0392 chiron-part-0393 chiron-part-0394 chiron-part-0395 chiron-part-0396 chiron-part-0399 chiron-part-0398 chiron-part-0400 chiron-part-0397 chiron-part-0402 chiron-part-0401 chiron-part-0404 chiron-part-0403 chiron-part-0406 chiron-part-0407 chiron-part-0410 chiron-part-0409 chiron-part-0405 chiron-part-0408 chiron-part-0411 chiron-part-0412 chiron-part-0416 chiron-part-0414 chiron-part-0415 chiron-part-0419 chiron-part-0413 chiron-part-0422 chiron-part-0418 chiron-part-0417 chiron-part-0420 chiron-part-3571 chiron-part-0421 chiron-part-0423 chiron-part-0425 chiron-part-0426 chiron-part-0424 chiron-part-0427 chiron-part-0437 chiron-part-0431 chiron-part-0430 chiron-part-0432 chiron-part-0438 chiron-part-0428 chiron-part-0429 chiron-part-0436 chiron-part-0433 chiron-part-0434 chiron-part-0435 chiron-part-0439 chiron-part-0440 chiron-part-0441 chiron-part-0442 chiron-part-0443 chiron-part-0444 chiron-part-0445 chiron-part-0446 chiron-part-0447 chiron-part-0448 chiron-part-0449 chiron-part-0450 chiron-part-0451 chiron-part-0452 chiron-part-0455 chiron-part-0454 chiron-part-0453 chiron-part-0457 chiron-part-0456 chiron-part-0458 chiron-part-0459 chiron-part-0460 chiron-part-0465 chiron-part-0461 chiron-part-0462 chiron-part-0463 chiron-part-0464 chiron-part-0467 chiron-part-0468 chiron-part-0469 chiron-part-0470 chiron-part-0471 chiron-part-0472 chiron-part-0473 chiron-part-0477 chiron-part-0478 chiron-part-0479 chiron-part-0481 chiron-part-0482 chiron-part-0474 chiron-part-0475 chiron-part-0466 chiron-part-0480 chiron-part-0476 chiron-part-0483 chiron-part-0484 chiron-part-0485 chiron-part-0490 chiron-part-0489 chiron-part-0488 chiron-part-0487 chiron-part-0486 chiron-part-0492 chiron-part-0491 chiron-part-0493 chiron-part-0494 chiron-part-0495 chiron-part-0498 chiron-part-0497 chiron-part-0496 chiron-part-0499 chiron-part-0508 chiron-part-0506 chiron-part-0507 chiron-part-0501 chiron-part-0503 chiron-part-0500 chiron-part-0502 chiron-part-0504 chiron-part-0505 chiron-part-0509 chiron-part-0510 chiron-part-0511 chiron-part-0512 chiron-part-0513 chiron-part-0514 chiron-part-0517 chiron-part-0518 chiron-part-0515 chiron-part-0516 chiron-part-0519 chiron-part-0520 chiron-part-0522 chiron-part-0521 chiron-part-0525 chiron-part-0524 chiron-part-0523 chiron-part-0527 chiron-part-0526 chiron-part-0528 chiron-part-0531 chiron-part-0532 chiron-part-0533 chiron-part-0534 chiron-part-0530 chiron-part-0538 chiron-part-0537 chiron-part-0535 chiron-part-0536 chiron-part-0529 chiron-part-0539 chiron-part-0540 chiron-part-0545 chiron-part-0546 chiron-part-0541 chiron-part-0542 chiron-part-0543 chiron-part-0544 chiron-part-0547 chiron-part-0548 chiron-part-0549 chiron-part-0550 chiron-part-0552 chiron-part-0551 chiron-part-0554 chiron-part-0555 chiron-part-0553 chiron-part-0556 chiron-part-0561 chiron-part-0557 chiron-part-0558 chiron-part-0559 chiron-part-0560 chiron-part-0563 chiron-part-0564 chiron-part-0565 chiron-part-0562 chiron-part-0568 chiron-part-0569 chiron-part-0566 chiron-part-0567 chiron-part-0570 chiron-part-0572 chiron-part-0571 chiron-part-0578 chiron-part-0579 chiron-part-0577 chiron-part-0580 chiron-part-0581 chiron-part-0582 chiron-part-0583 chiron-part-0584 chiron-part-0585 chiron-part-0586 chiron-part-0574 chiron-part-0576 chiron-part-0573 chiron-part-0575 chiron-part-0588 chiron-part-0600 chiron-part-0592 chiron-part-0596 chiron-part-0603 chiron-part-0604 chiron-part-0605 chiron-part-0606 chiron-part-0607 chiron-part-0608 chiron-part-0609 chiron-part-0610 chiron-part-0591 chiron-part-0595 chiron-part-0597 chiron-part-0587 chiron-part-0589 chiron-part-0590 chiron-part-0593 chiron-part-0594 chiron-part-0598 chiron-part-0599 chiron-part-0601 chiron-part-0602 chiron-part-0612 chiron-part-0613 chiron-part-0614 chiron-part-0615 chiron-part-0617 chiron-part-0618 chiron-part-0611 chiron-part-0616 chiron-part-0619 chiron-part-0620 chiron-part-0621 chiron-part-0622 chiron-part-0623 chiron-part-0624 chiron-part-0625 chiron-part-0626 chiron-part-0627 chiron-part-0628 chiron-part-0629 chiron-part-0630 chiron-part-0631 chiron-part-0634 chiron-part-0632 chiron-part-0636 chiron-part-0633 chiron-part-0635 chiron-part-0637 chiron-part-0641 chiron-part-0639 chiron-part-0643 chiron-part-0640 chiron-part-0642 chiron-part-0638 chiron-part-0644 chiron-part-0645 chiron-part-0647 chiron-part-0648 chiron-part-0681 chiron-part-0682 chiron-part-0646 chiron-part-0680 chiron-part-0649 chiron-part-0651 chiron-part-0683 chiron-part-0685 chiron-part-0650 chiron-part-0684 chiron-part-0652 chiron-part-0654 chiron-part-0686 chiron-part-0688 chiron-part-0653 chiron-part-0687 chiron-part-0655 chiron-part-0689 chiron-part-0656 chiron-part-0657 chiron-part-0690 chiron-part-0691 chiron-part-0658 chiron-part-0692 chiron-part-0659 chiron-part-0660 chiron-part-0693 chiron-part-0694 chiron-part-0664 chiron-part-0667 chiron-part-0670 chiron-part-0673 chiron-part-0698 chiron-part-0701 chiron-part-0704 chiron-part-0707 chiron-part-0663 chiron-part-0674 chiron-part-0697 chiron-part-0708 chiron-part-0676 chiron-part-0677 chiron-part-0678 chiron-part-0679 chiron-part-0710 chiron-part-0711 chiron-part-0712 chiron-part-0713 chiron-part-0666 chiron-part-0671 chiron-part-0672 chiron-part-0700 chiron-part-0705 chiron-part-0706 chiron-part-0665 chiron-part-0668 chiron-part-0669 chiron-part-0699 chiron-part-0702 chiron-part-0703 chiron-part-0661 chiron-part-0695 chiron-part-0662 chiron-part-0696 chiron-part-0675 chiron-part-0709 chiron-part-0714 chiron-part-0715 chiron-part-0716 chiron-part-0717 chiron-part-0718 chiron-part-0722 chiron-part-0723 chiron-part-0732 chiron-part-0733 chiron-part-0726 chiron-part-0736 chiron-part-0724 chiron-part-0725 chiron-part-0734 chiron-part-0735 chiron-part-0719 chiron-part-0720 chiron-part-0729 chiron-part-0730 chiron-part-0721 chiron-part-0731 chiron-part-0727 chiron-part-0728 chiron-part-0738 chiron-part-0737 chiron-part-0739 chiron-part-0740 chiron-part-0741 chiron-part-0743 chiron-part-0742 chiron-part-0744 chiron-part-0746 chiron-part-0745 chiron-part-0747 chiron-part-0748 chiron-part-0749 chiron-part-0751 chiron-part-0750 chiron-part-0752 chiron-part-0753 chiron-part-0754 chiron-part-0755 chiron-part-0756 chiron-part-0763 chiron-part-0757 chiron-part-0758 chiron-part-0759 chiron-part-0760 chiron-part-0761 chiron-part-0762 chiron-part-0764 chiron-part-0768 chiron-part-0765 chiron-part-0766 chiron-part-0767 chiron-part-0769 chiron-part-0770 chiron-part-0773 chiron-part-0774 chiron-part-0775 chiron-part-0776 chiron-part-0777 chiron-part-0778 chiron-part-0771 chiron-part-0772 chiron-part-0779 chiron-part-0780 chiron-part-0781 chiron-part-0782 chiron-part-0784 chiron-part-0783 chiron-part-0785 chiron-part-0786 chiron-part-0788 chiron-part-0787 chiron-part-0790 chiron-part-0791 chiron-part-0792 chiron-part-0794 chiron-part-0795 chiron-part-0793 chiron-part-0789 chiron-part-0797 chiron-part-0796 chiron-part-0800 chiron-part-0801 chiron-part-0802 chiron-part-0804 chiron-part-0798 chiron-part-0803 chiron-part-0799 chiron-part-0806 chiron-part-0805 chiron-part-0807 chiron-part-0810 chiron-part-0808 chiron-part-0809 chiron-part-0811 chiron-part-0812 chiron-part-0813 chiron-part-0814 chiron-part-0816 chiron-part-0818 chiron-part-0815 chiron-part-0817 chiron-part-0819 chiron-part-0823 chiron-part-0820 chiron-part-0821 chiron-part-0822 chiron-part-0824 chiron-part-0825 chiron-part-0826 chiron-part-0828 chiron-part-0827 chiron-part-0829 chiron-part-0830 chiron-part-0831 chiron-part-0832 chiron-part-0836 chiron-part-0834 chiron-part-0833 chiron-part-0835 chiron-part-0837 chiron-part-0840 chiron-part-0838 chiron-part-0839 chiron-part-0841 chiron-part-0842 chiron-part-0843 chiron-part-0844 chiron-part-0848 chiron-part-0847 chiron-part-0845 chiron-part-0846 chiron-part-3574 chiron-part-0849 chiron-part-0850 chiron-part-0851 chiron-part-0852 chiron-part-0856 chiron-part-0857 chiron-part-0858 chiron-part-0854 chiron-part-0855 chiron-part-0853 chiron-part-0861 chiron-part-0859 chiron-part-0860 chiron-part-0862 chiron-part-0863 chiron-part-0864 chiron-part-0865 chiron-part-0866 chiron-part-0867 chiron-part-0868 chiron-part-0869 chiron-part-0870 chiron-part-0871 chiron-part-0872 chiron-part-0874 chiron-part-0873 chiron-part-0877 chiron-part-0876 chiron-part-0875 chiron-part-0879 chiron-part-0880 chiron-part-0881 chiron-part-0882 chiron-part-0878 chiron-part-0883 chiron-part-0884 chiron-part-3578 chiron-part-0885 chiron-part-0886 chiron-part-0887 chiron-part-0888 chiron-part-0893 chiron-part-0896 chiron-part-0897 chiron-part-0894 chiron-part-0889 chiron-part-0890 chiron-part-0895 chiron-part-0891 chiron-part-0892 chiron-part-0900 chiron-part-0899 chiron-part-0898 chiron-part-0903 chiron-part-0901 chiron-part-0902 chiron-part-0904 chiron-part-0906 chiron-part-0907 chiron-part-0905 chiron-part-0909 chiron-part-0910 chiron-part-0911 chiron-part-0912 chiron-part-0921 chiron-part-0922 chiron-part-0923 chiron-part-0924 chiron-part-0908 chiron-part-0920 chiron-part-0913 chiron-part-0914 chiron-part-0925 chiron-part-0926 chiron-part-0915 chiron-part-0927 chiron-part-0916 chiron-part-0928 chiron-part-0918 chiron-part-0919 chiron-part-0930 chiron-part-0931 chiron-part-0917 chiron-part-0929 chiron-part-0937 chiron-part-0936 chiron-part-0934 chiron-part-0932 chiron-part-0933 chiron-part-0935 chiron-part-0938 chiron-part-0939 chiron-part-0943 chiron-part-0940 chiron-part-0941 chiron-part-0942 chiron-part-0944 chiron-part-0945 chiron-part-0946 chiron-part-0947 chiron-part-0948 chiron-part-0949 chiron-part-0951 chiron-part-0952 chiron-part-0950 chiron-part-0956 chiron-part-0957 chiron-part-0953 chiron-part-0954 chiron-part-0955 chiron-part-0958 chiron-part-0959 chiron-part-0960 chiron-part-0961 chiron-part-0962 chiron-part-0963 chiron-part-0964 chiron-part-0965 chiron-part-0968 chiron-part-0969 chiron-part-0966 chiron-part-0967 chiron-part-0970 chiron-part-0971 chiron-part-0972 chiron-part-0973 chiron-part-0976 chiron-part-0974 chiron-part-0975 chiron-part-0979 chiron-part-0977 chiron-part-0978 chiron-part-0980 chiron-part-0981 chiron-part-0984 chiron-part-0989 chiron-part-0982 chiron-part-0987 chiron-part-0983 chiron-part-0988 chiron-part-0986 chiron-part-0991 chiron-part-0985 chiron-part-0990 chiron-part-0992 chiron-part-0993 chiron-part-0996 chiron-part-0997 chiron-part-0998 chiron-part-0999 chiron-part-1000 chiron-part-1001 chiron-part-1003 chiron-part-1002 chiron-part-1004 chiron-part-1005 chiron-part-1006 chiron-part-1007 chiron-part-1008 chiron-part-1009 chiron-part-1010 chiron-part-1011 chiron-part-1012 chiron-part-1013 chiron-part-1014 chiron-part-1015 chiron-part-1016 chiron-part-1017 chiron-part-1020 chiron-part-1021 chiron-part-1018 chiron-part-1019 chiron-part-1022 chiron-part-1023 chiron-part-1024 chiron-part-0994 chiron-part-0995 chiron-part-1026 chiron-part-1028 chiron-part-1025 chiron-part-1027 chiron-part-1030 chiron-part-1031 chiron-part-1037 chiron-part-1038 chiron-part-1034 chiron-part-1041 chiron-part-1033 chiron-part-1040 chiron-part-1032 chiron-part-1039 chiron-part-1029 chiron-part-1036 chiron-part-1035 chiron-part-1042 chiron-part-1045 chiron-part-1046 chiron-part-1043 chiron-part-1044 chiron-part-1047 chiron-part-1048 chiron-part-1049 chiron-part-1050 chiron-part-1054 chiron-part-1059 chiron-part-1053 chiron-part-1058 chiron-part-1052 chiron-part-1057 chiron-part-1055 chiron-part-1060 chiron-part-1051 chiron-part-1056 chiron-part-1062 chiron-part-1065 chiron-part-1063 chiron-part-1066 chiron-part-1061 chiron-part-1064 chiron-part-1069 chiron-part-1071 chiron-part-1067 chiron-part-1068 chiron-part-1070 chiron-part-1072 chiron-part-1073 chiron-part-1074 chiron-part-1079 chiron-part-1080 chiron-part-1075 chiron-part-1076 chiron-part-1077 chiron-part-1078 chiron-part-1081 chiron-part-1082 chiron-part-1085 chiron-part-1086 chiron-part-1083 chiron-part-1084 chiron-part-1087 chiron-part-1088 chiron-part-1089 chiron-part-1090 chiron-part-1091 chiron-part-1092 chiron-part-1093 chiron-part-1094 chiron-part-1095 chiron-part-1096 chiron-part-1097 chiron-part-1100 chiron-part-1101 chiron-part-1098 chiron-part-1099 chiron-part-1104 chiron-part-1110 chiron-part-1105 chiron-part-1103 chiron-part-1109 chiron-part-1102 chiron-part-1108 chiron-part-1106 chiron-part-1111 chiron-part-1107 chiron-part-1112 chiron-part-1113 chiron-part-1114 chiron-part-1115 chiron-part-1116 chiron-part-1117 chiron-part-1118 chiron-part-1119 chiron-part-1120 chiron-part-1123 chiron-part-1124 chiron-part-1125 chiron-part-1126 chiron-part-3585 chiron-part-3586 chiron-part-1121 chiron-part-1122 chiron-part-1128 chiron-part-1127 chiron-part-1129 chiron-part-1130 chiron-part-1131 chiron-part-1132 chiron-part-1133 chiron-part-1134 chiron-part-1135 chiron-part-1136 chiron-part-1137 chiron-part-1138 chiron-part-1139 chiron-part-1140 chiron-part-1141 chiron-part-1142 chiron-part-1143 chiron-part-1144 chiron-part-1145 chiron-part-1146 chiron-part-1147 chiron-part-1148 chiron-part-1149 chiron-part-1152 chiron-part-1153 chiron-part-1151 chiron-part-1150 chiron-part-1154 chiron-part-1155 chiron-part-1157 chiron-part-1158 chiron-part-1156 chiron-part-1159 chiron-part-1160 chiron-part-1162 chiron-part-1161 chiron-part-3579 chiron-part-1163 chiron-part-1165 chiron-part-1166 chiron-part-1164 chiron-part-1167 chiron-part-1170 chiron-part-1171 chiron-part-1168 chiron-part-1169 chiron-part-1175 chiron-part-1179 chiron-part-1176 chiron-part-1180 chiron-part-1172 chiron-part-1173 chiron-part-1177 chiron-part-1181 chiron-part-1174 chiron-part-1178 chiron-part-1184 chiron-part-1187 chiron-part-1182 chiron-part-1185 chiron-part-1183 chiron-part-1186 chiron-part-1188 chiron-part-1189 chiron-part-1190 chiron-part-1191 chiron-part-1192 chiron-part-1193 chiron-part-1194 chiron-part-1195 chiron-part-1196 chiron-part-1197 chiron-part-1198 chiron-part-1199 chiron-part-1202 chiron-part-1203 chiron-part-1200 chiron-part-1201 chiron-part-1204 chiron-part-1206 chiron-part-1205 chiron-part-1209 chiron-part-1207 chiron-part-1208 chiron-part-1210 chiron-part-1211 chiron-part-1212 chiron-part-1214 chiron-part-1213 chiron-part-1220 chiron-part-1216 chiron-part-1218 chiron-part-1217 chiron-part-1215 chiron-part-1222 chiron-part-1219 chiron-part-1221 chiron-part-1223 chiron-part-1225 chiron-part-1224 chiron-part-1226 chiron-part-1227 chiron-part-1228 chiron-part-1229 chiron-part-1230 chiron-part-1231 chiron-part-1232 chiron-part-1233 chiron-part-1234 chiron-part-1235 chiron-part-1236 chiron-part-1237 chiron-part-1242 chiron-part-1243 chiron-part-1244 chiron-part-1238 chiron-part-1239 chiron-part-1240 chiron-part-1241 chiron-part-1247 chiron-part-1245 chiron-part-1246 chiron-part-1249 chiron-part-1250 chiron-part-1251 chiron-part-1248 chiron-part-1252 chiron-part-1255 chiron-part-1253 chiron-part-1254 chiron-part-1256 chiron-part-1257 chiron-part-1259 chiron-part-1258 chiron-part-1260 chiron-part-1261 chiron-part-1262 chiron-part-1263 chiron-part-1264 chiron-part-1265 chiron-part-1267 chiron-part-1266 chiron-part-1269 chiron-part-1268 chiron-part-1271 chiron-part-1272 chiron-part-1274 chiron-part-1275 chiron-part-1276 chiron-part-1273 chiron-part-1270 chiron-part-1277 chiron-part-1278 chiron-part-1281 chiron-part-1282 chiron-part-1279 chiron-part-1280 chiron-part-1284 chiron-part-1283 chiron-part-1286 chiron-part-1287 chiron-part-1285 chiron-part-1288 chiron-part-1289 chiron-part-1292 chiron-part-1295 chiron-part-1290 chiron-part-1293 chiron-part-1291 chiron-part-1294 chiron-part-1296 chiron-part-1302 chiron-part-1297 chiron-part-1298 chiron-part-1303 chiron-part-1304 chiron-part-1300 chiron-part-1306 chiron-part-1299 chiron-part-1301 chiron-part-1305 chiron-part-1307 chiron-part-1309 chiron-part-1310 chiron-part-1311 chiron-part-1312 chiron-part-1308 chiron-part-1313 chiron-part-1314 chiron-part-1315 chiron-part-1316 chiron-part-1319 chiron-part-1320 chiron-part-1321 chiron-part-1317 chiron-part-1318 chiron-part-1323 chiron-part-1322 chiron-part-1324 chiron-part-1325 chiron-part-1327 chiron-part-1328 chiron-part-1326 chiron-part-1330 chiron-part-1329 chiron-part-1332 chiron-part-1333 chiron-part-1334 chiron-part-1335 chiron-part-1331 chiron-part-1336 chiron-part-1337 chiron-part-1338 chiron-part-1339 chiron-part-1341 chiron-part-1342 chiron-part-1340 chiron-part-1343 chiron-part-1345 chiron-part-1346 chiron-part-1353 chiron-part-1354 chiron-part-1355 chiron-part-1356 chiron-part-1349 chiron-part-1350 chiron-part-1344 chiron-part-1357 chiron-part-1358 chiron-part-1351 chiron-part-1352 chiron-part-1347 chiron-part-1348 chiron-part-1362 chiron-part-1363 chiron-part-1359 chiron-part-1361 chiron-part-1360 chiron-part-1367 chiron-part-1368 chiron-part-1364 chiron-part-1366 chiron-part-1365 chiron-part-1370 chiron-part-1369 chiron-part-1371 chiron-part-1376 chiron-part-1375 chiron-part-1372 chiron-part-1373 chiron-part-1374 chiron-part-1379 chiron-part-1377 chiron-part-1378 chiron-part-1380 chiron-part-1381 chiron-part-1382 chiron-part-1383 chiron-part-1384 chiron-part-1385 chiron-part-1389 chiron-part-1387 chiron-part-1388 chiron-part-1386 chiron-part-1390 chiron-part-1391 chiron-part-1392 chiron-part-1393 chiron-part-1394 chiron-part-1395 chiron-part-1397 chiron-part-1396 chiron-part-1398 chiron-part-1400 chiron-part-1399 chiron-part-1402 chiron-part-1401 chiron-part-1404 chiron-part-1405 chiron-part-1408 chiron-part-1406 chiron-part-1407 chiron-part-1403 chiron-part-1409 chiron-part-1411 chiron-part-1410 chiron-part-1413 chiron-part-1414 chiron-part-1412 chiron-part-1417 chiron-part-1420 chiron-part-1416 chiron-part-1419 chiron-part-1415 chiron-part-1418 chiron-part-1425 chiron-part-1426 chiron-part-1423 chiron-part-1424 chiron-part-1421 chiron-part-1422 chiron-part-1428 chiron-part-1429 chiron-part-1427 chiron-part-1430 chiron-part-1431 chiron-part-1432 chiron-part-1434 chiron-part-1433 chiron-part-1435 chiron-part-1436 chiron-part-1437 chiron-part-1438 chiron-part-1439 chiron-part-1441 chiron-part-1442 chiron-part-1440 chiron-part-1443 chiron-part-1445 chiron-part-1444 chiron-part-1451 chiron-part-1447 chiron-part-1446 chiron-part-1448 chiron-part-1449 chiron-part-1450 chiron-part-1452 chiron-part-1453 chiron-part-1454 chiron-part-1455 chiron-part-1456 chiron-part-1457 chiron-part-1458 chiron-part-1459 chiron-part-1460 chiron-part-1461 chiron-part-1462 chiron-part-1463 chiron-part-1464 chiron-part-1469 chiron-part-1472 chiron-part-1473 chiron-part-1474 chiron-part-1475 chiron-part-1465 chiron-part-1466 chiron-part-1467 chiron-part-1468 chiron-part-1470 chiron-part-1471 chiron-part-1479 chiron-part-1480 chiron-part-1476 chiron-part-1477 chiron-part-1478 chiron-part-1481 chiron-part-1483 chiron-part-1484 chiron-part-1485 chiron-part-1486 chiron-part-1490 chiron-part-1487 chiron-part-1488 chiron-part-1489 chiron-part-1482 chiron-part-1493 chiron-part-1494 chiron-part-1495 chiron-part-1496 chiron-part-1499 chiron-part-1497 chiron-part-1498 chiron-part-1491 chiron-part-1492 chiron-part-1500 chiron-part-1501 chiron-part-1502 chiron-part-1503 chiron-part-1504 chiron-part-1505 chiron-part-1506 chiron-part-1507 chiron-part-1508 chiron-part-1513 chiron-part-1511 chiron-part-1512 chiron-part-1509 chiron-part-1510 chiron-part-1514 chiron-part-1515 chiron-part-1516 chiron-part-1517 chiron-part-1518 chiron-part-1519 chiron-part-1520 chiron-part-1521 chiron-part-1524 chiron-part-1522 chiron-part-1523 chiron-part-1525 chiron-part-1528 chiron-part-1527 chiron-part-1526 chiron-part-1529 chiron-part-1530 chiron-part-1531 chiron-part-1532 chiron-part-1533 chiron-part-1534 chiron-part-1542 chiron-part-1537 chiron-part-1541 chiron-part-1536 chiron-part-1539 chiron-part-1535 chiron-part-1540 chiron-part-1538 chiron-part-1544 chiron-part-1543 chiron-part-1546 chiron-part-1547 chiron-part-1545 chiron-part-1549 chiron-part-1548 chiron-part-1554 chiron-part-1550 chiron-part-1551 chiron-part-1552 chiron-part-1553 chiron-part-1561 chiron-part-1562 chiron-part-1555 chiron-part-1556 chiron-part-1557 chiron-part-1558 chiron-part-1559 chiron-part-1560 chiron-part-1563 chiron-part-1567 chiron-part-1564 chiron-part-1565 chiron-part-1568 chiron-part-1569 chiron-part-1566 chiron-part-1570 chiron-part-1571 chiron-part-1572 chiron-part-1573 chiron-part-1574 chiron-part-1577 chiron-part-1575 chiron-part-1576 chiron-part-1578 chiron-part-1581 chiron-part-1579 chiron-part-1580 chiron-part-1584 chiron-part-1587 chiron-part-3587 chiron-part-3588 chiron-part-3589 chiron-part-3590 chiron-part-1582 chiron-part-1583 chiron-part-1585 chiron-part-1586 chiron-part-1588 chiron-part-1589 chiron-part-1590 chiron-part-1591 chiron-part-1592 chiron-part-1599 chiron-part-1593 chiron-part-1594 chiron-part-1595 chiron-part-1596 chiron-part-1597 chiron-part-1598 chiron-part-1600 chiron-part-1601 chiron-part-1602 chiron-part-1603 chiron-part-1604 chiron-part-1605 chiron-part-1606 chiron-part-1613 chiron-part-3580 chiron-part-1610 chiron-part-1608 chiron-part-1609 chiron-part-1612 chiron-part-1611 chiron-part-1607 chiron-part-1615 chiron-part-1616 chiron-part-1617 chiron-part-1618 chiron-part-1619 chiron-part-1620 chiron-part-1621 chiron-part-1614 chiron-part-1622 chiron-part-1625 chiron-part-1626 chiron-part-1623 chiron-part-1624 chiron-part-1628 chiron-part-1629 chiron-part-1627 chiron-part-1631 chiron-part-1630 chiron-part-1632 chiron-part-1633 chiron-part-1634 chiron-part-1636 chiron-part-1635 chiron-part-1637 chiron-part-1638 chiron-part-1639 chiron-part-1640 chiron-part-1641 chiron-part-1642 chiron-part-1643 chiron-part-1644 chiron-part-1645 chiron-part-1652 chiron-part-1646 chiron-part-1647 chiron-part-1648 chiron-part-1649 chiron-part-1650 chiron-part-1651 chiron-part-1653 chiron-part-1654 chiron-part-1655 chiron-part-1656 chiron-part-1657 chiron-part-1658 chiron-part-1659 chiron-part-1666 chiron-part-3581 chiron-part-1663 chiron-part-1661 chiron-part-1662 chiron-part-1665 chiron-part-1664 chiron-part-1660 chiron-part-1668 chiron-part-1669 chiron-part-1670 chiron-part-1671 chiron-part-1672 chiron-part-1673 chiron-part-1674 chiron-part-1667 chiron-part-1675 chiron-part-1678 chiron-part-1679 chiron-part-1676 chiron-part-1677 chiron-part-1681 chiron-part-1682 chiron-part-1680 chiron-part-1684 chiron-part-1683 chiron-part-1685 chiron-part-1686 chiron-part-1687 chiron-part-1689 chiron-part-1688 chiron-part-1690 chiron-part-1691 chiron-part-1692 chiron-part-1693 chiron-part-1696 chiron-part-1700 chiron-part-1695 chiron-part-1699 chiron-part-1694 chiron-part-1697 chiron-part-1698 chiron-part-1701 chiron-part-1704 chiron-part-1705 chiron-part-1713 chiron-part-1714 chiron-part-1708 chiron-part-1717 chiron-part-1702 chiron-part-1706 chiron-part-1711 chiron-part-1715 chiron-part-1703 chiron-part-1707 chiron-part-1709 chiron-part-1710 chiron-part-1712 chiron-part-1716 chiron-part-1718 chiron-part-1723 chiron-part-1721 chiron-part-1726 chiron-part-1719 chiron-part-1724 chiron-part-1722 chiron-part-1727 chiron-part-1720 chiron-part-1725 chiron-part-1729 chiron-part-1728 chiron-part-1730 chiron-part-1731 chiron-part-1732 chiron-part-1733 chiron-part-1734 chiron-part-1735 chiron-part-1736 chiron-part-1738 chiron-part-1740 chiron-part-1742 chiron-part-1737 chiron-part-1739 chiron-part-1741 chiron-part-1743 chiron-part-1744 chiron-part-1745 chiron-part-1746 chiron-part-1747 chiron-part-3591 chiron-part-3592 chiron-part-1748 chiron-part-1749 chiron-part-1750 chiron-part-1751 chiron-part-1752 chiron-part-1753 chiron-part-1754 chiron-part-1755 chiron-part-1756 chiron-part-1757 chiron-part-1758 chiron-part-1764 chiron-part-1765 chiron-part-1763 chiron-part-1759 chiron-part-1760 chiron-part-1761 chiron-part-1762 chiron-part-1767 chiron-part-1766 chiron-part-1768 chiron-part-1769 chiron-part-1770 chiron-part-1771 chiron-part-1776 chiron-part-1781 chiron-part-1772 chiron-part-1773 chiron-part-1774 chiron-part-1775 chiron-part-1777 chiron-part-1778 chiron-part-1779 chiron-part-1780 chiron-part-1782 chiron-part-1783 chiron-part-1784 chiron-part-1785 chiron-part-1786 chiron-part-1787 chiron-part-1788 chiron-part-1791 chiron-part-1789 chiron-part-1790 chiron-part-1792 chiron-part-1793 chiron-part-1794 chiron-part-1795 chiron-part-1796 chiron-part-1797 chiron-part-1798 chiron-part-1799 chiron-part-1800 chiron-part-1801 chiron-part-1802 chiron-part-1803 chiron-part-1804 chiron-part-1805 chiron-part-1806 chiron-part-1807 chiron-part-1808 chiron-part-1811 chiron-part-1812 chiron-part-1815 chiron-part-1816 chiron-part-1809 chiron-part-1813 chiron-part-1810 chiron-part-1814 chiron-part-1818 chiron-part-1820 chiron-part-1819 chiron-part-1821 chiron-part-1817 chiron-part-1823 chiron-part-1825 chiron-part-1824 chiron-part-1826 chiron-part-1822 chiron-part-1827 chiron-part-1828 chiron-part-1829 chiron-part-1830 chiron-part-1831 chiron-part-1835 chiron-part-1843 chiron-part-1838 chiron-part-1837 chiron-part-1834 chiron-part-1836 chiron-part-1839 chiron-part-1833 chiron-part-1840 chiron-part-1832 chiron-part-1841 chiron-part-1842 chiron-part-1847 chiron-part-1845 chiron-part-1846 chiron-part-1844 chiron-part-1848 chiron-part-1849 chiron-part-1850 chiron-part-1851 chiron-part-1852 chiron-part-1853 chiron-part-1854 chiron-part-1855 chiron-part-1856 chiron-part-1857 chiron-part-1858 chiron-part-1861 chiron-part-1860 chiron-part-1863 chiron-part-1859 chiron-part-1862 chiron-part-1868 chiron-part-1875 chiron-part-1870 chiron-part-1864 chiron-part-1867 chiron-part-1869 chiron-part-1871 chiron-part-1866 chiron-part-1872 chiron-part-1865 chiron-part-1873 chiron-part-1874 chiron-part-1879 chiron-part-1877 chiron-part-1878 chiron-part-1876 chiron-part-1880 chiron-part-1881 chiron-part-1882 chiron-part-1883 chiron-part-1884 chiron-part-1888 chiron-part-1886 chiron-part-1887 chiron-part-1889 chiron-part-1890 chiron-part-1885 chiron-part-1892 chiron-part-3573 chiron-part-1893 chiron-part-1891 chiron-part-1894 chiron-part-1897 chiron-part-1902 chiron-part-1898 chiron-part-1895 chiron-part-1899 chiron-part-1896 chiron-part-1900 chiron-part-1901 chiron-part-1905 chiron-part-1903 chiron-part-1904 chiron-part-1908 chiron-part-1911 chiron-part-1915 chiron-part-1923 chiron-part-1906 chiron-part-1909 chiron-part-1907 chiron-part-1910 chiron-part-1913 chiron-part-1916 chiron-part-1921 chiron-part-1924 chiron-part-1912 chiron-part-1920 chiron-part-1917 chiron-part-1925 chiron-part-1914 chiron-part-1918 chiron-part-1919 chiron-part-1922 chiron-part-1928 chiron-part-1926 chiron-part-1927 chiron-part-1931 chiron-part-1929 chiron-part-1930 chiron-part-1933 chiron-part-1934 chiron-part-1932 chiron-part-1940 chiron-part-1935 chiron-part-1939 chiron-part-1936 chiron-part-1937 chiron-part-1938 chiron-part-1943 chiron-part-1941 chiron-part-1942 chiron-part-1950 chiron-part-1945 chiron-part-1949 chiron-part-1946 chiron-part-1947 chiron-part-1948 chiron-part-1944 chiron-part-1951 chiron-part-1952 chiron-part-1954 chiron-part-1955 chiron-part-1956 chiron-part-1957 chiron-part-1958 chiron-part-1959 chiron-part-1960 chiron-part-3575 chiron-part-1953 chiron-part-1963 chiron-part-1964 chiron-part-1965 chiron-part-1966 chiron-part-1967 chiron-part-1968 chiron-part-1961 chiron-part-3576 chiron-part-1962 chiron-part-1969 chiron-part-1970 chiron-part-1973 chiron-part-1971 chiron-part-1979 chiron-part-1980 chiron-part-1972 chiron-part-1974 chiron-part-1975 chiron-part-1977 chiron-part-1976 chiron-part-1981 chiron-part-1982 chiron-part-1978 chiron-part-1983 chiron-part-1984 chiron-part-1985 chiron-part-1986 chiron-part-1987 chiron-part-1988 chiron-part-1989 chiron-part-1990 chiron-part-1991 chiron-part-1992 chiron-part-1993 chiron-part-1994 chiron-part-1995 chiron-part-1996 chiron-part-1999 chiron-part-1997 chiron-part-1998 chiron-part-2000 chiron-part-2001 chiron-part-2002 chiron-part-2003 chiron-part-2006 chiron-part-2007 chiron-part-2004 chiron-part-2005 chiron-part-2008 chiron-part-2009 chiron-part-2010 chiron-part-2011 chiron-part-2012 chiron-part-2022 chiron-part-2023 chiron-part-2018 chiron-part-2019 chiron-part-2028 chiron-part-2014 chiron-part-2015 chiron-part-2016 chiron-part-2017 chiron-part-2013 chiron-part-2020 chiron-part-2021 chiron-part-2024 chiron-part-2025 chiron-part-2026 chiron-part-2027 chiron-part-2030 chiron-part-2031 chiron-part-2029 chiron-part-2034 chiron-part-2035 chiron-part-2036 chiron-part-2037 chiron-part-2038 chiron-part-2039 chiron-part-2040 chiron-part-2041 chiron-part-2032 chiron-part-2033 chiron-part-2042 chiron-part-2043 chiron-part-2047 chiron-part-2048 chiron-part-2044 chiron-part-2049 chiron-part-2045 chiron-part-2050 chiron-part-2046 chiron-part-2051 chiron-part-2052 chiron-part-2053 chiron-part-2060 chiron-part-2061 chiron-part-2063 chiron-part-2057 chiron-part-2058 chiron-part-2059 chiron-part-2062 chiron-part-2064 chiron-part-2054 chiron-part-2055 chiron-part-2056 chiron-part-2065 chiron-part-2067 chiron-part-2068 chiron-part-2069 chiron-part-2070 chiron-part-2066 chiron-part-2071 chiron-part-2072 chiron-part-2073 chiron-part-2074 chiron-part-2075 chiron-part-2076 chiron-part-2077 chiron-part-2078 chiron-part-2079 chiron-part-2081 chiron-part-2080 chiron-part-2084 chiron-part-2082 chiron-part-2083 chiron-part-2085 chiron-part-2086 chiron-part-2087 chiron-part-2089 chiron-part-2088 chiron-part-2090 chiron-part-2091 chiron-part-2093 chiron-part-2094 chiron-part-2095 chiron-part-2096 chiron-part-2092 chiron-part-2097 chiron-part-2098 chiron-part-2099 chiron-part-2100 chiron-part-2101 chiron-part-2102 chiron-part-2103 chiron-part-2104 chiron-part-2105 chiron-part-2107 chiron-part-2106 chiron-part-2110 chiron-part-2108 chiron-part-2109 chiron-part-2111 chiron-part-2112 chiron-part-2113 chiron-part-2115 chiron-part-2114 chiron-part-2116 chiron-part-2117 chiron-part-2122 chiron-part-2119 chiron-part-2123 chiron-part-2125 chiron-part-2126 chiron-part-2118 chiron-part-2124 chiron-part-2120 chiron-part-2121 chiron-part-2128 chiron-part-2127 chiron-part-2129 chiron-part-2130 chiron-part-2131 chiron-part-2132 chiron-part-2133 chiron-part-2134 chiron-part-2135 chiron-part-2136 chiron-part-2137 chiron-part-2140 chiron-part-2141 chiron-part-2143 chiron-part-2142 chiron-part-2138 chiron-part-2139 chiron-part-2146 chiron-part-2147 chiron-part-2149 chiron-part-2148 chiron-part-2144 chiron-part-2145 chiron-part-2150 chiron-part-2151 chiron-part-2152 chiron-part-2153 chiron-part-2158 chiron-part-2155 chiron-part-2160 chiron-part-2161 chiron-part-2156 chiron-part-2157 chiron-part-2159 chiron-part-2154 chiron-part-2162 chiron-part-2163 chiron-part-2165 chiron-part-2164 chiron-part-2170 chiron-part-2167 chiron-part-2172 chiron-part-2173 chiron-part-2168 chiron-part-2169 chiron-part-2171 chiron-part-2166 chiron-part-2174 chiron-part-2175 chiron-part-2176 chiron-part-2177 chiron-part-2178 chiron-part-2180 chiron-part-2179 chiron-part-2185 chiron-part-2182 chiron-part-2186 chiron-part-2188 chiron-part-2189 chiron-part-2181 chiron-part-2187 chiron-part-2183 chiron-part-2184 chiron-part-2190 chiron-part-2191 chiron-part-2193 chiron-part-2192 chiron-part-2194 chiron-part-2195 chiron-part-2196 chiron-part-2201 chiron-part-2202 chiron-part-2199 chiron-part-2203 chiron-part-2204 chiron-part-2197 chiron-part-2198 chiron-part-2200 chiron-part-2205 chiron-part-2208 chiron-part-2206 chiron-part-2207 chiron-part-2210 chiron-part-2209 chiron-part-2211 chiron-part-2212 chiron-part-2213 chiron-part-2214 chiron-part-2215 chiron-part-2216 chiron-part-2217 chiron-part-2219 chiron-part-2218 chiron-part-2221 chiron-part-2220 chiron-part-2226 chiron-part-2227 chiron-part-2228 chiron-part-2229 chiron-part-2222 chiron-part-2223 chiron-part-2224 chiron-part-2225 chiron-part-2231 chiron-part-2230 chiron-part-2233 chiron-part-2234 chiron-part-2232 chiron-part-2235 chiron-part-2236 chiron-part-2237 chiron-part-2239 chiron-part-2238 chiron-part-2240 chiron-part-2241 chiron-part-2242 chiron-part-2243 chiron-part-2244 chiron-part-2247 chiron-part-2245 chiron-part-2246 chiron-part-2248 chiron-part-2249 chiron-part-2251 chiron-part-2250 chiron-part-2252 chiron-part-2253 chiron-part-2254 chiron-part-2259 chiron-part-2260 chiron-part-2261 chiron-part-2262 chiron-part-2257 chiron-part-2255 chiron-part-2256 chiron-part-2258 chiron-part-2263 chiron-part-2266 chiron-part-2264 chiron-part-2265 chiron-part-2268 chiron-part-2267 chiron-part-2269 chiron-part-2270 chiron-part-2271 chiron-part-2272 chiron-part-2273 chiron-part-2274 chiron-part-2275 chiron-part-2277 chiron-part-2276 chiron-part-2279 chiron-part-2278 chiron-part-2284 chiron-part-2285 chiron-part-2286 chiron-part-2287 chiron-part-2280 chiron-part-2281 chiron-part-2282 chiron-part-2283 chiron-part-2289 chiron-part-2288 chiron-part-2291 chiron-part-2292 chiron-part-2290 chiron-part-2293 chiron-part-2294 chiron-part-2295 chiron-part-2297 chiron-part-2296 chiron-part-2298 chiron-part-2299 chiron-part-2300 chiron-part-2301 chiron-part-2302 chiron-part-2305 chiron-part-2303 chiron-part-2304 chiron-part-2306 chiron-part-2307 chiron-part-2308 chiron-part-2309 chiron-part-2318 chiron-part-2311 chiron-part-2312 chiron-part-2314 chiron-part-2315 chiron-part-2316 chiron-part-2317 chiron-part-2319 chiron-part-2310 chiron-part-2313 chiron-part-2320 chiron-part-2323 chiron-part-2321 chiron-part-2322 chiron-part-2324 chiron-part-2330 chiron-part-2331 chiron-part-2326 chiron-part-2327 chiron-part-2328 chiron-part-2329 chiron-part-2325 chiron-part-2332 chiron-part-2333 chiron-part-2335 chiron-part-2336 chiron-part-2334 chiron-part-2337 chiron-part-2338 chiron-part-2339 chiron-part-2342 chiron-part-2340 chiron-part-2343 chiron-part-2344 chiron-part-2341 chiron-part-2346 chiron-part-2345 chiron-part-2347 chiron-part-2348 chiron-part-2350 chiron-part-2351 chiron-part-2349 chiron-part-2352 chiron-part-2353 chiron-part-2354 chiron-part-2355 chiron-part-2356 chiron-part-2358 chiron-part-2357 chiron-part-2359 chiron-part-2360 chiron-part-2361 chiron-part-2362 chiron-part-2364 chiron-part-2363 chiron-part-2366 chiron-part-2369 chiron-part-2368 chiron-part-2370 chiron-part-2367 chiron-part-2372 chiron-part-2373 chiron-part-2374 chiron-part-2371 chiron-part-2376 chiron-part-2377 chiron-part-2375 chiron-part-2378 chiron-part-2379 chiron-part-2380 chiron-part-2381 chiron-part-2382 chiron-part-2384 chiron-part-2383 chiron-part-2387 chiron-part-2385 chiron-part-2386 chiron-part-2388 chiron-part-2390 chiron-part-2389 chiron-part-2393 chiron-part-2396 chiron-part-2395 chiron-part-2392 chiron-part-2394 chiron-part-2397 chiron-part-2398 chiron-part-2399 chiron-part-2400 chiron-part-2401 chiron-part-2402 chiron-part-2405 chiron-part-2403 chiron-part-2404 chiron-part-2407 chiron-part-2406 chiron-part-2408 chiron-part-2409 chiron-part-2410 chiron-part-2413 chiron-part-2412 chiron-part-2411 chiron-part-2416 chiron-part-2414 chiron-part-2415 chiron-part-2417 chiron-part-2418 chiron-part-2419 chiron-part-2420 chiron-part-2421 chiron-part-2424 chiron-part-2423 chiron-part-2422 chiron-part-2433 chiron-part-2430 chiron-part-2432 chiron-part-2425 chiron-part-2427 chiron-part-2431 chiron-part-2426 chiron-part-2428 chiron-part-2429 chiron-part-2436 chiron-part-2437 chiron-part-2438 chiron-part-2439 chiron-part-2434 chiron-part-2435 chiron-part-2441 chiron-part-2440 chiron-part-2443 chiron-part-2442 chiron-part-2444 chiron-part-2449 chiron-part-2445 chiron-part-2451 chiron-part-2453 chiron-part-2447 chiron-part-2448 chiron-part-2454 chiron-part-2446 chiron-part-2450 chiron-part-2452 chiron-part-2459 chiron-part-2461 chiron-part-2458 chiron-part-2460 chiron-part-2471 chiron-part-2455 chiron-part-2456 chiron-part-2457 chiron-part-2464 chiron-part-2463 chiron-part-2466 chiron-part-2462 chiron-part-2465 chiron-part-2468 chiron-part-2469 chiron-part-2467 chiron-part-2470 chiron-part-2477 chiron-part-2478 chiron-part-2475 chiron-part-2476 chiron-part-2472 chiron-part-2474 chiron-part-2473 chiron-part-2479 chiron-part-2482 chiron-part-2480 chiron-part-2481 chiron-part-2484 chiron-part-2483 chiron-part-2485 chiron-part-2486 chiron-part-2487 chiron-part-2490 chiron-part-2491 chiron-part-2492 chiron-part-2494 chiron-part-2495 chiron-part-2493 chiron-part-2489 chiron-part-2488 chiron-part-2496 chiron-part-2497 chiron-part-2498 chiron-part-2501 chiron-part-2500 chiron-part-2499 chiron-part-2510 chiron-part-2507 chiron-part-2509 chiron-part-2502 chiron-part-2504 chiron-part-2508 chiron-part-2503 chiron-part-2505 chiron-part-2506 chiron-part-2513 chiron-part-2514 chiron-part-2515 chiron-part-2516 chiron-part-2511 chiron-part-2512 chiron-part-2518 chiron-part-2517 chiron-part-2520 chiron-part-2519 chiron-part-2521 chiron-part-2526 chiron-part-2523 chiron-part-2527 chiron-part-2524 chiron-part-2525 chiron-part-2531 chiron-part-2530 chiron-part-2529 chiron-part-2522 chiron-part-2528 chiron-part-2536 chiron-part-2538 chiron-part-2535 chiron-part-2537 chiron-part-2548 chiron-part-2532 chiron-part-2533 chiron-part-2534 chiron-part-2541 chiron-part-2540 chiron-part-2542 chiron-part-2543 chiron-part-2539 chiron-part-2545 chiron-part-2546 chiron-part-2544 chiron-part-2547 chiron-part-2549 chiron-part-2555 chiron-part-2553 chiron-part-2554 chiron-part-2550 chiron-part-2552 chiron-part-2551 chiron-part-2556 chiron-part-2557 chiron-part-2558 chiron-part-2560 chiron-part-2561 chiron-part-2559 chiron-part-2562 chiron-part-2563 chiron-part-2564 chiron-part-2565 chiron-part-2566 chiron-part-2568 chiron-part-2569 chiron-part-2567 chiron-part-2571 chiron-part-2572 chiron-part-2573 chiron-part-2574 chiron-part-2570 chiron-part-2576 chiron-part-2577 chiron-part-2575 chiron-part-2578 chiron-part-2579 chiron-part-2580 chiron-part-2581 chiron-part-2582 chiron-part-2583 chiron-part-2584 chiron-part-2585 chiron-part-2588 chiron-part-2589 chiron-part-2590 chiron-part-2586 chiron-part-2587 chiron-part-2591 chiron-part-2592 chiron-part-2596 chiron-part-2594 chiron-part-2595 chiron-part-2593 chiron-part-2600 chiron-part-2604 chiron-part-2597 chiron-part-2601 chiron-part-2598 chiron-part-2602 chiron-part-2599 chiron-part-2603 chiron-part-2605 chiron-part-2607 chiron-part-2610 chiron-part-2612 chiron-part-2608 chiron-part-2613 chiron-part-2606 chiron-part-2611 chiron-part-2609 chiron-part-2614 chiron-part-2624 chiron-part-2615 chiron-part-2620 chiron-part-2616 chiron-part-2617 chiron-part-2618 chiron-part-2619 chiron-part-2622 chiron-part-2623 chiron-part-2621 chiron-part-2625 chiron-part-2627 chiron-part-2628 chiron-part-2629 chiron-part-2630 chiron-part-2626 chiron-part-2631 chiron-part-2632 chiron-part-2633 chiron-part-2635 chiron-part-2636 chiron-part-2634 chiron-part-2638 chiron-part-2639 chiron-part-2640 chiron-part-2641 chiron-part-2637 chiron-part-2642 chiron-part-2643 chiron-part-2644 chiron-part-2645 chiron-part-2648 chiron-part-2646 chiron-part-2647 chiron-part-2650 chiron-part-2649 chiron-part-2651 chiron-part-2652 chiron-part-2656 chiron-part-2655 chiron-part-2654 chiron-part-2653 chiron-part-2657 chiron-part-2659 chiron-part-2660 chiron-part-2661 chiron-part-2662 chiron-part-2663 chiron-part-2664 chiron-part-2666 chiron-part-2665 chiron-part-2658 chiron-part-2667 chiron-part-2669 chiron-part-2668 chiron-part-2670 chiron-part-2671 chiron-part-2672 chiron-part-2674 chiron-part-2673 chiron-part-2676 chiron-part-2677 chiron-part-2675 chiron-part-2678 chiron-part-2679 chiron-part-2680 chiron-part-2682 chiron-part-2683 chiron-part-2681 chiron-part-2684 chiron-part-2687 chiron-part-2686 chiron-part-2685 chiron-part-2689 chiron-part-2690 chiron-part-2691 chiron-part-2688 chiron-part-2696 chiron-part-2695 chiron-part-2694 chiron-part-2692 chiron-part-2697 chiron-part-2699 chiron-part-2700 chiron-part-2701 chiron-part-2702 chiron-part-2703 chiron-part-2704 chiron-part-2705 chiron-part-2693 chiron-part-2698 chiron-part-2706 chiron-part-2707 chiron-part-2708 chiron-part-2710 chiron-part-2709 chiron-part-2711 chiron-part-2712 chiron-part-2713 chiron-part-2714 chiron-part-2716 chiron-part-2715 chiron-part-2728 chiron-part-2729 chiron-part-2721 chiron-part-2723 chiron-part-2724 chiron-part-2725 chiron-part-2726 chiron-part-2727 chiron-part-2717 chiron-part-2720 chiron-part-2722 chiron-part-2718 chiron-part-2719"
"747","chiron-747","6257444","171","2","2","370526:1 6100932:1","chiron-part-2730 chiron-part-2731","",""
"748","chiron-748","6257444","172","0","0","","","Press the steering connection into place","chiron-part-2730 chiron-part-2731"
"749","chiron-749","6257444","173","4","4","4211622:1 6151688:1 4125213:1 370526:1","chiron-part-2733 chiron-part-3582 chiron-part-2734 chiron-part-2732","",""
"750","chiron-750","6257444","174 175","6","6","4121715:3 4120017:1 6220599:1 4558740:1","chiron-part-2736 chiron-part-2737 chiron-part-2739 chiron-part-2740 chiron-part-2735 chiron-part-2738","",""
"751","chiron-751","6257444","176","3","3","4112874:1 6000650:2","chiron-part-2742 chiron-part-2741 chiron-part-2743","",""
"752","chiron-752","6257444","176","2","2","3200026:2","chiron-part-2744 chiron-part-2745","",""
"753","chiron-753","6257444","176","2","2","302026:1 302326:1","chiron-part-2746 chiron-part-2747","",""
"754","chiron-754","6257444","176","3","3","614101:1 6070695:2","chiron-part-2750 chiron-part-2748 chiron-part-2749","",""
"755","chiron-755","6257444","176","1","1","6070695:1","chiron-part-2751","",""
"756","chiron-756","6257444","177","7","7","6181713:1 6181720:1 307026:1 6093038:2 4496699:1 6174917:1","chiron-part-2757 chiron-part-2758 chiron-part-2754 chiron-part-2755 chiron-part-2756 chiron-part-2753 chiron-part-2752","",""
"757","chiron-757","6257444","177","0","0","","","Apply the instrument panel stickers shown in the booklet","chiron-part-2742 chiron-part-2741 chiron-part-2743 chiron-part-2744 chiron-part-2745 chiron-part-2746 chiron-part-2747 chiron-part-2750 chiron-part-2748 chiron-part-2749 chiron-part-2751 chiron-part-2757 chiron-part-2758 chiron-part-2754 chiron-part-2755 chiron-part-2756 chiron-part-2753 chiron-part-2752"
"758","chiron-758","6257444","177","2","2","6073231:2","chiron-part-2759 chiron-part-2760","",""
"759","chiron-759","6257444","177","2","2","4514553:2","chiron-part-2761 chiron-part-2762","",""
"760","chiron-760","6257444","178","0","0","","","Attach the instrument panel","chiron-part-2742 chiron-part-2741 chiron-part-2743 chiron-part-2744 chiron-part-2745 chiron-part-2746 chiron-part-2747 chiron-part-2750 chiron-part-2748 chiron-part-2749 chiron-part-2751 chiron-part-2757 chiron-part-2758 chiron-part-2754 chiron-part-2755 chiron-part-2756 chiron-part-2753 chiron-part-2752 chiron-part-2759 chiron-part-2760 chiron-part-2761 chiron-part-2762"
"761","chiron-761","6257444","179","7","7","4120017:2 4121715:4 6209519:1","chiron-part-2763 chiron-part-2767 chiron-part-2764 chiron-part-2765 chiron-part-2766 chiron-part-2769 chiron-part-2768","",""
"762","chiron-762","6257444","180","4","4","4121715:1 4142865:1 4211775:2","chiron-part-2770 chiron-part-2772 chiron-part-2771 chiron-part-2773","",""
"763","chiron-763","6257444","181","5","5","4121715:2 4142865:1 4173970:1 6163689:1","chiron-part-2774 chiron-part-2775 chiron-part-2777 chiron-part-2776 chiron-part-2778","",""
"764","chiron-764","6257444","182 183","11","11","4173970:1 6006140:1 6007966:1 4111998:1 4121715:4 4206482:3","chiron-part-2785 chiron-part-2788 chiron-part-2784 chiron-part-2779 chiron-part-2780 chiron-part-2781 chiron-part-2782 chiron-part-2789 chiron-part-2783 chiron-part-2786 chiron-part-2787","",""
"765","chiron-765","6257444","184 185","12","12","4121715:7 4514553:1 6163687:1 6211951:1 6211928:1 4211775:1","chiron-part-2792 chiron-part-2793 chiron-part-2796 chiron-part-2797 chiron-part-2798 chiron-part-2800 chiron-part-2801 chiron-part-2791 chiron-part-2799 chiron-part-2790 chiron-part-2794 chiron-part-2795","",""
"766","chiron-766","6257444","186","3","3","4121715:1 4211865:1 6216110:1","chiron-part-2802 chiron-part-2804 chiron-part-2803","",""
"767","chiron-767","6257444","187","4","4","4121715:1 4142865:1 6006140:1 6023036:1","chiron-part-2805 chiron-part-2807 chiron-part-2806 chiron-part-2808","",""
"768","chiron-768","6257444","188 189","9","9","4121715:5 4120017:1 4558775:1 6220599:2","chiron-part-2811 chiron-part-2812 chiron-part-2813 chiron-part-2815 chiron-part-2816 chiron-part-2814 chiron-part-2809 chiron-part-2810 chiron-part-2817","",""
"769","chiron-769","6257444","190","7","7","4120017:2 4121715:4 6209519:1","chiron-part-2818 chiron-part-2819 chiron-part-2820 chiron-part-2821 chiron-part-2822 chiron-part-2824 chiron-part-2823","",""
"770","chiron-770","6257444","191","4","4","4121715:1 4142865:1 6006140:1 6022761:1","chiron-part-2825 chiron-part-2827 chiron-part-2831 chiron-part-2829","",""
"771","chiron-771","6257444","192","5","5","4121715:2 4142865:1 4173970:1 6163689:1","chiron-part-2830 chiron-part-2834 chiron-part-2832 chiron-part-2836 chiron-part-2833","",""
"772","chiron-772","6257444","193","4","4","4121715:1 4142865:1 4211775:2","chiron-part-2835 chiron-part-2837 chiron-part-2826 chiron-part-2828","",""
"773","chiron-773","6257444","194 195","11","11","4121715:4 4206482:3 6006140:1 4111998:1 4173970:1 6007966:1","chiron-part-2839 chiron-part-2840 chiron-part-2841 chiron-part-2848 chiron-part-2842 chiron-part-2845 chiron-part-2846 chiron-part-2847 chiron-part-2838 chiron-part-2844 chiron-part-2843","",""
"774","chiron-774","6257444","196","12","12","4211775:1 4514553:1 6163687:1 6211928:1 4121715:7 6211951:1","chiron-part-2854 chiron-part-2850 chiron-part-2858 chiron-part-2853 chiron-part-2851 chiron-part-2852 chiron-part-2855 chiron-part-2856 chiron-part-2857 chiron-part-2859 chiron-part-2860 chiron-part-2849","",""
"775","chiron-775","6257444","197","3","3","4121715:1 4211865:1 6216110:1","chiron-part-2861 chiron-part-2863 chiron-part-2862","",""
"776","chiron-776","6257444","198","2","2","6212057:2","chiron-part-2864 chiron-part-2865","",""
"777","chiron-777","6257444","199","2","2","6083620:2","chiron-part-2866 chiron-part-2867","",""
"778","chiron-778","6257444","204","5","5","6214766:1 4121715:3 4514553:1","chiron-part-2868 chiron-part-2870 chiron-part-2871 chiron-part-2872 chiron-part-2869","",""
"779","chiron-779","6257444","205","3","3","4121715:2 6163684:1","chiron-part-2873 chiron-part-2874 chiron-part-2875","",""
"780","chiron-780","6257444","205","1","1","6218009:1","chiron-part-2876","",""
"781","chiron-781","6257444","205","4","4","4121715:1 4206482:1 6073231:1 6163689:1","chiron-part-2877 chiron-part-2879 chiron-part-2880 chiron-part-2878","",""
"782","chiron-782","6257444","206","2","2","4206482:1 4211865:1","chiron-part-2882 chiron-part-2881","",""
"783","chiron-783","6257444","206","7","7","4206482:1 4514553:3 6163689:2 6216110:1","chiron-part-2889 chiron-part-2883 chiron-part-2886 chiron-part-2887 chiron-part-2884 chiron-part-2885 chiron-part-2888","",""
"784","chiron-784","6257444","207","3","3","4121715:2 6216110:1","chiron-part-2891 chiron-part-2892 chiron-part-2890","",""
"785","chiron-785","6257444","207","1","1","4558740:1","chiron-part-2893","",""
"786","chiron-786","6257444","208","1","1","6029578:1","chiron-part-2894","",""
"787","chiron-787","6257444","208","5","5","4512363:1 6073231:1 6233765:1 6089119:1 370526:1","chiron-part-2896 chiron-part-2899 chiron-part-2898 chiron-part-2895 chiron-part-2897","",""
"788","chiron-788","6257444","209","2","2","4206482:1 4121715:1","chiron-part-2901 chiron-part-2900","",""
"789","chiron-789","6257444","209","1","1","6163691:1","chiron-part-2902","",""
"790","chiron-790","6257444","209","4","4","4211483:4","chiron-part-2903 chiron-part-2904 chiron-part-2905 chiron-part-2906","",""
"791","chiron-791","6257444","210","2","2","6164336:1 6205089:1","chiron-part-2908 chiron-part-2907","",""
"792","chiron-792","6257444","210","0","0","","","Apply the first door stickers shown in the booklet","chiron-part-2868 chiron-part-2870 chiron-part-2871 chiron-part-2872 chiron-part-2869 chiron-part-2873 chiron-part-2874 chiron-part-2875 chiron-part-2876 chiron-part-2877 chiron-part-2879 chiron-part-2880 chiron-part-2878 chiron-part-2882 chiron-part-2881 chiron-part-2889 chiron-part-2883 chiron-part-2886 chiron-part-2887 chiron-part-2884 chiron-part-2885 chiron-part-2888 chiron-part-2891 chiron-part-2892 chiron-part-2890 chiron-part-2893 chiron-part-2894 chiron-part-2896 chiron-part-2899 chiron-part-2898 chiron-part-2895 chiron-part-2897 chiron-part-2901 chiron-part-2900 chiron-part-2902 chiron-part-2903 chiron-part-2904 chiron-part-2905 chiron-part-2906 chiron-part-2908 chiron-part-2907"
"793","chiron-793","6257444","210","1","1","6089119:1","chiron-part-2909","",""
"794","chiron-794","6257444","211","0","0","","","Attach the first door","chiron-part-2868 chiron-part-2870 chiron-part-2871 chiron-part-2872 chiron-part-2869 chiron-part-2873 chiron-part-2874 chiron-part-2875 chiron-part-2876 chiron-part-2877 chiron-part-2879 chiron-part-2880 chiron-part-2878 chiron-part-2882 chiron-part-2881 chiron-part-2889 chiron-part-2883 chiron-part-2886 chiron-part-2887 chiron-part-2884 chiron-part-2885 chiron-part-2888 chiron-part-2891 chiron-part-2892 chiron-part-2890 chiron-part-2893 chiron-part-2894 chiron-part-2896 chiron-part-2899 chiron-part-2898 chiron-part-2895 chiron-part-2897 chiron-part-2901 chiron-part-2900 chiron-part-2902 chiron-part-2903 chiron-part-2904 chiron-part-2905 chiron-part-2906 chiron-part-2908 chiron-part-2907 chiron-part-2909"
"795","chiron-795","6257444","212","6","6","4107085:2 4514553:1 6130002:1 4142865:1 6163689:1","chiron-part-2913 chiron-part-2914 chiron-part-2915 chiron-part-2911 chiron-part-2912 chiron-part-2910","",""
"796","chiron-796","6257444","213","5","5","6214766:1 4121715:3 4514553:1","chiron-part-2916 chiron-part-2918 chiron-part-2919 chiron-part-2920 chiron-part-2917","",""
"797","chiron-797","6257444","213","3","3","4121715:2 6163682:1","chiron-part-2921 chiron-part-2922 chiron-part-2923","",""
"798","chiron-798","6257444","213","1","1","6218010:1","chiron-part-2924","",""
"799","chiron-799","6257444","214","4","4","4121715:1 4206482:1 6073231:1 6163689:1","chiron-part-2925 chiron-part-2927 chiron-part-2928 chiron-part-2926","",""
"800","chiron-800","6257444","214","2","2","4206482:1 4211865:1","chiron-part-2930 chiron-part-2929","",""
"801","chiron-801","6257444","215","7","7","4206482:1 4514553:3 6163689:2 6216110:1","chiron-part-2937 chiron-part-2931 chiron-part-2934 chiron-part-2935 chiron-part-2932 chiron-part-2933 chiron-part-2936","",""
"802","chiron-802","6257444","215","3","3","4121715:2 6216110:1","chiron-part-2939 chiron-part-2940 chiron-part-2938","",""
"803","chiron-803","6257444","215","1","1","4558775:1","chiron-part-2941","",""
"804","chiron-804","6257444","216","1","1","6029578:1","chiron-part-2942","",""
"805","chiron-805","6257444","216","5","5","4512363:1 6073231:1 6233765:1 6089119:1 370526:1","chiron-part-2944 chiron-part-2947 chiron-part-2946 chiron-part-2943 chiron-part-2945","",""
"806","chiron-806","6257444","217","2","2","4206482:1 4121715:1","chiron-part-2949 chiron-part-2948","",""
"807","chiron-807","6257444","217","1","1","6163691:1","chiron-part-2950","",""
"808","chiron-808","6257444","218","4","4","4211483:4","chiron-part-2951 chiron-part-2952 chiron-part-2953 chiron-part-2954","",""
"809","chiron-809","6257444","218","3","3","6164336:1 6205089:1 6089119:1","chiron-part-2956 chiron-part-2955 chiron-part-2957","",""
"810","chiron-810","6257444","218","0","0","","","Apply the second door stickers shown in the booklet","chiron-part-2916 chiron-part-2918 chiron-part-2919 chiron-part-2920 chiron-part-2917 chiron-part-2921 chiron-part-2922 chiron-part-2923 chiron-part-2924 chiron-part-2925 chiron-part-2927 chiron-part-2928 chiron-part-2926 chiron-part-2930 chiron-part-2929 chiron-part-2937 chiron-part-2931 chiron-part-2934 chiron-part-2935 chiron-part-2932 chiron-part-2933 chiron-part-2936 chiron-part-2939 chiron-part-2940 chiron-part-2938 chiron-part-2941 chiron-part-2942 chiron-part-2944 chiron-part-2947 chiron-part-2946 chiron-part-2943 chiron-part-2945 chiron-part-2949 chiron-part-2948 chiron-part-2950 chiron-part-2951 chiron-part-2952 chiron-part-2953 chiron-part-2954 chiron-part-2956 chiron-part-2955 chiron-part-2957"
"811","chiron-811","6257444","219","0","0","","","Attach the second door","chiron-part-2916 chiron-part-2918 chiron-part-2919 chiron-part-2920 chiron-part-2917 chiron-part-2921 chiron-part-2922 chiron-part-2923 chiron-part-2924 chiron-part-2925 chiron-part-2927 chiron-part-2928 chiron-part-2926 chiron-part-2930 chiron-part-2929 chiron-part-2937 chiron-part-2931 chiron-part-2934 chiron-part-2935 chiron-part-2932 chiron-part-2933 chiron-part-2936 chiron-part-2939 chiron-part-2940 chiron-part-2938 chiron-part-2941 chiron-part-2942 chiron-part-2944 chiron-part-2947 chiron-part-2946 chiron-part-2943 chiron-part-2945 chiron-part-2949 chiron-part-2948 chiron-part-2950 chiron-part-2951 chiron-part-2952 chiron-part-2953 chiron-part-2954 chiron-part-2956 chiron-part-2955 chiron-part-2957"
"812","chiron-812","6257444","220","6","6","4142865:1 4514553:1 6130002:1 4107085:2 6163689:1","chiron-part-2961 chiron-part-2958 chiron-part-2960 chiron-part-2962 chiron-part-2963 chiron-part-2959","",""
"813","chiron-813","6257444","221","2","2","6163689:2","chiron-part-2964 chiron-part-2965","",""
"814","chiron-814","6257444","222","5","5","4121715:4 4142135:1","chiron-part-2967 chiron-part-2968 chiron-part-2969 chiron-part-2970 chiron-part-2966","",""
"815","chiron-815","6257444","222","6","6","4522934:2 4121715:4","chiron-part-2971 chiron-part-2972 chiron-part-2973 chiron-part-2974 chiron-part-2975 chiron-part-2976","",""
"816","chiron-816","6257444","223","3","3","4112282:1 4121715:1 4514553:1","chiron-part-2981 chiron-part-2979 chiron-part-2977","",""
"817","chiron-817","6257444","223","3","3","4112282:1 4121715:1 4514553:1","chiron-part-2982 chiron-part-2980 chiron-part-2978","",""
"818","chiron-818","6257444","224","6","6","4121715:2 4173970:2 4514553:2","chiron-part-2984 chiron-part-2988 chiron-part-2985 chiron-part-2986 chiron-part-2983 chiron-part-2987","",""
"819","chiron-819","6257444","224","2","2","4206482:2","chiron-part-2989 chiron-part-2990","",""
"820","chiron-820","6257444","225","6","6","4121715:2 6130007:2 6233765:2","chiron-part-2991 chiron-part-2994 chiron-part-2992 chiron-part-2995 chiron-part-2993 chiron-part-2996","",""
"821","chiron-821","6257444","225","4","4","4563044:2 6177114:2","chiron-part-2997 chiron-part-2998 chiron-part-2999 chiron-part-3000","",""
"822","chiron-822","6257444","226","2","2","6211951:2","chiron-part-3001 chiron-part-3002","",""
"823","chiron-823","6257444","226","2","2","6209519:2","chiron-part-3003 chiron-part-3004","",""
"824","chiron-824","6257444","227","0","0","","","Attach the front bumper support","chiron-part-2967 chiron-part-2968 chiron-part-2969 chiron-part-2970 chiron-part-2966 chiron-part-2971 chiron-part-2972 chiron-part-2973 chiron-part-2974 chiron-part-2975 chiron-part-2976 chiron-part-2981 chiron-part-2979 chiron-part-2977 chiron-part-2982 chiron-part-2980 chiron-part-2978 chiron-part-2984 chiron-part-2988 chiron-part-2985 chiron-part-2986 chiron-part-2983 chiron-part-2987 chiron-part-2989 chiron-part-2990 chiron-part-2991 chiron-part-2994 chiron-part-2992 chiron-part-2995 chiron-part-2993 chiron-part-2996 chiron-part-2997 chiron-part-2998 chiron-part-2999 chiron-part-3000 chiron-part-3001 chiron-part-3002 chiron-part-3003 chiron-part-3004"
"825","chiron-825","6257444","228","6","6","4211567:2 6005331:2 6123815:2","chiron-part-3006 chiron-part-3009 chiron-part-3005 chiron-part-3008 chiron-part-3007 chiron-part-3010","",""
"826","chiron-826","6257444","229 230","16","16","4514553:1 6089119:2 4211865:2 4121715:3 6233765:4 4552348:1 4206482:1 4173970:1 6163682:1","chiron-part-3015 chiron-part-3017 chiron-part-3018 chiron-part-3025 chiron-part-3026 chiron-part-3012 chiron-part-3013 chiron-part-3014 chiron-part-3019 chiron-part-3020 chiron-part-3021 chiron-part-3022 chiron-part-3016 chiron-part-3023 chiron-part-3024 chiron-part-3011","",""
"827","chiron-827","6257444","231 232","16","16","4514553:1 6089119:2 4211865:2 4121715:3 6233765:4 4552348:1 4206482:1 4173970:1 6163684:1","chiron-part-3031 chiron-part-3033 chiron-part-3034 chiron-part-3041 chiron-part-3042 chiron-part-3028 chiron-part-3029 chiron-part-3030 chiron-part-3035 chiron-part-3036 chiron-part-3037 chiron-part-3038 chiron-part-3032 chiron-part-3039 chiron-part-3040 chiron-part-3027","",""
"828","chiron-828","6257444","233 234","7","7","6102449:1 6029578:2 4121715:4","chiron-part-3046 chiron-part-3043 chiron-part-3047 chiron-part-3044 chiron-part-3045 chiron-part-3048 chiron-part-3049","",""
"829","chiron-829","6257444","235","0","0","","","Press the front corner connectors into place","chiron-part-2967 chiron-part-2968 chiron-part-2969 chiron-part-2970 chiron-part-2966 chiron-part-2971 chiron-part-2972 chiron-part-2973 chiron-part-2974 chiron-part-2975 chiron-part-2976 chiron-part-2981 chiron-part-2979 chiron-part-2977 chiron-part-2982 chiron-part-2980 chiron-part-2978 chiron-part-2984 chiron-part-2988 chiron-part-2985 chiron-part-2986 chiron-part-2983 chiron-part-2987 chiron-part-2989 chiron-part-2990 chiron-part-2991 chiron-part-2994 chiron-part-2992 chiron-part-2995 chiron-part-2993 chiron-part-2996 chiron-part-2997 chiron-part-2998 chiron-part-2999 chiron-part-3000 chiron-part-3001 chiron-part-3002 chiron-part-3003 chiron-part-3004 chiron-part-3006 chiron-part-3009 chiron-part-3005 chiron-part-3008 chiron-part-3007 chiron-part-3010 chiron-part-3015 chiron-part-3017 chiron-part-3018 chiron-part-3025 chiron-part-3026 chiron-part-3012 chiron-part-3013 chiron-part-3014 chiron-part-3019 chiron-part-3020 chiron-part-3021 chiron-part-3022 chiron-part-3016 chiron-part-3023 chiron-part-3024 chiron-part-3011 chiron-part-3031 chiron-part-3033 chiron-part-3034 chiron-part-3041 chiron-part-3042 chiron-part-3028 chiron-part-3029 chiron-part-3030 chiron-part-3035 chiron-part-3036 chiron-part-3037 chiron-part-3038 chiron-part-3032 chiron-part-3039 chiron-part-3040 chiron-part-3027 chiron-part-3046 chiron-part-3043 chiron-part-3047 chiron-part-3044 chiron-part-3045 chiron-part-3048 chiron-part-3049"
"830","chiron-830","6257444","236","0","0","","","Turn the car over and secure the underside connectors","chiron-part-2967 chiron-part-2968 chiron-part-2969 chiron-part-2970 chiron-part-2966 chiron-part-2971 chiron-part-2972 chiron-part-2973 chiron-part-2974 chiron-part-2975 chiron-part-2976 chiron-part-2981 chiron-part-2979 chiron-part-2977 chiron-part-2982 chiron-part-2980 chiron-part-2978 chiron-part-2984 chiron-part-2988 chiron-part-2985 chiron-part-2986 chiron-part-2983 chiron-part-2987 chiron-part-2989 chiron-part-2990 chiron-part-2991 chiron-part-2994 chiron-part-2992 chiron-part-2995 chiron-part-2993 chiron-part-2996 chiron-part-2997 chiron-part-2998 chiron-part-2999 chiron-part-3000 chiron-part-3001 chiron-part-3002 chiron-part-3003 chiron-part-3004 chiron-part-3006 chiron-part-3009 chiron-part-3005 chiron-part-3008 chiron-part-3007 chiron-part-3010 chiron-part-3015 chiron-part-3017 chiron-part-3018 chiron-part-3025 chiron-part-3026 chiron-part-3012 chiron-part-3013 chiron-part-3014 chiron-part-3019 chiron-part-3020 chiron-part-3021 chiron-part-3022 chiron-part-3016 chiron-part-3023 chiron-part-3024 chiron-part-3011 chiron-part-3031 chiron-part-3033 chiron-part-3034 chiron-part-3041 chiron-part-3042 chiron-part-3028 chiron-part-3029 chiron-part-3030 chiron-part-3035 chiron-part-3036 chiron-part-3037 chiron-part-3038 chiron-part-3032 chiron-part-3039 chiron-part-3040 chiron-part-3027 chiron-part-3046 chiron-part-3043 chiron-part-3047 chiron-part-3044 chiron-part-3045 chiron-part-3048 chiron-part-3049"
"831","chiron-831","6257444","237","4","4","4121715:2 4142135:2","chiron-part-3050 chiron-part-3053 chiron-part-3051 chiron-part-3052","",""
"832","chiron-832","6257444","238","8","8","4121715:6 4211655:2","chiron-part-3054 chiron-part-3055 chiron-part-3056 chiron-part-3057 chiron-part-3058 chiron-part-3059 chiron-part-3060 chiron-part-3061","",""
"833","chiron-833","6257444","239 240","6","6","4121715:2 4142135:2 4514553:2","chiron-part-3062 chiron-part-3065 chiron-part-3064 chiron-part-3067 chiron-part-3063 chiron-part-3066","",""
"834","chiron-834","6257444","241","4","4","4121715:2 4514553:1 6211951:1","chiron-part-3069 chiron-part-3070 chiron-part-3071 chiron-part-3068","",""
"835","chiron-835","6257444","241","3","3","4173970:2 4206482:1","chiron-part-3072 chiron-part-3073 chiron-part-3074","",""
"836","chiron-836","6257444","241","4","4","4211655:1 6209519:1 4121715:1 4514553:1","chiron-part-3075 chiron-part-3076 chiron-part-3078 chiron-part-3077","",""
"837","chiron-837","6257444","241","2","2","6006140:1 6083620:1","chiron-part-3079 chiron-part-3080","",""
"838","chiron-838","6257444","242","4","4","4121715:2 4162857:1 6163675:1","chiron-part-3082 chiron-part-3083 chiron-part-3081 chiron-part-3084","",""
"839","chiron-839","6257444","242","0","0","","","Attach the first upper front corner panel","chiron-part-3069 chiron-part-3070 chiron-part-3071 chiron-part-3068 chiron-part-3072 chiron-part-3073 chiron-part-3074 chiron-part-3075 chiron-part-3076 chiron-part-3078 chiron-part-3077 chiron-part-3079 chiron-part-3080 chiron-part-3082 chiron-part-3083 chiron-part-3081 chiron-part-3084"
"840","chiron-840","6257444","243","4","4","4121715:2 4514553:1 6211951:1","chiron-part-3086 chiron-part-3087 chiron-part-3088 chiron-part-3085","",""
"841","chiron-841","6257444","243","2","2","4173970:2","chiron-part-3089 chiron-part-3090","",""
"842","chiron-842","6257444","243","4","4","6209519:1 4206482:1 4514553:1 4121715:1","chiron-part-3093 chiron-part-3091 chiron-part-3094 chiron-part-3095","",""
"843","chiron-843","6257444","243","3","3","6006140:1 4211655:1 6083620:1","chiron-part-3096 chiron-part-3092 chiron-part-3097","",""
"844","chiron-844","6257444","244","4","4","4121715:2 4162857:1 6163674:1","chiron-part-3099 chiron-part-3100 chiron-part-3098 chiron-part-3101","",""
"845","chiron-845","6257444","244","0","0","","","Attach the second upper front corner panel","chiron-part-3086 chiron-part-3087 chiron-part-3088 chiron-part-3085 chiron-part-3089 chiron-part-3090 chiron-part-3093 chiron-part-3091 chiron-part-3094 chiron-part-3095 chiron-part-3096 chiron-part-3092 chiron-part-3097 chiron-part-3099 chiron-part-3100 chiron-part-3098 chiron-part-3101"
"846","chiron-846","6257444","245","4","4","4120017:2 4206482:2","chiron-part-3103 chiron-part-3105 chiron-part-3102 chiron-part-3104","",""
"847","chiron-847","6257444","246","3","3","4514553:2 6007966:1","chiron-part-3107 chiron-part-3108 chiron-part-3109","",""
"848","chiron-848","6257444","246","1","1","6080356:1","chiron-part-3106","",""
"849","chiron-849","6257444","246","2","2","4121715:1 4514553:1","chiron-part-3111 chiron-part-3110","",""
"850","chiron-850","6257444","246","4","4","6029578:1 4121715:3","chiron-part-3112 chiron-part-3113 chiron-part-3114 chiron-part-3115","",""
"851","chiron-851","6257444","247","2","2","4495935:1 6073231:1","chiron-part-3116 chiron-part-3117","",""
"852","chiron-852","6257444","247","4","4","4121715:1 4142865:1 6006140:1 6022761:1","chiron-part-3121 chiron-part-3119 chiron-part-3120 chiron-part-3118","",""
"853","chiron-853","6257444","247","4","4","4206482:1 4211865:1 6073231:2","chiron-part-3124 chiron-part-3125 chiron-part-3122 chiron-part-3123","",""
"854","chiron-854","6257444","248","11","11","6130007:1 4107783:2 4514192:1 4142865:2 4211741:4 6236920:1","chiron-part-3129 chiron-part-3126 chiron-part-3128 chiron-part-3136 chiron-part-3127 chiron-part-3130 chiron-part-3131 chiron-part-3132 chiron-part-3133 chiron-part-3134 chiron-part-3135","",""
"855","chiron-855","6257444","249","0","0","","","Attach the first lower front bumper section","chiron-part-3107 chiron-part-3108 chiron-part-3109 chiron-part-3106 chiron-part-3111 chiron-part-3110 chiron-part-3112 chiron-part-3113 chiron-part-3114 chiron-part-3115 chiron-part-3116 chiron-part-3117 chiron-part-3121 chiron-part-3119 chiron-part-3120 chiron-part-3118 chiron-part-3124 chiron-part-3125 chiron-part-3122 chiron-part-3123 chiron-part-3129 chiron-part-3126 chiron-part-3128 chiron-part-3136 chiron-part-3127 chiron-part-3130 chiron-part-3131 chiron-part-3132 chiron-part-3133 chiron-part-3134 chiron-part-3135"
"856","chiron-856","6257444","250","3","3","4514553:2 6007966:1","chiron-part-3138 chiron-part-3139 chiron-part-3140","",""
"857","chiron-857","6257444","250","1","1","6080356:1","chiron-part-3137","",""
"858","chiron-858","6257444","250","2","2","4121715:1 4514553:1","chiron-part-3142 chiron-part-3141","",""
"859","chiron-859","6257444","250","4","4","6029578:1 4121715:3","chiron-part-3143 chiron-part-3144 chiron-part-3145 chiron-part-3146","",""
"860","chiron-860","6257444","251","2","2","4495935:1 6073231:1","chiron-part-3147 chiron-part-3148","",""
"861","chiron-861","6257444","251","4","4","4121715:1 4142865:1 6006140:1 6023036:1","chiron-part-3152 chiron-part-3150 chiron-part-3151 chiron-part-3149","",""
"862","chiron-862","6257444","251","4","4","4206482:1 4211865:1 6073231:2","chiron-part-3155 chiron-part-3156 chiron-part-3153 chiron-part-3154","",""
"863","chiron-863","6257444","252","11","11","6130007:1 4107783:2 4514192:1 4142865:2 4211741:4 6236922:1","chiron-part-3160 chiron-part-3157 chiron-part-3159 chiron-part-3167 chiron-part-3158 chiron-part-3161 chiron-part-3162 chiron-part-3163 chiron-part-3164 chiron-part-3165 chiron-part-3166","",""
"864","chiron-864","6257444","253","0","0","","","Attach the second lower front bumper section","chiron-part-3138 chiron-part-3139 chiron-part-3140 chiron-part-3137 chiron-part-3142 chiron-part-3141 chiron-part-3143 chiron-part-3144 chiron-part-3145 chiron-part-3146 chiron-part-3147 chiron-part-3148 chiron-part-3152 chiron-part-3150 chiron-part-3151 chiron-part-3149 chiron-part-3155 chiron-part-3156 chiron-part-3153 chiron-part-3154 chiron-part-3160 chiron-part-3157 chiron-part-3159 chiron-part-3167 chiron-part-3158 chiron-part-3161 chiron-part-3162 chiron-part-3163 chiron-part-3164 chiron-part-3165 chiron-part-3166"
"865","chiron-865","6257444","254","1","1","6139205:1","chiron-part-3168","",""
"866","chiron-866","6257444","255","2","2","6135494:2","chiron-part-3169 chiron-part-3170","",""
"867","chiron-867","6257444","256","10","10","6217671:2 4142865:2 4211622:2 4211775:2 6130007:2","chiron-part-3174 chiron-part-3179 chiron-part-3175 chiron-part-3180 chiron-part-3173 chiron-part-3178 chiron-part-3171 chiron-part-3176 chiron-part-3172 chiron-part-3177","",""
"868","chiron-868","6257444","257","2","2","6203232:1 6203233:1","chiron-part-3182 chiron-part-3181","",""
"869","chiron-869","6257444","258","28","28","4514553:4 273026:4 241226:20","chiron-part-3184 chiron-part-3185 chiron-part-3198 chiron-part-3199 chiron-part-3183 chiron-part-3186 chiron-part-3197 chiron-part-3200 chiron-part-3187 chiron-part-3188 chiron-part-3189 chiron-part-3190 chiron-part-3191 chiron-part-3192 chiron-part-3193 chiron-part-3194 chiron-part-3195 chiron-part-3196 chiron-part-3201 chiron-part-3202 chiron-part-3203 chiron-part-3204 chiron-part-3205 chiron-part-3206 chiron-part-3207 chiron-part-3208 chiron-part-3209 chiron-part-3210","",""
"870","chiron-870","6257444","259","2","2","302026:1 6218011:1","chiron-part-3212 chiron-part-3211","",""
"871","chiron-871","6257444","259","1","1","6218011:1","chiron-part-3213","",""
"872","chiron-872","6257444","259","1","1","6151659:1","chiron-part-3214","",""
"873","chiron-873","6257444","259","5","5","4653988:1 6145418:1 6151659:1 6151668:2","chiron-part-3219 chiron-part-3217 chiron-part-3215 chiron-part-3216 chiron-part-3218","",""
"874","chiron-874","6257444","260","13","13","4121715:4 4211483:5 6073231:1 6211928:1 6163691:1 4173970:1","chiron-part-3226 chiron-part-3227 chiron-part-3228 chiron-part-3229 chiron-part-3221 chiron-part-3222 chiron-part-3223 chiron-part-3224 chiron-part-3225 chiron-part-3231 chiron-part-3230 chiron-part-3220 chiron-part-3232","",""
"875","chiron-875","6257444","261","4","4","362326:1 428726:1 3200026:1 4121715:1","chiron-part-3233 chiron-part-3234 chiron-part-3235 chiron-part-3236","",""
"876","chiron-876","6257444","261","3","3","4121715:1 4206482:1 6006140:1","chiron-part-3237 chiron-part-3239 chiron-part-3238","",""
"877","chiron-877","6257444","261","1","1","4206482:1","chiron-part-3240","",""
"878","chiron-878","6257444","262","0","0","","","Attach the first front body panel","chiron-part-3212 chiron-part-3211 chiron-part-3213 chiron-part-3214 chiron-part-3219 chiron-part-3217 chiron-part-3215 chiron-part-3216 chiron-part-3218 chiron-part-3226 chiron-part-3227 chiron-part-3228 chiron-part-3229 chiron-part-3221 chiron-part-3222 chiron-part-3223 chiron-part-3224 chiron-part-3225 chiron-part-3231 chiron-part-3230 chiron-part-3220 chiron-part-3232 chiron-part-3233 chiron-part-3234 chiron-part-3235 chiron-part-3236 chiron-part-3237 chiron-part-3239 chiron-part-3238 chiron-part-3240"
"879","chiron-879","6257444","263","2","2","302026:1 6218011:1","chiron-part-3242 chiron-part-3241","",""
"880","chiron-880","6257444","263","1","1","6218011:1","chiron-part-3243","",""
"881","chiron-881","6257444","263","1","1","6151659:1","chiron-part-3244","",""
"882","chiron-882","6257444","263","5","5","4653988:1 6145416:1 6151659:1 6151668:2","chiron-part-3249 chiron-part-3247 chiron-part-3245 chiron-part-3246 chiron-part-3248","",""
"883","chiron-883","6257444","264","13","13","4121715:4 4211483:5 6073231:1 6211928:1 6163691:1 4173970:1","chiron-part-3256 chiron-part-3257 chiron-part-3258 chiron-part-3259 chiron-part-3251 chiron-part-3252 chiron-part-3253 chiron-part-3254 chiron-part-3255 chiron-part-3261 chiron-part-3260 chiron-part-3250 chiron-part-3262","",""
"884","chiron-884","6257444","265","4","4","362326:1 428726:1 3200026:1 4121715:1","chiron-part-3263 chiron-part-3264 chiron-part-3265 chiron-part-3266","",""
"885","chiron-885","6257444","265","3","3","4121715:1 4206482:1 6006140:1","chiron-part-3267 chiron-part-3269 chiron-part-3268","",""
"886","chiron-886","6257444","265","1","1","4206482:1","chiron-part-3270","",""
"887","chiron-887","6257444","266","0","0","","","Attach the second front body panel","chiron-part-3242 chiron-part-3241 chiron-part-3243 chiron-part-3244 chiron-part-3249 chiron-part-3247 chiron-part-3245 chiron-part-3246 chiron-part-3248 chiron-part-3256 chiron-part-3257 chiron-part-3258 chiron-part-3259 chiron-part-3251 chiron-part-3252 chiron-part-3253 chiron-part-3254 chiron-part-3255 chiron-part-3261 chiron-part-3260 chiron-part-3250 chiron-part-3262 chiron-part-3263 chiron-part-3264 chiron-part-3265 chiron-part-3266 chiron-part-3267 chiron-part-3269 chiron-part-3268 chiron-part-3270"
"888","chiron-888","6257444","267","20","20","302326:2 302301:2 302401:2 3000840:8 362301:2 371001:2 6057414:2","chiron-part-3273 chiron-part-3283 chiron-part-3277 chiron-part-3287 chiron-part-3278 chiron-part-3288 chiron-part-3275 chiron-part-3276 chiron-part-3279 chiron-part-3280 chiron-part-3285 chiron-part-3286 chiron-part-3289 chiron-part-3290 chiron-part-3274 chiron-part-3284 chiron-part-3272 chiron-part-3282 chiron-part-3271 chiron-part-3281","",""
"889","chiron-889","6257444","268","3","3","4121715:1 6006140:1 6089119:1","chiron-part-3299 chiron-part-3298 chiron-part-3297","",""
"890","chiron-890","6257444","268","2","2","4107082:1 4142865:1","chiron-part-3292 chiron-part-3293","",""
"891","chiron-891","6257444","268","2","2","4107081:1 4142865:1","chiron-part-3294 chiron-part-3295","",""
"892","chiron-892","6257444","268","2","2","4107082:1 6123815:1","chiron-part-3296 chiron-part-3291","",""
"893","chiron-893","6257444","268","1","1","6163674:1","chiron-part-3300","",""
"894","chiron-894","6257444","269","2","2","4514553:2","chiron-part-3301 chiron-part-3302","",""
"895","chiron-895","6257444","269","2","2","6211928:1 6163691:1","chiron-part-3304 chiron-part-3303","",""
"896","chiron-896","6257444","269","2","2","4206482:1 6225507:1","chiron-part-3305 chiron-part-3306","",""
"897","chiron-897","6257444","270","0","0","","","Attach the first headlight surround","chiron-part-3299 chiron-part-3298 chiron-part-3297 chiron-part-3292 chiron-part-3293 chiron-part-3294 chiron-part-3295 chiron-part-3296 chiron-part-3291 chiron-part-3300 chiron-part-3301 chiron-part-3302 chiron-part-3304 chiron-part-3303 chiron-part-3305 chiron-part-3306"
"898","chiron-898","6257444","271","3","3","4121715:1 6006140:1 6089119:1","chiron-part-3315 chiron-part-3314 chiron-part-3313","",""
"899","chiron-899","6257444","271","2","2","4107082:1 4142865:1","chiron-part-3308 chiron-part-3309","",""
"900","chiron-900","6257444","271","2","2","4107081:1 4142865:1","chiron-part-3310 chiron-part-3311","",""
"901","chiron-901","6257444","271","2","2","4107082:1 6123815:1","chiron-part-3312 chiron-part-3307","",""
"902","chiron-902","6257444","272","1","1","6163675:1","chiron-part-3316","",""
"903","chiron-903","6257444","272","2","2","4514553:2","chiron-part-3317 chiron-part-3318","",""
"904","chiron-904","6257444","272","2","2","6211928:1 6163691:1","chiron-part-3320 chiron-part-3319","",""
"905","chiron-905","6257444","272","2","2","4206482:1 6225507:1","chiron-part-3321 chiron-part-3322","",""
"906","chiron-906","6257444","273","0","0","","","Attach the second headlight surround","chiron-part-3315 chiron-part-3314 chiron-part-3313 chiron-part-3308 chiron-part-3309 chiron-part-3310 chiron-part-3311 chiron-part-3312 chiron-part-3307 chiron-part-3316 chiron-part-3317 chiron-part-3318 chiron-part-3320 chiron-part-3319 chiron-part-3321 chiron-part-3322"
"907","chiron-907","6257444","274","2","2","6047415:1 6058118:1","chiron-part-3324 chiron-part-3323","",""
"908","chiron-908","6257444","274","1","1","302026:1","chiron-part-3325","",""
"909","chiron-909","6257444","274","3","3","302426:2 371026:1","chiron-part-3327 chiron-part-3328 chiron-part-3326","",""
"910","chiron-910","6257444","274","2","2","306926:1 6092585:1","chiron-part-3330 chiron-part-3329","",""
"911","chiron-911","6257444","274","2","2","241226:2","chiron-part-3331 chiron-part-3332","",""
"912","chiron-912","6257444","274","5","5","241226:4 4521921:1","chiron-part-3333 chiron-part-3334 chiron-part-3335 chiron-part-3336 chiron-part-3337","",""
"913","chiron-913","6257444","275","5","5","302226:1 4521921:2 6015344:1 6052126:1","chiron-part-3342 chiron-part-3340 chiron-part-3341 chiron-part-3338 chiron-part-3339","",""
"914","chiron-914","6257444","275","1","1","4613153:1","chiron-part-3343","",""
"915","chiron-915","6257444","275","0","0","","","Attach the center grille","chiron-part-3324 chiron-part-3323 chiron-part-3325 chiron-part-3327 chiron-part-3328 chiron-part-3326 chiron-part-3330 chiron-part-3329 chiron-part-3331 chiron-part-3332 chiron-part-3333 chiron-part-3334 chiron-part-3335 chiron-part-3336 chiron-part-3337 chiron-part-3342 chiron-part-3340 chiron-part-3341 chiron-part-3338 chiron-part-3339 chiron-part-3343"
"916","chiron-916","6257444","276","12","12","6089119:2 4206482:4 4142865:1 4512363:1 6217671:4","chiron-part-3351 chiron-part-3352 chiron-part-3345 chiron-part-3346 chiron-part-3349 chiron-part-3350 chiron-part-3355 chiron-part-3344 chiron-part-3347 chiron-part-3348 chiron-part-3353 chiron-part-3354","",""
"917","chiron-917","6257444","277 278","13","13","4211551:4 4211741:2 4514553:2 6112684:1 6130007:2 6220033:1 4142135:1","chiron-part-3359 chiron-part-3361 chiron-part-3362 chiron-part-3363 chiron-part-3357 chiron-part-3358 chiron-part-3364 chiron-part-3365 chiron-part-3367 chiron-part-3356 chiron-part-3360 chiron-part-3366 chiron-part-3368","",""
"918","chiron-918","6257444","279","3","3","6163691:1 4514553:2","chiron-part-3369 chiron-part-3370 chiron-part-3371","",""
"919","chiron-919","6257444","279","2","2","6163691:2","chiron-part-3372 chiron-part-3373","",""
"920","chiron-920","6257444","279","4","4","4121715:4","chiron-part-3374 chiron-part-3375 chiron-part-3376 chiron-part-3377","",""
"921","chiron-921","6257444","279","2","2","6163685:1 6163686:1","chiron-part-3378 chiron-part-3379","",""
"922","chiron-922","6257444","280","10","10","4173970:2 4514553:4 6225597:1 6211928:1 4211483:2","chiron-part-3385 chiron-part-3386 chiron-part-3380 chiron-part-3381 chiron-part-3382 chiron-part-3383 chiron-part-3389 chiron-part-3384 chiron-part-3387 chiron-part-3388","",""
"923","chiron-923","6257444","280","4","4","4121715:2 4142865:2","chiron-part-3392 chiron-part-3393 chiron-part-3390 chiron-part-3391","",""
"924","chiron-924","6257444","280","4","4","4112282:2 4184169:2","chiron-part-3394 chiron-part-3395 chiron-part-3396 chiron-part-3397","",""
"925","chiron-925","6257444","281","4","4","4121715:2 4206482:2","chiron-part-3400 chiron-part-3401 chiron-part-3398 chiron-part-3399","",""
"926","chiron-926","6257444","281","2","2","6163687:2","chiron-part-3402 chiron-part-3403","",""
"927","chiron-927","6257444","281","4","4","4206482:2 4211775:2","chiron-part-3404 chiron-part-3405 chiron-part-3406 chiron-part-3407","",""
"928","chiron-928","6257444","281","2","2","6073231:2","chiron-part-3408 chiron-part-3409","",""
"929","chiron-929","6257444","282","0","0","","","Attach the bonnet","chiron-part-3369 chiron-part-3370 chiron-part-3371 chiron-part-3372 chiron-part-3373 chiron-part-3374 chiron-part-3375 chiron-part-3376 chiron-part-3377 chiron-part-3378 chiron-part-3379 chiron-part-3385 chiron-part-3386 chiron-part-3380 chiron-part-3381 chiron-part-3382 chiron-part-3383 chiron-part-3389 chiron-part-3384 chiron-part-3387 chiron-part-3388 chiron-part-3392 chiron-part-3393 chiron-part-3390 chiron-part-3391 chiron-part-3394 chiron-part-3395 chiron-part-3396 chiron-part-3397 chiron-part-3400 chiron-part-3401 chiron-part-3398 chiron-part-3399 chiron-part-3402 chiron-part-3403 chiron-part-3404 chiron-part-3405 chiron-part-3406 chiron-part-3407 chiron-part-3408 chiron-part-3409"
"930","chiron-930","6257444","283","2","2","6217670:2","chiron-part-3410 chiron-part-3411","",""
"931","chiron-931","6257444","289","3","3","370726:1 4107082:1 4660886:1","chiron-part-3412 chiron-part-3413 chiron-part-3414","",""
"932","chiron-932","6257444","289","2","2","6073231:2","chiron-part-3415 chiron-part-3416","",""
"933","chiron-933","6257444","289","1","1","4660886:1","chiron-part-3417","",""
"934","chiron-934","6257444","290","8","8","4542590:1 6192309:1 6214811:2 4502089:1 4507080:1 4121715:1 4508313:1","chiron-part-3420 chiron-part-3419 chiron-part-3424 chiron-part-3425 chiron-part-3421 chiron-part-3422 chiron-part-3418 chiron-part-3423","",""
"935","chiron-935","6257444","291","0","0","","","Attach the first windscreen pillar","chiron-part-3412 chiron-part-3413 chiron-part-3414 chiron-part-3415 chiron-part-3416 chiron-part-3417 chiron-part-3420 chiron-part-3419 chiron-part-3424 chiron-part-3425 chiron-part-3421 chiron-part-3422 chiron-part-3418 chiron-part-3423"
"936","chiron-936","6257444","292","3","3","370726:1 4107082:1 4660886:1","chiron-part-3426 chiron-part-3427 chiron-part-3428","",""
"937","chiron-937","6257444","292","2","2","6073231:2","chiron-part-3429 chiron-part-3430","",""
"938","chiron-938","6257444","292","1","1","4660886:1","chiron-part-3431","",""
"939","chiron-939","6257444","293","8","8","4542590:1 6192309:1 6214812:2 4502089:1 4507080:1 4121715:1 4508313:1","chiron-part-3434 chiron-part-3433 chiron-part-3438 chiron-part-3439 chiron-part-3435 chiron-part-3436 chiron-part-3432 chiron-part-3437","",""
"940","chiron-940","6257444","294","0","0","","","Attach the second windscreen pillar","chiron-part-3426 chiron-part-3427 chiron-part-3428 chiron-part-3429 chiron-part-3430 chiron-part-3431 chiron-part-3434 chiron-part-3433 chiron-part-3438 chiron-part-3439 chiron-part-3435 chiron-part-3436 chiron-part-3432 chiron-part-3437"
"941","chiron-941","6257444","295","4","4","4501290:2 4542590:2","chiron-part-3442 chiron-part-3443 chiron-part-3440 chiron-part-3441","",""
"942","chiron-942","6257444","296","6","6","4206482:1 4211483:1 6006140:1 6073231:1 4542590:1 6174851:1","chiron-part-3445 chiron-part-3448 chiron-part-3444 chiron-part-3447 chiron-part-3449 chiron-part-3446","",""
"943","chiron-943","6257444","297","1","1","6227559:1","chiron-part-3450","",""
"944","chiron-944","6257444","298","6","6","4210660:2 4648256:2 6167900:2","chiron-part-3452 chiron-part-3455 chiron-part-3453 chiron-part-3456 chiron-part-3451 chiron-part-3454","",""
"945","chiron-945","6257444","299","2","2","4211360:1 4567887:1","chiron-part-3457 chiron-part-3458","",""
"946","chiron-946","6257444","299","4","4","4160560:2 4211406:2","chiron-part-3461 chiron-part-3462 chiron-part-3459 chiron-part-3460","",""
"947","chiron-947","6257444","299","4","4","4278274:4","chiron-part-3463 chiron-part-3464 chiron-part-3465 chiron-part-3466","",""
"948","chiron-948","6257444","300","3","3","4210998:2 4211065:1","chiron-part-3467 chiron-part-3468 chiron-part-3469","",""
"949","chiron-949","6257444","300","2","2","302326:1 6061569:1","chiron-part-3470 chiron-part-3471","",""
"950","chiron-950","6257444","300","4","4","4567887:4","chiron-part-3472 chiron-part-3473 chiron-part-3474 chiron-part-3475","",""
"951","chiron-951","6257444","300","4","4","371023:2 6042956:2","chiron-part-3478 chiron-part-3479 chiron-part-3476 chiron-part-3477","",""
"952","chiron-952","6257444","301","8","8","4211356:2 4619636:6","chiron-part-3486 chiron-part-3487 chiron-part-3480 chiron-part-3481 chiron-part-3482 chiron-part-3483 chiron-part-3484 chiron-part-3485","",""
"953","chiron-953","6257444","301","6","6","4567887:4 6029948:2","chiron-part-3488 chiron-part-3489 chiron-part-3490 chiron-part-3491 chiron-part-3492 chiron-part-3493","",""
"954","chiron-954","6257444","301","2","2","6029948:2","chiron-part-3494 chiron-part-3495","",""
"955","chiron-955","6257444","301","8","8","6204667:4 6204668:4","chiron-part-3500 chiron-part-3501 chiron-part-3502 chiron-part-3503 chiron-part-3496 chiron-part-3497 chiron-part-3498 chiron-part-3499","",""
"956","chiron-956","6257444","302","0","0","","","Attach the engine cover","chiron-part-3457 chiron-part-3458 chiron-part-3461 chiron-part-3462 chiron-part-3459 chiron-part-3460 chiron-part-3463 chiron-part-3464 chiron-part-3465 chiron-part-3466 chiron-part-3467 chiron-part-3468 chiron-part-3469 chiron-part-3470 chiron-part-3471 chiron-part-3472 chiron-part-3473 chiron-part-3474 chiron-part-3475 chiron-part-3478 chiron-part-3479 chiron-part-3476 chiron-part-3477 chiron-part-3486 chiron-part-3487 chiron-part-3480 chiron-part-3481 chiron-part-3482 chiron-part-3483 chiron-part-3484 chiron-part-3485 chiron-part-3488 chiron-part-3489 chiron-part-3490 chiron-part-3491 chiron-part-3492 chiron-part-3493 chiron-part-3494 chiron-part-3495 chiron-part-3500 chiron-part-3501 chiron-part-3502 chiron-part-3503 chiron-part-3496 chiron-part-3497 chiron-part-3498 chiron-part-3499"
"957","chiron-957","6257444","303","1","1","6227567:1","chiron-part-3504","",""
"958","chiron-958","6257444","304","6","6","4211483:1 4542590:1 6174850:1 4206482:1 6006140:1 6073231:1","chiron-part-3509 chiron-part-3510 chiron-part-3505 chiron-part-3507 chiron-part-3506 chiron-part-3508","",""
"959","chiron-959","6257444","305","1","1","6227559:1","chiron-part-3511","",""
"960","chiron-960","6257444","306","6","6","4210660:2 4648256:2 6167900:2","chiron-part-3513 chiron-part-3516 chiron-part-3514 chiron-part-3517 chiron-part-3512 chiron-part-3515","",""
"961","chiron-961","6257444","307","3","3","4121715:2 4611705:1","chiron-part-3531 chiron-part-3532 chiron-part-3530","",""
"962","chiron-962","6257444","307","3","3","4211483:3","chiron-part-3533 chiron-part-3534 chiron-part-3535","",""
"963","chiron-963","6257444","307","1","1","6102449:1","chiron-part-3536","",""
"964","chiron-964","6257444","307","4","4","4121715:1 4211483:3","chiron-part-3540 chiron-part-3537 chiron-part-3538 chiron-part-3539","",""
"965","chiron-965","6257444","308","3","3","6178172:1 4211622:1 4211889:1","chiron-part-3542 chiron-part-3583 chiron-part-3541","",""
"966","chiron-966","6257444","308","8","8","4211549:2 4211425:2 6028813:4","chiron-part-3546 chiron-part-3550 chiron-part-3543 chiron-part-3547 chiron-part-3544 chiron-part-3545 chiron-part-3548 chiron-part-3549","",""
"967","chiron-967","6257444","309","0","0","","","Fold the speed key axle into its handle","chiron-part-3531 chiron-part-3532 chiron-part-3530 chiron-part-3533 chiron-part-3534 chiron-part-3535 chiron-part-3536 chiron-part-3540 chiron-part-3537 chiron-part-3538 chiron-part-3539 chiron-part-3542 chiron-part-3583 chiron-part-3541 chiron-part-3546 chiron-part-3550 chiron-part-3543 chiron-part-3547 chiron-part-3544 chiron-part-3545 chiron-part-3548 chiron-part-3549"
"968","chiron-968","6257444","309 310","0","0","","","Turn the speed key over and apply sticker 20","chiron-part-3531 chiron-part-3532 chiron-part-3530 chiron-part-3533 chiron-part-3534 chiron-part-3535 chiron-part-3536 chiron-part-3540 chiron-part-3537 chiron-part-3538 chiron-part-3539 chiron-part-3542 chiron-part-3583 chiron-part-3541 chiron-part-3546 chiron-part-3550 chiron-part-3543 chiron-part-3547 chiron-part-3544 chiron-part-3545 chiron-part-3548 chiron-part-3549"
"969","chiron-969","6257444","311 312","12","12","6139227:4 6217976:4 6219604:4","chiron-part-3519 chiron-part-3522 chiron-part-3525 chiron-part-3528 chiron-part-3518 chiron-part-3521 chiron-part-3524 chiron-part-3527 chiron-part-3520 chiron-part-3523 chiron-part-3526 chiron-part-3529","",""
"970","chiron-970","6257444","313 314 315","20","20","4528604:3 6055172:2 6093038:4 6096955:2 6167936:1 6135609:2 4626904:2 4267874:2 6015452:2","chiron-part-3555 chiron-part-3556 chiron-part-3557 chiron-part-3561 chiron-part-3566 chiron-part-3563 chiron-part-3564 chiron-part-3568 chiron-part-3569 chiron-part-3558 chiron-part-3559 chiron-part-3584 chiron-part-3553 chiron-part-3554 chiron-part-3551 chiron-part-3552 chiron-part-3560 chiron-part-3565 chiron-part-3562 chiron-part-3567","",""