"Progress step","Section","Official step","Booklet","PDF pages","Official PDF"
"1","box-1","1","6257443","24","https://www.lego.com/cdn/product-assets/product.bi.core.pdf/6257443.pdf#page=24"
"2","box-1","2","6257443","24","https://www.lego.com/cdn/product-assets/product.bi.core.pdf/6257443.pdf#page=24"
"3","box-1","3","6257443","24","https://www.lego.com/cdn/product-assets/product.bi.core.pdf/6257443.pdf#page=24"
"4","box-1","4","6257443","24","https://www.lego.com/cdn/product-assets/product.bi.core.pdf/6257443.pdf#page=24"
"5","box-1","5","6257443","25","https://www.lego.com/cdn/product-assets/product.bi.core.pdf/6257443.pdf#page=25"
"6","box-1","6","6257443","25","https://www.lego.com/cdn/product-assets/product.bi.core.pdf/6257443.pdf#page=25"
"7","box-1","7","6257443","26","https://www.lego.com/cdn/product-assets/product.bi.core.pdf/6257443.pdf#page=26"
"8","box-1","8","6257443","26","https://www.lego.com/cdn/product-assets/product.bi.core.pdf/6257443.pdf#page=26"
"9","box-1","9","6257443","27","https://www.lego.com/cdn/product-assets/product.bi.core.pdf/6257443.pdf#page=27"
"10","box-1","10","6257443","28","https://www.lego.com/cdn/product-assets/product.bi.core.pdf/6257443.pdf#page=28"
"11","box-1","11","6257443","29","https://www.lego.com/cdn/product-assets/product.bi.core.pdf/6257443.pdf#page=29"
"12","box-1","12","6257443","30","https://www.lego.com/cdn/product-assets/product.bi.core.pdf/6257443.pdf#page=30"
"13","box-1","13","6257443","31","https://www.lego.com/cdn/product-assets/product.bi.core.pdf/6257443.pdf#page=31"
"14","box-1","14","6257443","31","https://www.lego.com/cdn/product-assets/product.bi.core.pdf/6257443.pdf#page=31"
"15","box-1","15","6257443","32","https://www.lego.com/cdn/product-assets/product.bi.core.pdf/6257443.pdf#page=32"
"16","box-1","16","6257443","33","https://www.lego.com/cdn/product-assets/product.bi.core.pdf/6257443.pdf#page=33"
"17","box-1","17","6257443","34","https://www.lego.com/cdn/product-assets/product.bi.core.pdf/6257443.pdf#page=34"
"18","box-1","18","6257443","34","https://www.lego.com/cdn/product-assets/product.bi.core.pdf/6257443.pdf#page=34"
"19","box-1","19","6257443","34","https://www.lego.com/cdn/product-assets/product.bi.core.pdf/6257443.pdf#page=34"
"20","box-1","20","6257443","34","https://www.lego.com/cdn/product-assets/product.bi.core.pdf/6257443.pdf#page=34"
"21","box-1","21","6257443","35","https://www.lego.com/cdn/product-assets/product.bi.core.pdf/6257443.pdf#page=35"
"22","box-1","22","6257443","35","https://www.lego.com/cdn/product-assets/product.bi.core.pdf/6257443.pdf#page=35"
"23","box-1","23","6257443","35","https://www.lego.com/cdn/product-assets/product.bi.core.pdf/6257443.pdf#page=35"
"24","box-1","24","6257443","36","https://www.lego.com/cdn/product-assets/product.bi.core.pdf/6257443.pdf#page=36"
"25","box-1","25","6257443","36","https://www.lego.com/cdn/product-assets/product.bi.core.pdf/6257443.pdf#page=36"
"26","box-1","26","6257443","36","https://www.lego.com/cdn/product-assets/product.bi.core.pdf/6257443.pdf#page=36"
"27","box-1","27","6257443","36","https://www.lego.com/cdn/product-assets/product.bi.core.pdf/6257443.pdf#page=36"
"28","box-1","28","6257443","37","https://www.lego.com/cdn/product-assets/product.bi.core.pdf/6257443.pdf#page=37"
"29","box-1","29","6257443","37","https://www.lego.com/cdn/product-assets/product.bi.core.pdf/6257443.pdf#page=37"
"30","box-1","30","6257443","37","https://www.lego.com/cdn/product-assets/product.bi.core.pdf/6257443.pdf#page=37"
"31","box-1","31","6257443","38","https://www.lego.com/cdn/product-assets/product.bi.core.pdf/6257443.pdf#page=38"
"32","box-1","32","6257443","39","https://www.lego.com/cdn/product-assets/product.bi.core.pdf/6257443.pdf#page=39"
"33","box-1","33","6257443","39","https://www.lego.com/cdn/product-assets/product.bi.core.pdf/6257443.pdf#page=39"
"34","box-1","34","6257443","40","https://www.lego.com/cdn/product-assets/product.bi.core.pdf/6257443.pdf#page=40"
"35","box-1","35","6257443","40","https://www.lego.com/cdn/product-assets/product.bi.core.pdf/6257443.pdf#page=40"
"36","box-1","36","6257443","40","https://www.lego.com/cdn/product-assets/product.bi.core.pdf/6257443.pdf#page=40"
"37","box-1","37","6257443","41","https://www.lego.com/cdn/product-assets/product.bi.core.pdf/6257443.pdf#page=41"
"38","box-1","38","6257443","41","https://www.lego.com/cdn/product-assets/product.bi.core.pdf/6257443.pdf#page=41"
"39","box-1","39","6257443","42","https://www.lego.com/cdn/product-assets/product.bi.core.pdf/6257443.pdf#page=42"
"40","box-1","40","6257443","42","https://www.lego.com/cdn/product-assets/product.bi.core.pdf/6257443.pdf#page=42"
"41","box-1","41","6257443","43","https://www.lego.com/cdn/product-assets/product.bi.core.pdf/6257443.pdf#page=43"
"42","box-1","42","6257443","44","https://www.lego.com/cdn/product-assets/product.bi.core.pdf/6257443.pdf#page=44"
"43","box-1","43","6257443","45","https://www.lego.com/cdn/product-assets/product.bi.core.pdf/6257443.pdf#page=45"
"44","box-1","44","6257443","45","https://www.lego.com/cdn/product-assets/product.bi.core.pdf/6257443.pdf#page=45"
"45","box-1","45","6257443","46","https://www.lego.com/cdn/product-assets/product.bi.core.pdf/6257443.pdf#page=46"
"46","box-1","46","6257443","47","https://www.lego.com/cdn/product-assets/product.bi.core.pdf/6257443.pdf#page=47"
"47","box-1","47","6257443","48","https://www.lego.com/cdn/product-assets/product.bi.core.pdf/6257443.pdf#page=48"
"48","box-1","48","6257443","49","https://www.lego.com/cdn/product-assets/product.bi.core.pdf/6257443.pdf#page=49"
"49","box-1","49","6257443","50","https://www.lego.com/cdn/product-assets/product.bi.core.pdf/6257443.pdf#page=50"
"50","box-1","50","6257443","51","https://www.lego.com/cdn/product-assets/product.bi.core.pdf/6257443.pdf#page=51"
"51","box-1","51","6257443","52","https://www.lego.com/cdn/product-assets/product.bi.core.pdf/6257443.pdf#page=52"
"52","box-1","52","6257443","52","https://www.lego.com/cdn/product-assets/product.bi.core.pdf/6257443.pdf#page=52"
"53","box-1","53","6257443","53","https://www.lego.com/cdn/product-assets/product.bi.core.pdf/6257443.pdf#page=53"
"54","box-1","54","6257443","53","https://www.lego.com/cdn/product-assets/product.bi.core.pdf/6257443.pdf#page=53"
"55","box-1","55","6257443","54","https://www.lego.com/cdn/product-assets/product.bi.core.pdf/6257443.pdf#page=54"
"56","box-1","56","6257443","55","https://www.lego.com/cdn/product-assets/product.bi.core.pdf/6257443.pdf#page=55"
"57","box-1","57","6257443","56","https://www.lego.com/cdn/product-assets/product.bi.core.pdf/6257443.pdf#page=56"
"58","box-1","58","6257443","57","https://www.lego.com/cdn/product-assets/product.bi.core.pdf/6257443.pdf#page=57"
"59","box-1","59","6257443","58","https://www.lego.com/cdn/product-assets/product.bi.core.pdf/6257443.pdf#page=58"
"60","box-1","60","6257443","59","https://www.lego.com/cdn/product-assets/product.bi.core.pdf/6257443.pdf#page=59"
"61","box-1","61","6257443","60","https://www.lego.com/cdn/product-assets/product.bi.core.pdf/6257443.pdf#page=60"
"62","box-1","62","6257443","61","https://www.lego.com/cdn/product-assets/product.bi.core.pdf/6257443.pdf#page=61"
"63","box-1","63","6257443","61","https://www.lego.com/cdn/product-assets/product.bi.core.pdf/6257443.pdf#page=61"
"64","box-1","64","6257443","62","https://www.lego.com/cdn/product-assets/product.bi.core.pdf/6257443.pdf#page=62"
"65","box-1","65","6257443","63","https://www.lego.com/cdn/product-assets/product.bi.core.pdf/6257443.pdf#page=63"
"66","box-1","66","6257443","64","https://www.lego.com/cdn/product-assets/product.bi.core.pdf/6257443.pdf#page=64"
"67","box-1","67","6257443","64","https://www.lego.com/cdn/product-assets/product.bi.core.pdf/6257443.pdf#page=64"
"68","box-1","68","6257443","64","https://www.lego.com/cdn/product-assets/product.bi.core.pdf/6257443.pdf#page=64"
"69","box-1","69","6257443","65","https://www.lego.com/cdn/product-assets/product.bi.core.pdf/6257443.pdf#page=65"
"70","box-1","70","6257443","65","https://www.lego.com/cdn/product-assets/product.bi.core.pdf/6257443.pdf#page=65"
"71","box-1","71","6257443","66","https://www.lego.com/cdn/product-assets/product.bi.core.pdf/6257443.pdf#page=66"
"72","box-1","72","6257443","66","https://www.lego.com/cdn/product-assets/product.bi.core.pdf/6257443.pdf#page=66"
"73","box-1","73","6257443","67","https://www.lego.com/cdn/product-assets/product.bi.core.pdf/6257443.pdf#page=67"
"74","box-1","74","6257443","67","https://www.lego.com/cdn/product-assets/product.bi.core.pdf/6257443.pdf#page=67"
"75","box-1","75","6257443","67","https://www.lego.com/cdn/product-assets/product.bi.core.pdf/6257443.pdf#page=67"
"76","box-1","76","6257443","68","https://www.lego.com/cdn/product-assets/product.bi.core.pdf/6257443.pdf#page=68"
"77","box-1","77","6257443","68","https://www.lego.com/cdn/product-assets/product.bi.core.pdf/6257443.pdf#page=68"
"78","box-1","78","6257443","68","https://www.lego.com/cdn/product-assets/product.bi.core.pdf/6257443.pdf#page=68"
"79","box-1","79","6257443","69","https://www.lego.com/cdn/product-assets/product.bi.core.pdf/6257443.pdf#page=69"
"80","box-1","80","6257443","69","https://www.lego.com/cdn/product-assets/product.bi.core.pdf/6257443.pdf#page=69"
"81","box-1","81","6257443","69","https://www.lego.com/cdn/product-assets/product.bi.core.pdf/6257443.pdf#page=69"
"82","box-1","82","6257443","70","https://www.lego.com/cdn/product-assets/product.bi.core.pdf/6257443.pdf#page=70"
"83","box-1","83","6257443","71","https://www.lego.com/cdn/product-assets/product.bi.core.pdf/6257443.pdf#page=71"
"84","box-1","84","6257443","71","https://www.lego.com/cdn/product-assets/product.bi.core.pdf/6257443.pdf#page=71"
"85","box-1","85","6257443","71","https://www.lego.com/cdn/product-assets/product.bi.core.pdf/6257443.pdf#page=71"
"86","box-1","86","6257443","72","https://www.lego.com/cdn/product-assets/product.bi.core.pdf/6257443.pdf#page=72"
"87","box-1","87","6257443","72","https://www.lego.com/cdn/product-assets/product.bi.core.pdf/6257443.pdf#page=72"
"88","box-1","88","6257443","73","https://www.lego.com/cdn/product-assets/product.bi.core.pdf/6257443.pdf#page=73"
"89","box-1","89","6257443","74","https://www.lego.com/cdn/product-assets/product.bi.core.pdf/6257443.pdf#page=74"
"90","box-1","90","6257443","74","https://www.lego.com/cdn/product-assets/product.bi.core.pdf/6257443.pdf#page=74"
"91","box-1","91","6257443","74","https://www.lego.com/cdn/product-assets/product.bi.core.pdf/6257443.pdf#page=74"
"92","box-1","92","6257443","75","https://www.lego.com/cdn/product-assets/product.bi.core.pdf/6257443.pdf#page=75"
"93","box-1","93","6257443","75","https://www.lego.com/cdn/product-assets/product.bi.core.pdf/6257443.pdf#page=75"
"94","box-1","94","6257443","76","https://www.lego.com/cdn/product-assets/product.bi.core.pdf/6257443.pdf#page=76"
"95","box-1","95","6257443","76","https://www.lego.com/cdn/product-assets/product.bi.core.pdf/6257443.pdf#page=76"
"96","box-1","96","6257443","77","https://www.lego.com/cdn/product-assets/product.bi.core.pdf/6257443.pdf#page=77"
"97","box-1","97","6257443","77","https://www.lego.com/cdn/product-assets/product.bi.core.pdf/6257443.pdf#page=77"
"98","box-1","98","6257443","78","https://www.lego.com/cdn/product-assets/product.bi.core.pdf/6257443.pdf#page=78"
"99","box-1","99","6257443","78","https://www.lego.com/cdn/product-assets/product.bi.core.pdf/6257443.pdf#page=78"
"100","box-1","100","6257443","79","https://www.lego.com/cdn/product-assets/product.bi.core.pdf/6257443.pdf#page=79"
"101","box-1","101","6257443","79","https://www.lego.com/cdn/product-assets/product.bi.core.pdf/6257443.pdf#page=79"
"102","box-1","102","6257443","80","https://www.lego.com/cdn/product-assets/product.bi.core.pdf/6257443.pdf#page=80"
"103","box-1","103","6257443","81","https://www.lego.com/cdn/product-assets/product.bi.core.pdf/6257443.pdf#page=81"
"104","box-1","104","6257443","81","https://www.lego.com/cdn/product-assets/product.bi.core.pdf/6257443.pdf#page=81"
"105","box-1","105","6257443","82","https://www.lego.com/cdn/product-assets/product.bi.core.pdf/6257443.pdf#page=82"
"106","box-1","106","6257443","82","https://www.lego.com/cdn/product-assets/product.bi.core.pdf/6257443.pdf#page=82"
"107","box-1","107","6257443","83","https://www.lego.com/cdn/product-assets/product.bi.core.pdf/6257443.pdf#page=83"
"108","box-1","108","6257443","83","https://www.lego.com/cdn/product-assets/product.bi.core.pdf/6257443.pdf#page=83"
"109","box-1","109","6257443","84","https://www.lego.com/cdn/product-assets/product.bi.core.pdf/6257443.pdf#page=84"
"110","box-1","110","6257443","84","https://www.lego.com/cdn/product-assets/product.bi.core.pdf/6257443.pdf#page=84"
"111","box-1","111","6257443","85","https://www.lego.com/cdn/product-assets/product.bi.core.pdf/6257443.pdf#page=85"
"112","box-1","112","6257443","86","https://www.lego.com/cdn/product-assets/product.bi.core.pdf/6257443.pdf#page=86"
"113","box-1","113","6257443","87","https://www.lego.com/cdn/product-assets/product.bi.core.pdf/6257443.pdf#page=87"
"114","box-1","114","6257443","87","https://www.lego.com/cdn/product-assets/product.bi.core.pdf/6257443.pdf#page=87"
"115","box-1","115","6257443","88","https://www.lego.com/cdn/product-assets/product.bi.core.pdf/6257443.pdf#page=88"
"116","box-1","116","6257443","89","https://www.lego.com/cdn/product-assets/product.bi.core.pdf/6257443.pdf#page=89"
"117","box-1","117","6257443","90","https://www.lego.com/cdn/product-assets/product.bi.core.pdf/6257443.pdf#page=90"
"118","box-1","118","6257443","91","https://www.lego.com/cdn/product-assets/product.bi.core.pdf/6257443.pdf#page=91"
"119","box-1","119","6257443","92","https://www.lego.com/cdn/product-assets/product.bi.core.pdf/6257443.pdf#page=92"
"120","box-1","120","6257443","93","https://www.lego.com/cdn/product-assets/product.bi.core.pdf/6257443.pdf#page=93"
"121","box-1","121","6257443","94","https://www.lego.com/cdn/product-assets/product.bi.core.pdf/6257443.pdf#page=94"
"122","box-1","122","6257443","95","https://www.lego.com/cdn/product-assets/product.bi.core.pdf/6257443.pdf#page=95"
"123","box-1","123","6257443","95","https://www.lego.com/cdn/product-assets/product.bi.core.pdf/6257443.pdf#page=95"
"124","box-1","124","6257443","95","https://www.lego.com/cdn/product-assets/product.bi.core.pdf/6257443.pdf#page=95"
"125","box-1","125","6257443","96","https://www.lego.com/cdn/product-assets/product.bi.core.pdf/6257443.pdf#page=96"
"126","box-1","126","6257443","96","https://www.lego.com/cdn/product-assets/product.bi.core.pdf/6257443.pdf#page=96"
"127","box-1","127","6257443","97","https://www.lego.com/cdn/product-assets/product.bi.core.pdf/6257443.pdf#page=97"
"128","box-1","128","6257443","98","https://www.lego.com/cdn/product-assets/product.bi.core.pdf/6257443.pdf#page=98"
"129","box-1","129","6257443","99","https://www.lego.com/cdn/product-assets/product.bi.core.pdf/6257443.pdf#page=99"
"130","box-1","130","6257443","100","https://www.lego.com/cdn/product-assets/product.bi.core.pdf/6257443.pdf#page=100"
"131","box-1","131","6257443","100","https://www.lego.com/cdn/product-assets/product.bi.core.pdf/6257443.pdf#page=100"
"132","box-1","132","6257443","100","https://www.lego.com/cdn/product-assets/product.bi.core.pdf/6257443.pdf#page=100"
"133","box-1","133","6257443","100","https://www.lego.com/cdn/product-assets/product.bi.core.pdf/6257443.pdf#page=100"
"134","box-1","134","6257443","101","https://www.lego.com/cdn/product-assets/product.bi.core.pdf/6257443.pdf#page=101"
"135","box-1","135","6257443","102","https://www.lego.com/cdn/product-assets/product.bi.core.pdf/6257443.pdf#page=102"
"136","box-1","136","6257443","103","https://www.lego.com/cdn/product-assets/product.bi.core.pdf/6257443.pdf#page=103"
"137","box-1","137","6257443","104","https://www.lego.com/cdn/product-assets/product.bi.core.pdf/6257443.pdf#page=104"
"138","box-1","138","6257443","105","https://www.lego.com/cdn/product-assets/product.bi.core.pdf/6257443.pdf#page=105"
"139","box-1","139","6257443","106","https://www.lego.com/cdn/product-assets/product.bi.core.pdf/6257443.pdf#page=106"
"140","box-1","140","6257443","107","https://www.lego.com/cdn/product-assets/product.bi.core.pdf/6257443.pdf#page=107"
"141","box-1","141","6257443","108","https://www.lego.com/cdn/product-assets/product.bi.core.pdf/6257443.pdf#page=108"
"142","box-1","142","6257443","109","https://www.lego.com/cdn/product-assets/product.bi.core.pdf/6257443.pdf#page=109"
"143","box-1","143","6257443","109","https://www.lego.com/cdn/product-assets/product.bi.core.pdf/6257443.pdf#page=109"
"144","box-1","144","6257443","109","https://www.lego.com/cdn/product-assets/product.bi.core.pdf/6257443.pdf#page=109"
"145","box-1","145","6257443","109","https://www.lego.com/cdn/product-assets/product.bi.core.pdf/6257443.pdf#page=109"
"146","box-1","146","6257443","110","https://www.lego.com/cdn/product-assets/product.bi.core.pdf/6257443.pdf#page=110"
"147","box-1","147","6257443","110","https://www.lego.com/cdn/product-assets/product.bi.core.pdf/6257443.pdf#page=110"
"148","box-1","148","6257443","110","https://www.lego.com/cdn/product-assets/product.bi.core.pdf/6257443.pdf#page=110"
"149","box-1","149","6257443","111","https://www.lego.com/cdn/product-assets/product.bi.core.pdf/6257443.pdf#page=111"
"150","box-1","150","6257443","111","https://www.lego.com/cdn/product-assets/product.bi.core.pdf/6257443.pdf#page=111"
"151","box-1","151","6257443","111","https://www.lego.com/cdn/product-assets/product.bi.core.pdf/6257443.pdf#page=111"
"152","box-1","152","6257443","112","https://www.lego.com/cdn/product-assets/product.bi.core.pdf/6257443.pdf#page=112"
"153","box-1","153","6257443","113","https://www.lego.com/cdn/product-assets/product.bi.core.pdf/6257443.pdf#page=113"
"154","box-1","154","6257443","114","https://www.lego.com/cdn/product-assets/product.bi.core.pdf/6257443.pdf#page=114"
"155","box-1","155","6257443","114","https://www.lego.com/cdn/product-assets/product.bi.core.pdf/6257443.pdf#page=114"
"156","box-1","156","6257443","115","https://www.lego.com/cdn/product-assets/product.bi.core.pdf/6257443.pdf#page=115"
"157","box-1","157","6257443","115","https://www.lego.com/cdn/product-assets/product.bi.core.pdf/6257443.pdf#page=115"
"158","box-1","158","6257443","116","https://www.lego.com/cdn/product-assets/product.bi.core.pdf/6257443.pdf#page=116"
"159","box-1","159","6257443","116","https://www.lego.com/cdn/product-assets/product.bi.core.pdf/6257443.pdf#page=116"
"160","box-1","160","6257443","117","https://www.lego.com/cdn/product-assets/product.bi.core.pdf/6257443.pdf#page=117"
"161","box-1","161","6257443","117","https://www.lego.com/cdn/product-assets/product.bi.core.pdf/6257443.pdf#page=117"
"162","box-1","162","6257443","118","https://www.lego.com/cdn/product-assets/product.bi.core.pdf/6257443.pdf#page=118"
"163","box-1","163","6257443","118","https://www.lego.com/cdn/product-assets/product.bi.core.pdf/6257443.pdf#page=118"
"164","box-1","164","6257443","118","https://www.lego.com/cdn/product-assets/product.bi.core.pdf/6257443.pdf#page=118"
"165","box-1","165","6257443","118","https://www.lego.com/cdn/product-assets/product.bi.core.pdf/6257443.pdf#page=118"
"166","box-1","166","6257443","119","https://www.lego.com/cdn/product-assets/product.bi.core.pdf/6257443.pdf#page=119"
"167","box-1","167","6257443","119","https://www.lego.com/cdn/product-assets/product.bi.core.pdf/6257443.pdf#page=119"
"168","box-1","168","6257443","120","https://www.lego.com/cdn/product-assets/product.bi.core.pdf/6257443.pdf#page=120"
"169","box-1","169","6257443","120","https://www.lego.com/cdn/product-assets/product.bi.core.pdf/6257443.pdf#page=120"
"170","box-1","170","6257443","121","https://www.lego.com/cdn/product-assets/product.bi.core.pdf/6257443.pdf#page=121"
"171","box-1","171","6257443","121","https://www.lego.com/cdn/product-assets/product.bi.core.pdf/6257443.pdf#page=121"
"172","box-1","172","6257443","122","https://www.lego.com/cdn/product-assets/product.bi.core.pdf/6257443.pdf#page=122"
"173","box-1","173","6257443","122","https://www.lego.com/cdn/product-assets/product.bi.core.pdf/6257443.pdf#page=122"
"174","box-1","174","6257443","123","https://www.lego.com/cdn/product-assets/product.bi.core.pdf/6257443.pdf#page=123"
"175","box-1","175","6257443","124","https://www.lego.com/cdn/product-assets/product.bi.core.pdf/6257443.pdf#page=124"
"176","box-1","176","6257443","124","https://www.lego.com/cdn/product-assets/product.bi.core.pdf/6257443.pdf#page=124"
"177","box-1","177","6257443","124","https://www.lego.com/cdn/product-assets/product.bi.core.pdf/6257443.pdf#page=124"
"178","box-1","178","6257443","124","https://www.lego.com/cdn/product-assets/product.bi.core.pdf/6257443.pdf#page=124"
"179","box-1","179","6257443","125","https://www.lego.com/cdn/product-assets/product.bi.core.pdf/6257443.pdf#page=125"
"180","box-1","180","6257443","125","https://www.lego.com/cdn/product-assets/product.bi.core.pdf/6257443.pdf#page=125"
"181","box-1","181","6257443","125","https://www.lego.com/cdn/product-assets/product.bi.core.pdf/6257443.pdf#page=125"
"182","box-1","182","6257443","126","https://www.lego.com/cdn/product-assets/product.bi.core.pdf/6257443.pdf#page=126"
"183","box-1","183","6257443","126","https://www.lego.com/cdn/product-assets/product.bi.core.pdf/6257443.pdf#page=126"
"184","box-1","184","6257443","126","https://www.lego.com/cdn/product-assets/product.bi.core.pdf/6257443.pdf#page=126"
"185","box-1","185","6257443","127","https://www.lego.com/cdn/product-assets/product.bi.core.pdf/6257443.pdf#page=127"
"186","box-1","186","6257443","127","https://www.lego.com/cdn/product-assets/product.bi.core.pdf/6257443.pdf#page=127"
"187","box-1","187","6257443","128","https://www.lego.com/cdn/product-assets/product.bi.core.pdf/6257443.pdf#page=128"
"188","box-1","188","6257443","128","https://www.lego.com/cdn/product-assets/product.bi.core.pdf/6257443.pdf#page=128"
"189","box-1","189","6257443","129","https://www.lego.com/cdn/product-assets/product.bi.core.pdf/6257443.pdf#page=129"
"190","box-1","190","6257443","129","https://www.lego.com/cdn/product-assets/product.bi.core.pdf/6257443.pdf#page=129"
"191","box-1","191","6257443","130","https://www.lego.com/cdn/product-assets/product.bi.core.pdf/6257443.pdf#page=130"
"192","box-1","192","6257443","130","https://www.lego.com/cdn/product-assets/product.bi.core.pdf/6257443.pdf#page=130"
"193","box-1","193","6257443","131","https://www.lego.com/cdn/product-assets/product.bi.core.pdf/6257443.pdf#page=131"
"194","box-1","194","6257443","132","https://www.lego.com/cdn/product-assets/product.bi.core.pdf/6257443.pdf#page=132"
"195","box-1","195","6257443","133","https://www.lego.com/cdn/product-assets/product.bi.core.pdf/6257443.pdf#page=133"
"196","box-1","196","6257443","134","https://www.lego.com/cdn/product-assets/product.bi.core.pdf/6257443.pdf#page=134"
"197","box-1","197","6257443","135","https://www.lego.com/cdn/product-assets/product.bi.core.pdf/6257443.pdf#page=135"
"198","box-1","198","6257443","136","https://www.lego.com/cdn/product-assets/product.bi.core.pdf/6257443.pdf#page=136"
"199","box-1","199","6257443","137","https://www.lego.com/cdn/product-assets/product.bi.core.pdf/6257443.pdf#page=137"
"200","box-2","200","6257443","142","https://www.lego.com/cdn/product-assets/product.bi.core.pdf/6257443.pdf#page=142"
"201","box-2","201","6257443","142","https://www.lego.com/cdn/product-assets/product.bi.core.pdf/6257443.pdf#page=142"
"202","box-2","202","6257443","142","https://www.lego.com/cdn/product-assets/product.bi.core.pdf/6257443.pdf#page=142"
"203","box-2","203","6257443","143","https://www.lego.com/cdn/product-assets/product.bi.core.pdf/6257443.pdf#page=143"
"204","box-2","204","6257443","143","https://www.lego.com/cdn/product-assets/product.bi.core.pdf/6257443.pdf#page=143"
"205","box-2","205","6257443","143","https://www.lego.com/cdn/product-assets/product.bi.core.pdf/6257443.pdf#page=143"
"206","box-2","206","6257443","144","https://www.lego.com/cdn/product-assets/product.bi.core.pdf/6257443.pdf#page=144"
"207","box-2","207","6257443","144","https://www.lego.com/cdn/product-assets/product.bi.core.pdf/6257443.pdf#page=144"
"208","box-2","208","6257443","144","https://www.lego.com/cdn/product-assets/product.bi.core.pdf/6257443.pdf#page=144"
"209","box-2","209","6257443","144","https://www.lego.com/cdn/product-assets/product.bi.core.pdf/6257443.pdf#page=144"
"210","box-2","210","6257443","145","https://www.lego.com/cdn/product-assets/product.bi.core.pdf/6257443.pdf#page=145"
"211","box-2","211","6257443","145","https://www.lego.com/cdn/product-assets/product.bi.core.pdf/6257443.pdf#page=145"
"212","box-2","212","6257443","146","https://www.lego.com/cdn/product-assets/product.bi.core.pdf/6257443.pdf#page=146"
"213","box-2","213","6257443","146","https://www.lego.com/cdn/product-assets/product.bi.core.pdf/6257443.pdf#page=146"
"214","box-2","214","6257443","147","https://www.lego.com/cdn/product-assets/product.bi.core.pdf/6257443.pdf#page=147"
"215","box-2","215","6257443","147","https://www.lego.com/cdn/product-assets/product.bi.core.pdf/6257443.pdf#page=147"
"216","box-2","216","6257443","147","https://www.lego.com/cdn/product-assets/product.bi.core.pdf/6257443.pdf#page=147"
"217","box-2","217","6257443","148","https://www.lego.com/cdn/product-assets/product.bi.core.pdf/6257443.pdf#page=148"
"218","box-2","218","6257443","148","https://www.lego.com/cdn/product-assets/product.bi.core.pdf/6257443.pdf#page=148"
"219","box-2","219","6257443","149","https://www.lego.com/cdn/product-assets/product.bi.core.pdf/6257443.pdf#page=149"
"220","box-2","220","6257443","149","https://www.lego.com/cdn/product-assets/product.bi.core.pdf/6257443.pdf#page=149"
"221","box-2","221","6257443","150","https://www.lego.com/cdn/product-assets/product.bi.core.pdf/6257443.pdf#page=150"
"222","box-2","222","6257443","150","https://www.lego.com/cdn/product-assets/product.bi.core.pdf/6257443.pdf#page=150"
"223","box-2","223","6257443","150","https://www.lego.com/cdn/product-assets/product.bi.core.pdf/6257443.pdf#page=150"
"224","box-2","224","6257443","150","https://www.lego.com/cdn/product-assets/product.bi.core.pdf/6257443.pdf#page=150"
"225","box-2","225","6257443","151","https://www.lego.com/cdn/product-assets/product.bi.core.pdf/6257443.pdf#page=151"
"226","box-2","226","6257443","151","https://www.lego.com/cdn/product-assets/product.bi.core.pdf/6257443.pdf#page=151"
"227","box-2","227","6257443","152","https://www.lego.com/cdn/product-assets/product.bi.core.pdf/6257443.pdf#page=152"
"228","box-2","228","6257443","153","https://www.lego.com/cdn/product-assets/product.bi.core.pdf/6257443.pdf#page=153"
"229","box-2","229","6257443","153","https://www.lego.com/cdn/product-assets/product.bi.core.pdf/6257443.pdf#page=153"
"230","box-2","230","6257443","153","https://www.lego.com/cdn/product-assets/product.bi.core.pdf/6257443.pdf#page=153"
"231","box-2","231","6257443","154","https://www.lego.com/cdn/product-assets/product.bi.core.pdf/6257443.pdf#page=154"
"232","box-2","232","6257443","155","https://www.lego.com/cdn/product-assets/product.bi.core.pdf/6257443.pdf#page=155"
"233","box-2","233","6257443","156","https://www.lego.com/cdn/product-assets/product.bi.core.pdf/6257443.pdf#page=156"
"234","box-2","234","6257443","156","https://www.lego.com/cdn/product-assets/product.bi.core.pdf/6257443.pdf#page=156"
"235","box-2","235","6257443","156","https://www.lego.com/cdn/product-assets/product.bi.core.pdf/6257443.pdf#page=156"
"236","box-2","236","6257443","156","https://www.lego.com/cdn/product-assets/product.bi.core.pdf/6257443.pdf#page=156"
"237","box-2","237","6257443","157","https://www.lego.com/cdn/product-assets/product.bi.core.pdf/6257443.pdf#page=157"
"238","box-2","238","6257443","157","https://www.lego.com/cdn/product-assets/product.bi.core.pdf/6257443.pdf#page=157"
"239","box-2","239","6257443","158","https://www.lego.com/cdn/product-assets/product.bi.core.pdf/6257443.pdf#page=158"
"240","box-2","240","6257443","159","https://www.lego.com/cdn/product-assets/product.bi.core.pdf/6257443.pdf#page=159"
"241","box-2","241","6257443","160","https://www.lego.com/cdn/product-assets/product.bi.core.pdf/6257443.pdf#page=160"
"242","box-2","242","6257443","161","https://www.lego.com/cdn/product-assets/product.bi.core.pdf/6257443.pdf#page=161"
"243","box-2","243","6257443","162","https://www.lego.com/cdn/product-assets/product.bi.core.pdf/6257443.pdf#page=162"
"244","box-2","244","6257443","162","https://www.lego.com/cdn/product-assets/product.bi.core.pdf/6257443.pdf#page=162"
"245","box-2","245","6257443","162","https://www.lego.com/cdn/product-assets/product.bi.core.pdf/6257443.pdf#page=162"
"246","box-2","246","6257443","162","https://www.lego.com/cdn/product-assets/product.bi.core.pdf/6257443.pdf#page=162"
"247","box-2","247","6257443","163","https://www.lego.com/cdn/product-assets/product.bi.core.pdf/6257443.pdf#page=163"
"248","box-2","248","6257443","163","https://www.lego.com/cdn/product-assets/product.bi.core.pdf/6257443.pdf#page=163"
"249","box-2","249","6257443","163","https://www.lego.com/cdn/product-assets/product.bi.core.pdf/6257443.pdf#page=163"
"250","box-2","250","6257443","164","https://www.lego.com/cdn/product-assets/product.bi.core.pdf/6257443.pdf#page=164"
"251","box-2","251","6257443","164","https://www.lego.com/cdn/product-assets/product.bi.core.pdf/6257443.pdf#page=164"
"252","box-2","252","6257443","165","https://www.lego.com/cdn/product-assets/product.bi.core.pdf/6257443.pdf#page=165"
"253","box-2","253","6257443","165","https://www.lego.com/cdn/product-assets/product.bi.core.pdf/6257443.pdf#page=165"
"254","box-2","254","6257443","166","https://www.lego.com/cdn/product-assets/product.bi.core.pdf/6257443.pdf#page=166"
"255","box-2","255","6257443","166","https://www.lego.com/cdn/product-assets/product.bi.core.pdf/6257443.pdf#page=166"
"256","box-2","256","6257443","166","https://www.lego.com/cdn/product-assets/product.bi.core.pdf/6257443.pdf#page=166"
"257","box-2","257","6257443","167","https://www.lego.com/cdn/product-assets/product.bi.core.pdf/6257443.pdf#page=167"
"258","box-2","258","6257443","167","https://www.lego.com/cdn/product-assets/product.bi.core.pdf/6257443.pdf#page=167"
"259","box-2","259","6257443","167","https://www.lego.com/cdn/product-assets/product.bi.core.pdf/6257443.pdf#page=167"
"260","box-2","260","6257443","168","https://www.lego.com/cdn/product-assets/product.bi.core.pdf/6257443.pdf#page=168"
"261","box-2","261","6257443","168","https://www.lego.com/cdn/product-assets/product.bi.core.pdf/6257443.pdf#page=168"
"262","box-2","262","6257443","168","https://www.lego.com/cdn/product-assets/product.bi.core.pdf/6257443.pdf#page=168"
"263","box-2","263","6257443","168","https://www.lego.com/cdn/product-assets/product.bi.core.pdf/6257443.pdf#page=168"
"264","box-2","264","6257443","169","https://www.lego.com/cdn/product-assets/product.bi.core.pdf/6257443.pdf#page=169"
"265","box-2","265","6257443","169","https://www.lego.com/cdn/product-assets/product.bi.core.pdf/6257443.pdf#page=169"
"266","box-2","266","6257443","170","https://www.lego.com/cdn/product-assets/product.bi.core.pdf/6257443.pdf#page=170"
"267","box-2","267","6257443","171","https://www.lego.com/cdn/product-assets/product.bi.core.pdf/6257443.pdf#page=171"
"268","box-2","268","6257443","172","https://www.lego.com/cdn/product-assets/product.bi.core.pdf/6257443.pdf#page=172"
"269","box-2","269","6257443","172","https://www.lego.com/cdn/product-assets/product.bi.core.pdf/6257443.pdf#page=172"
"270","box-2","270","6257443","173","https://www.lego.com/cdn/product-assets/product.bi.core.pdf/6257443.pdf#page=173"
"271","box-2","271","6257443","174","https://www.lego.com/cdn/product-assets/product.bi.core.pdf/6257443.pdf#page=174"
"272","box-2","272","6257443","175","https://www.lego.com/cdn/product-assets/product.bi.core.pdf/6257443.pdf#page=175"
"273","box-2","273","6257443","175","https://www.lego.com/cdn/product-assets/product.bi.core.pdf/6257443.pdf#page=175"
"274","box-2","274","6257443","176","https://www.lego.com/cdn/product-assets/product.bi.core.pdf/6257443.pdf#page=176"
"275","box-2","275","6257443","176","https://www.lego.com/cdn/product-assets/product.bi.core.pdf/6257443.pdf#page=176"
"276","box-2","276","6257443","177","https://www.lego.com/cdn/product-assets/product.bi.core.pdf/6257443.pdf#page=177"
"277","box-2","277","6257443","178","https://www.lego.com/cdn/product-assets/product.bi.core.pdf/6257443.pdf#page=178"
"278","box-2","278","6257443","178","https://www.lego.com/cdn/product-assets/product.bi.core.pdf/6257443.pdf#page=178"
"279","box-2","279","6257443","179","https://www.lego.com/cdn/product-assets/product.bi.core.pdf/6257443.pdf#page=179"
"280","box-2","280","6257443","180","https://www.lego.com/cdn/product-assets/product.bi.core.pdf/6257443.pdf#page=180"
"281","box-2","281","6257443","180","https://www.lego.com/cdn/product-assets/product.bi.core.pdf/6257443.pdf#page=180"
"282","box-2","282","6257443","180","https://www.lego.com/cdn/product-assets/product.bi.core.pdf/6257443.pdf#page=180"
"283","box-2","283","6257443","180","https://www.lego.com/cdn/product-assets/product.bi.core.pdf/6257443.pdf#page=180"
"284","box-2","284","6257443","181","https://www.lego.com/cdn/product-assets/product.bi.core.pdf/6257443.pdf#page=181"
"285","box-2","285","6257443","181","https://www.lego.com/cdn/product-assets/product.bi.core.pdf/6257443.pdf#page=181"
"286","box-2","286","6257443","182","https://www.lego.com/cdn/product-assets/product.bi.core.pdf/6257443.pdf#page=182"
"287","box-2","287","6257443","182","https://www.lego.com/cdn/product-assets/product.bi.core.pdf/6257443.pdf#page=182"
"288","box-2","288","6257443","183","https://www.lego.com/cdn/product-assets/product.bi.core.pdf/6257443.pdf#page=183"
"289","box-2","289","6257443","184","https://www.lego.com/cdn/product-assets/product.bi.core.pdf/6257443.pdf#page=184"
"290","box-2","290","6257443","185","https://www.lego.com/cdn/product-assets/product.bi.core.pdf/6257443.pdf#page=185"
"291","box-2","291","6257443","186","https://www.lego.com/cdn/product-assets/product.bi.core.pdf/6257443.pdf#page=186"
"292","box-2","292","6257443","187","https://www.lego.com/cdn/product-assets/product.bi.core.pdf/6257443.pdf#page=187"
"293","box-2","293","6257443","188","https://www.lego.com/cdn/product-assets/product.bi.core.pdf/6257443.pdf#page=188"
"294","box-2","294","6257443","188","https://www.lego.com/cdn/product-assets/product.bi.core.pdf/6257443.pdf#page=188"
"295","box-2","295","6257443","188","https://www.lego.com/cdn/product-assets/product.bi.core.pdf/6257443.pdf#page=188"
"296","box-2","296","6257443","188","https://www.lego.com/cdn/product-assets/product.bi.core.pdf/6257443.pdf#page=188"
"297","box-2","297","6257443","189","https://www.lego.com/cdn/product-assets/product.bi.core.pdf/6257443.pdf#page=189"
"298","box-2","298","6257443","189","https://www.lego.com/cdn/product-assets/product.bi.core.pdf/6257443.pdf#page=189"
"299","box-2","299","6257443","190","https://www.lego.com/cdn/product-assets/product.bi.core.pdf/6257443.pdf#page=190"
"300","box-2","300","6257443","190","https://www.lego.com/cdn/product-assets/product.bi.core.pdf/6257443.pdf#page=190"
"301","box-2","301","6257443","190","https://www.lego.com/cdn/product-assets/product.bi.core.pdf/6257443.pdf#page=190"
"302","box-2","302","6257443","190","https://www.lego.com/cdn/product-assets/product.bi.core.pdf/6257443.pdf#page=190"
"303","box-2","303","6257443","191","https://www.lego.com/cdn/product-assets/product.bi.core.pdf/6257443.pdf#page=191"
"304","box-2","304","6257443","191","https://www.lego.com/cdn/product-assets/product.bi.core.pdf/6257443.pdf#page=191"
"305","box-2","305","6257443","191","https://www.lego.com/cdn/product-assets/product.bi.core.pdf/6257443.pdf#page=191"
"306","box-2","306","6257443","191","https://www.lego.com/cdn/product-assets/product.bi.core.pdf/6257443.pdf#page=191"
"307","box-2","307","6257443","192","https://www.lego.com/cdn/product-assets/product.bi.core.pdf/6257443.pdf#page=192"
"308","box-2","308","6257443","192","https://www.lego.com/cdn/product-assets/product.bi.core.pdf/6257443.pdf#page=192"
"309","box-2","309","6257443","192","https://www.lego.com/cdn/product-assets/product.bi.core.pdf/6257443.pdf#page=192"
"310","box-2","310","6257443","193","https://www.lego.com/cdn/product-assets/product.bi.core.pdf/6257443.pdf#page=193"
"311","box-2","311","6257443","194","https://www.lego.com/cdn/product-assets/product.bi.core.pdf/6257443.pdf#page=194"
"312","box-2","312","6257443","195","https://www.lego.com/cdn/product-assets/product.bi.core.pdf/6257443.pdf#page=195"
"313","box-2","313","6257443","196","https://www.lego.com/cdn/product-assets/product.bi.core.pdf/6257443.pdf#page=196"
"314","box-2","314","6257443","197","https://www.lego.com/cdn/product-assets/product.bi.core.pdf/6257443.pdf#page=197"
"315","box-2","315","6257443","198","https://www.lego.com/cdn/product-assets/product.bi.core.pdf/6257443.pdf#page=198"
"316","box-2","316","6257443","199","https://www.lego.com/cdn/product-assets/product.bi.core.pdf/6257443.pdf#page=199"
"317","box-2","317","6257443","199","https://www.lego.com/cdn/product-assets/product.bi.core.pdf/6257443.pdf#page=199"
"318","box-2","318","6257443","200","https://www.lego.com/cdn/product-assets/product.bi.core.pdf/6257443.pdf#page=200"
"319","box-2","319","6257443","200","https://www.lego.com/cdn/product-assets/product.bi.core.pdf/6257443.pdf#page=200"
"320","box-2","320","6257443","201","https://www.lego.com/cdn/product-assets/product.bi.core.pdf/6257443.pdf#page=201"
"321","box-2","321","6257443","201","https://www.lego.com/cdn/product-assets/product.bi.core.pdf/6257443.pdf#page=201"
"322","box-2","322","6257443","202","https://www.lego.com/cdn/product-assets/product.bi.core.pdf/6257443.pdf#page=202"
"323","box-2","323","6257443","202","https://www.lego.com/cdn/product-assets/product.bi.core.pdf/6257443.pdf#page=202"
"324","box-2","324","6257443","203","https://www.lego.com/cdn/product-assets/product.bi.core.pdf/6257443.pdf#page=203"
"325","box-2","325","6257443","204","https://www.lego.com/cdn/product-assets/product.bi.core.pdf/6257443.pdf#page=204"
"326","box-2","326","6257443","205","https://www.lego.com/cdn/product-assets/product.bi.core.pdf/6257443.pdf#page=205"
"327","box-2","327","6257443","205","https://www.lego.com/cdn/product-assets/product.bi.core.pdf/6257443.pdf#page=205"
"328","box-2","328","6257443","206","https://www.lego.com/cdn/product-assets/product.bi.core.pdf/6257443.pdf#page=206"
"329","box-2","329","6257443","206","https://www.lego.com/cdn/product-assets/product.bi.core.pdf/6257443.pdf#page=206"
"330","box-2","330","6257443","207","https://www.lego.com/cdn/product-assets/product.bi.core.pdf/6257443.pdf#page=207"
"331","box-2","331","6257443","208","https://www.lego.com/cdn/product-assets/product.bi.core.pdf/6257443.pdf#page=208"
"332","box-2","332","6257443","208","https://www.lego.com/cdn/product-assets/product.bi.core.pdf/6257443.pdf#page=208"
"333","box-2","333","6257443","209","https://www.lego.com/cdn/product-assets/product.bi.core.pdf/6257443.pdf#page=209"
"334","box-2","334","6257443","210","https://www.lego.com/cdn/product-assets/product.bi.core.pdf/6257443.pdf#page=210"
"335","box-2","335","6257443","211","https://www.lego.com/cdn/product-assets/product.bi.core.pdf/6257443.pdf#page=211"
"336","box-2","336","6257443","212","https://www.lego.com/cdn/product-assets/product.bi.core.pdf/6257443.pdf#page=212"
"337","box-2","337","6257443","213","https://www.lego.com/cdn/product-assets/product.bi.core.pdf/6257443.pdf#page=213"
"338","box-2","338","6257443","214","https://www.lego.com/cdn/product-assets/product.bi.core.pdf/6257443.pdf#page=214"
"339","box-2","339","6257443","215","https://www.lego.com/cdn/product-assets/product.bi.core.pdf/6257443.pdf#page=215"
"340","box-2","340","6257443","216","https://www.lego.com/cdn/product-assets/product.bi.core.pdf/6257443.pdf#page=216"
"341","box-2","341","6257443","217","https://www.lego.com/cdn/product-assets/product.bi.core.pdf/6257443.pdf#page=217"
"342","box-2","342","6257443","218","https://www.lego.com/cdn/product-assets/product.bi.core.pdf/6257443.pdf#page=218"
"343","box-2","343","6257443","219","https://www.lego.com/cdn/product-assets/product.bi.core.pdf/6257443.pdf#page=219"
"344","box-2","344","6257443","219","https://www.lego.com/cdn/product-assets/product.bi.core.pdf/6257443.pdf#page=219"
"345","box-2","345","6257443","219","https://www.lego.com/cdn/product-assets/product.bi.core.pdf/6257443.pdf#page=219"
"346","box-2","346","6257443","219","https://www.lego.com/cdn/product-assets/product.bi.core.pdf/6257443.pdf#page=219"
"347","box-2","347","6257443","220","https://www.lego.com/cdn/product-assets/product.bi.core.pdf/6257443.pdf#page=220"
"348","box-2","348","6257443","220","https://www.lego.com/cdn/product-assets/product.bi.core.pdf/6257443.pdf#page=220"
"349","box-2","349","6257443","220","https://www.lego.com/cdn/product-assets/product.bi.core.pdf/6257443.pdf#page=220"
"350","box-2","350","6257443","220","https://www.lego.com/cdn/product-assets/product.bi.core.pdf/6257443.pdf#page=220"
"351","box-2","351","6257443","221","https://www.lego.com/cdn/product-assets/product.bi.core.pdf/6257443.pdf#page=221"
"352","box-2","352","6257443","221","https://www.lego.com/cdn/product-assets/product.bi.core.pdf/6257443.pdf#page=221"
"353","box-2","353","6257443","221","https://www.lego.com/cdn/product-assets/product.bi.core.pdf/6257443.pdf#page=221"
"354","box-2","354","6257443","222","https://www.lego.com/cdn/product-assets/product.bi.core.pdf/6257443.pdf#page=222"
"355","box-2","355","6257443","223","https://www.lego.com/cdn/product-assets/product.bi.core.pdf/6257443.pdf#page=223"
"356","box-2","356","6257443","223","https://www.lego.com/cdn/product-assets/product.bi.core.pdf/6257443.pdf#page=223"
"357","box-2","357","6257443","224","https://www.lego.com/cdn/product-assets/product.bi.core.pdf/6257443.pdf#page=224"
"358","box-2","358","6257443","224","https://www.lego.com/cdn/product-assets/product.bi.core.pdf/6257443.pdf#page=224"
"359","box-2","359","6257443","225","https://www.lego.com/cdn/product-assets/product.bi.core.pdf/6257443.pdf#page=225"
"360","box-2","360","6257443","226","https://www.lego.com/cdn/product-assets/product.bi.core.pdf/6257443.pdf#page=226"
"361","box-2","361","6257443","227","https://www.lego.com/cdn/product-assets/product.bi.core.pdf/6257443.pdf#page=227"
"362","box-2","362","6257443","228","https://www.lego.com/cdn/product-assets/product.bi.core.pdf/6257443.pdf#page=228"
"363","box-2","363","6257443","229","https://www.lego.com/cdn/product-assets/product.bi.core.pdf/6257443.pdf#page=229"
"364","box-2","364","6257443","230","https://www.lego.com/cdn/product-assets/product.bi.core.pdf/6257443.pdf#page=230"
"365","box-2","365","6257443","230","https://www.lego.com/cdn/product-assets/product.bi.core.pdf/6257443.pdf#page=230"
"366","box-2","366","6257443","230","https://www.lego.com/cdn/product-assets/product.bi.core.pdf/6257443.pdf#page=230"
"367","box-2","367","6257443","230","https://www.lego.com/cdn/product-assets/product.bi.core.pdf/6257443.pdf#page=230"
"368","box-2","368","6257443","231","https://www.lego.com/cdn/product-assets/product.bi.core.pdf/6257443.pdf#page=231"
"369","box-2","369","6257443","231","https://www.lego.com/cdn/product-assets/product.bi.core.pdf/6257443.pdf#page=231"
"370","box-2","370","6257443","231","https://www.lego.com/cdn/product-assets/product.bi.core.pdf/6257443.pdf#page=231"
"371","box-2","371","6257443","231","https://www.lego.com/cdn/product-assets/product.bi.core.pdf/6257443.pdf#page=231"
"372","box-2","372","6257443","232","https://www.lego.com/cdn/product-assets/product.bi.core.pdf/6257443.pdf#page=232"
"373","box-2","373","6257443","232","https://www.lego.com/cdn/product-assets/product.bi.core.pdf/6257443.pdf#page=232"
"374","box-2","374","6257443","233","https://www.lego.com/cdn/product-assets/product.bi.core.pdf/6257443.pdf#page=233"
"375","box-2","375","6257443","234","https://www.lego.com/cdn/product-assets/product.bi.core.pdf/6257443.pdf#page=234"
"376","box-2","376","6257443","235","https://www.lego.com/cdn/product-assets/product.bi.core.pdf/6257443.pdf#page=235"
"377","box-2","377","6257443","236","https://www.lego.com/cdn/product-assets/product.bi.core.pdf/6257443.pdf#page=236"
"378","box-2","378","6257443","237","https://www.lego.com/cdn/product-assets/product.bi.core.pdf/6257443.pdf#page=237"
"379","box-2","379","6257443","238","https://www.lego.com/cdn/product-assets/product.bi.core.pdf/6257443.pdf#page=238"
"380","box-2","380","6257443","239","https://www.lego.com/cdn/product-assets/product.bi.core.pdf/6257443.pdf#page=239"
"381","box-2","381","6257443","240","https://www.lego.com/cdn/product-assets/product.bi.core.pdf/6257443.pdf#page=240"
"382","box-2","382","6257443","240","https://www.lego.com/cdn/product-assets/product.bi.core.pdf/6257443.pdf#page=240"
"383","box-2","383","6257443","240","https://www.lego.com/cdn/product-assets/product.bi.core.pdf/6257443.pdf#page=240"
"384","box-2","384","6257443","240","https://www.lego.com/cdn/product-assets/product.bi.core.pdf/6257443.pdf#page=240"
"385","box-2","385","6257443","240","https://www.lego.com/cdn/product-assets/product.bi.core.pdf/6257443.pdf#page=240"
"386","box-2","386","6257443","241","https://www.lego.com/cdn/product-assets/product.bi.core.pdf/6257443.pdf#page=241"
"387","box-2","387","6257443","241","https://www.lego.com/cdn/product-assets/product.bi.core.pdf/6257443.pdf#page=241"
"388","box-2","388","6257443","241","https://www.lego.com/cdn/product-assets/product.bi.core.pdf/6257443.pdf#page=241"
"389","box-2","389","6257443","241","https://www.lego.com/cdn/product-assets/product.bi.core.pdf/6257443.pdf#page=241"
"390","box-2","390","6257443","242","https://www.lego.com/cdn/product-assets/product.bi.core.pdf/6257443.pdf#page=242"
"391","box-2","391","6257443","242","https://www.lego.com/cdn/product-assets/product.bi.core.pdf/6257443.pdf#page=242"
"392","box-2","392","6257443","242","https://www.lego.com/cdn/product-assets/product.bi.core.pdf/6257443.pdf#page=242"
"393","box-2","393","6257443","243","https://www.lego.com/cdn/product-assets/product.bi.core.pdf/6257443.pdf#page=243"
"394","box-2","394","6257443","244","https://www.lego.com/cdn/product-assets/product.bi.core.pdf/6257443.pdf#page=244"
"395","box-2","395","6257443","245","https://www.lego.com/cdn/product-assets/product.bi.core.pdf/6257443.pdf#page=245"
"396","box-2","396","6257443","246","https://www.lego.com/cdn/product-assets/product.bi.core.pdf/6257443.pdf#page=246"
"397","box-2","397","6257443","247","https://www.lego.com/cdn/product-assets/product.bi.core.pdf/6257443.pdf#page=247"
"398","box-2","398","6257443","248","https://www.lego.com/cdn/product-assets/product.bi.core.pdf/6257443.pdf#page=248"
"399","box-2","399","6257443","249","https://www.lego.com/cdn/product-assets/product.bi.core.pdf/6257443.pdf#page=249"
"400","box-2","400","6257443","250","https://www.lego.com/cdn/product-assets/product.bi.core.pdf/6257443.pdf#page=250"
"401","box-2","401","6257443","250","https://www.lego.com/cdn/product-assets/product.bi.core.pdf/6257443.pdf#page=250"
"402","box-2","402","6257443","250","https://www.lego.com/cdn/product-assets/product.bi.core.pdf/6257443.pdf#page=250"
"403","box-2","403","6257443","250","https://www.lego.com/cdn/product-assets/product.bi.core.pdf/6257443.pdf#page=250"
"404","box-2","404","6257443","251","https://www.lego.com/cdn/product-assets/product.bi.core.pdf/6257443.pdf#page=251"
"405","box-2","405","6257443","251","https://www.lego.com/cdn/product-assets/product.bi.core.pdf/6257443.pdf#page=251"
"406","box-2","406","6257443","251","https://www.lego.com/cdn/product-assets/product.bi.core.pdf/6257443.pdf#page=251"
"407","box-2","407","6257443","251","https://www.lego.com/cdn/product-assets/product.bi.core.pdf/6257443.pdf#page=251"
"408","box-2","408","6257443","252","https://www.lego.com/cdn/product-assets/product.bi.core.pdf/6257443.pdf#page=252"
"409","box-2","409","6257443","252","https://www.lego.com/cdn/product-assets/product.bi.core.pdf/6257443.pdf#page=252"
"410","box-2","410","6257443","252","https://www.lego.com/cdn/product-assets/product.bi.core.pdf/6257443.pdf#page=252"
"411","box-2","411","6257443","252","https://www.lego.com/cdn/product-assets/product.bi.core.pdf/6257443.pdf#page=252"
"412","box-2","412","6257443","253","https://www.lego.com/cdn/product-assets/product.bi.core.pdf/6257443.pdf#page=253"
"413","box-2","413","6257443","254 255","https://www.lego.com/cdn/product-assets/product.bi.core.pdf/6257443.pdf#page=254"
"414","box-2","414","6257443","256","https://www.lego.com/cdn/product-assets/product.bi.core.pdf/6257443.pdf#page=256"
"415","box-2","415","6257443","257","https://www.lego.com/cdn/product-assets/product.bi.core.pdf/6257443.pdf#page=257"
"416","box-2","416","6257443","258","https://www.lego.com/cdn/product-assets/product.bi.core.pdf/6257443.pdf#page=258"
"417","box-2","417","6257443","259","https://www.lego.com/cdn/product-assets/product.bi.core.pdf/6257443.pdf#page=259"
"418","box-2","418","6257443","260","https://www.lego.com/cdn/product-assets/product.bi.core.pdf/6257443.pdf#page=260"
"419","box-2","419","6257443","261","https://www.lego.com/cdn/product-assets/product.bi.core.pdf/6257443.pdf#page=261"
"420","box-2","420","6257443","262","https://www.lego.com/cdn/product-assets/product.bi.core.pdf/6257443.pdf#page=262"
"421","box-2","421","6257443","263","https://www.lego.com/cdn/product-assets/product.bi.core.pdf/6257443.pdf#page=263"
"422","box-2","422","6257443","264","https://www.lego.com/cdn/product-assets/product.bi.core.pdf/6257443.pdf#page=264"
"423","box-2","423","6257443","265","https://www.lego.com/cdn/product-assets/product.bi.core.pdf/6257443.pdf#page=265"
"424","box-2","424","6257443","266","https://www.lego.com/cdn/product-assets/product.bi.core.pdf/6257443.pdf#page=266"
"425","box-2","425","6257443","267","https://www.lego.com/cdn/product-assets/product.bi.core.pdf/6257443.pdf#page=267"
"426","box-2","426","6257443","267","https://www.lego.com/cdn/product-assets/product.bi.core.pdf/6257443.pdf#page=267"
"427","box-2","427","6257443","267","https://www.lego.com/cdn/product-assets/product.bi.core.pdf/6257443.pdf#page=267"
"428","box-2","428","6257443","267","https://www.lego.com/cdn/product-assets/product.bi.core.pdf/6257443.pdf#page=267"
"429","box-2","429","6257443","268","https://www.lego.com/cdn/product-assets/product.bi.core.pdf/6257443.pdf#page=268"
"430","box-2","430","6257443","268","https://www.lego.com/cdn/product-assets/product.bi.core.pdf/6257443.pdf#page=268"
"431","box-2","431","6257443","268","https://www.lego.com/cdn/product-assets/product.bi.core.pdf/6257443.pdf#page=268"
"432","box-2","432","6257443","269","https://www.lego.com/cdn/product-assets/product.bi.core.pdf/6257443.pdf#page=269"
"433","box-2","433","6257443","270","https://www.lego.com/cdn/product-assets/product.bi.core.pdf/6257443.pdf#page=270"
"434","box-2","434","6257443","271","https://www.lego.com/cdn/product-assets/product.bi.core.pdf/6257443.pdf#page=271"
"435","box-2","435","6257443","272","https://www.lego.com/cdn/product-assets/product.bi.core.pdf/6257443.pdf#page=272"
"436","box-2","436","6257443","272","https://www.lego.com/cdn/product-assets/product.bi.core.pdf/6257443.pdf#page=272"
"437","box-2","437","6257443","272","https://www.lego.com/cdn/product-assets/product.bi.core.pdf/6257443.pdf#page=272"
"438","box-2","438","6257443","272","https://www.lego.com/cdn/product-assets/product.bi.core.pdf/6257443.pdf#page=272"
"439","box-2","439","6257443","273","https://www.lego.com/cdn/product-assets/product.bi.core.pdf/6257443.pdf#page=273"
"440","box-2","440","6257443","274","https://www.lego.com/cdn/product-assets/product.bi.core.pdf/6257443.pdf#page=274"
"441","box-2","441","6257443","275","https://www.lego.com/cdn/product-assets/product.bi.core.pdf/6257443.pdf#page=275"
"442","box-2","442","6257443","276","https://www.lego.com/cdn/product-assets/product.bi.core.pdf/6257443.pdf#page=276"
"443","box-2","443","6257443","276","https://www.lego.com/cdn/product-assets/product.bi.core.pdf/6257443.pdf#page=276"
"444","box-2","444","6257443","276","https://www.lego.com/cdn/product-assets/product.bi.core.pdf/6257443.pdf#page=276"
"445","box-2","445","6257443","276","https://www.lego.com/cdn/product-assets/product.bi.core.pdf/6257443.pdf#page=276"
"446","box-2","446","6257443","277","https://www.lego.com/cdn/product-assets/product.bi.core.pdf/6257443.pdf#page=277"
"447","box-2","447","6257443","277","https://www.lego.com/cdn/product-assets/product.bi.core.pdf/6257443.pdf#page=277"
"448","box-2","448","6257443","277","https://www.lego.com/cdn/product-assets/product.bi.core.pdf/6257443.pdf#page=277"
"449","box-2","449","6257443","278","https://www.lego.com/cdn/product-assets/product.bi.core.pdf/6257443.pdf#page=278"
"450","box-2","450","6257443","279","https://www.lego.com/cdn/product-assets/product.bi.core.pdf/6257443.pdf#page=279"
"451","box-2","451","6257443","280","https://www.lego.com/cdn/product-assets/product.bi.core.pdf/6257443.pdf#page=280"
"452","box-2","452","6257443","281","https://www.lego.com/cdn/product-assets/product.bi.core.pdf/6257443.pdf#page=281"
"453","box-2","453","6257443","281","https://www.lego.com/cdn/product-assets/product.bi.core.pdf/6257443.pdf#page=281"
"454","box-2","454","6257443","281","https://www.lego.com/cdn/product-assets/product.bi.core.pdf/6257443.pdf#page=281"
"455","box-2","455","6257443","281","https://www.lego.com/cdn/product-assets/product.bi.core.pdf/6257443.pdf#page=281"
"456","box-2","456","6257443","282","https://www.lego.com/cdn/product-assets/product.bi.core.pdf/6257443.pdf#page=282"
"457","box-2","457","6257443","283","https://www.lego.com/cdn/product-assets/product.bi.core.pdf/6257443.pdf#page=283"
"458","box-2","458","6257443","284","https://www.lego.com/cdn/product-assets/product.bi.core.pdf/6257443.pdf#page=284"
"459","box-2","459","6257443","285","https://www.lego.com/cdn/product-assets/product.bi.core.pdf/6257443.pdf#page=285"
"460","box-2","460","6257443","286","https://www.lego.com/cdn/product-assets/product.bi.core.pdf/6257443.pdf#page=286"
"461","box-2","461","6257443","287","https://www.lego.com/cdn/product-assets/product.bi.core.pdf/6257443.pdf#page=287"
"462","box-2","462","6257443","288","https://www.lego.com/cdn/product-assets/product.bi.core.pdf/6257443.pdf#page=288"
"463","box-2","463","6257443","289","https://www.lego.com/cdn/product-assets/product.bi.core.pdf/6257443.pdf#page=289"
"464","box-2","464","6257443","290","https://www.lego.com/cdn/product-assets/product.bi.core.pdf/6257443.pdf#page=290"
"465","box-2","465","6257443","291","https://www.lego.com/cdn/product-assets/product.bi.core.pdf/6257443.pdf#page=291"
"466","box-2","466","6257443","292","https://www.lego.com/cdn/product-assets/product.bi.core.pdf/6257443.pdf#page=292"
"467","box-2","467","6257443","293","https://www.lego.com/cdn/product-assets/product.bi.core.pdf/6257443.pdf#page=293"
"468","box-2","468","6257443","294","https://www.lego.com/cdn/product-assets/product.bi.core.pdf/6257443.pdf#page=294"
"469","box-2","469","6257443","295","https://www.lego.com/cdn/product-assets/product.bi.core.pdf/6257443.pdf#page=295"
"470","box-2","470","6257443","296","https://www.lego.com/cdn/product-assets/product.bi.core.pdf/6257443.pdf#page=296"
"471","box-2","471","6257443","297","https://www.lego.com/cdn/product-assets/product.bi.core.pdf/6257443.pdf#page=297"
"472","box-2","472","6257443","298","https://www.lego.com/cdn/product-assets/product.bi.core.pdf/6257443.pdf#page=298"
"473","box-2","473","6257443","299","https://www.lego.com/cdn/product-assets/product.bi.core.pdf/6257443.pdf#page=299"
"474","box-2","474","6257443","300","https://www.lego.com/cdn/product-assets/product.bi.core.pdf/6257443.pdf#page=300"
"475","box-2","475","6257443","301","https://www.lego.com/cdn/product-assets/product.bi.core.pdf/6257443.pdf#page=301"
"476","box-2","476","6257443","302","https://www.lego.com/cdn/product-assets/product.bi.core.pdf/6257443.pdf#page=302"
"477","box-2","477","6257443","303","https://www.lego.com/cdn/product-assets/product.bi.core.pdf/6257443.pdf#page=303"
"478","box-2","478","6257443","304","https://www.lego.com/cdn/product-assets/product.bi.core.pdf/6257443.pdf#page=304"
"479","box-2","479","6257443","305","https://www.lego.com/cdn/product-assets/product.bi.core.pdf/6257443.pdf#page=305"
"480","box-3","480","6257444","8","https://www.lego.com/cdn/product-assets/product.bi.core.pdf/6257444.pdf#page=8"
"481","box-3","481","6257444","9","https://www.lego.com/cdn/product-assets/product.bi.core.pdf/6257444.pdf#page=9"
"482","box-3","482","6257444","9","https://www.lego.com/cdn/product-assets/product.bi.core.pdf/6257444.pdf#page=9"
"483","box-3","483","6257444","9","https://www.lego.com/cdn/product-assets/product.bi.core.pdf/6257444.pdf#page=9"
"484","box-3","484","6257444","10","https://www.lego.com/cdn/product-assets/product.bi.core.pdf/6257444.pdf#page=10"
"485","box-3","485","6257444","10","https://www.lego.com/cdn/product-assets/product.bi.core.pdf/6257444.pdf#page=10"
"486","box-3","486","6257444","11","https://www.lego.com/cdn/product-assets/product.bi.core.pdf/6257444.pdf#page=11"
"487","box-3","487","6257444","12","https://www.lego.com/cdn/product-assets/product.bi.core.pdf/6257444.pdf#page=12"
"488","box-3","488","6257444","13","https://www.lego.com/cdn/product-assets/product.bi.core.pdf/6257444.pdf#page=13"
"489","box-3","489","6257444","14","https://www.lego.com/cdn/product-assets/product.bi.core.pdf/6257444.pdf#page=14"
"490","box-3","490","6257444","15","https://www.lego.com/cdn/product-assets/product.bi.core.pdf/6257444.pdf#page=15"
"491","box-3","491","6257444","16","https://www.lego.com/cdn/product-assets/product.bi.core.pdf/6257444.pdf#page=16"
"492","box-3","492","6257444","17 18","https://www.lego.com/cdn/product-assets/product.bi.core.pdf/6257444.pdf#page=17"
"493","box-3","493","6257444","19","https://www.lego.com/cdn/product-assets/product.bi.core.pdf/6257444.pdf#page=19"
"494","box-3","494","6257444","20","https://www.lego.com/cdn/product-assets/product.bi.core.pdf/6257444.pdf#page=20"
"495","box-3","495","6257444","21","https://www.lego.com/cdn/product-assets/product.bi.core.pdf/6257444.pdf#page=21"
"496","box-3","496","6257444","22","https://www.lego.com/cdn/product-assets/product.bi.core.pdf/6257444.pdf#page=22"
"497","box-3","497","6257444","23 24","https://www.lego.com/cdn/product-assets/product.bi.core.pdf/6257444.pdf#page=23"
"498","box-3","498","6257444","25","https://www.lego.com/cdn/product-assets/product.bi.core.pdf/6257444.pdf#page=25"
"499","box-3","499","6257444","26","https://www.lego.com/cdn/product-assets/product.bi.core.pdf/6257444.pdf#page=26"
"500","box-3","500","6257444","27","https://www.lego.com/cdn/product-assets/product.bi.core.pdf/6257444.pdf#page=27"
"501","box-3","501","6257444","27","https://www.lego.com/cdn/product-assets/product.bi.core.pdf/6257444.pdf#page=27"
"502","box-3","502","6257444","27","https://www.lego.com/cdn/product-assets/product.bi.core.pdf/6257444.pdf#page=27"
"503","box-3","503","6257444","27","https://www.lego.com/cdn/product-assets/product.bi.core.pdf/6257444.pdf#page=27"
"504","box-3","504","6257444","28","https://www.lego.com/cdn/product-assets/product.bi.core.pdf/6257444.pdf#page=28"
"505","box-3","505","6257444","28","https://www.lego.com/cdn/product-assets/product.bi.core.pdf/6257444.pdf#page=28"
"506","box-3","506","6257444","28","https://www.lego.com/cdn/product-assets/product.bi.core.pdf/6257444.pdf#page=28"
"507","box-3","507","6257444","29","https://www.lego.com/cdn/product-assets/product.bi.core.pdf/6257444.pdf#page=29"
"508","box-3","508","6257444","29","https://www.lego.com/cdn/product-assets/product.bi.core.pdf/6257444.pdf#page=29"
"509","box-3","509","6257444","30","https://www.lego.com/cdn/product-assets/product.bi.core.pdf/6257444.pdf#page=30"
"510","box-3","510","6257444","30","https://www.lego.com/cdn/product-assets/product.bi.core.pdf/6257444.pdf#page=30"
"511","box-3","511","6257444","30","https://www.lego.com/cdn/product-assets/product.bi.core.pdf/6257444.pdf#page=30"
"512","box-3","512","6257444","31","https://www.lego.com/cdn/product-assets/product.bi.core.pdf/6257444.pdf#page=31"
"513","box-3","513","6257444","32","https://www.lego.com/cdn/product-assets/product.bi.core.pdf/6257444.pdf#page=32"
"514","box-3","514","6257444","33","https://www.lego.com/cdn/product-assets/product.bi.core.pdf/6257444.pdf#page=33"
"515","box-3","515","6257444","34","https://www.lego.com/cdn/product-assets/product.bi.core.pdf/6257444.pdf#page=34"
"516","box-3","516","6257444","35","https://www.lego.com/cdn/product-assets/product.bi.core.pdf/6257444.pdf#page=35"
"517","box-3","517","6257444","36","https://www.lego.com/cdn/product-assets/product.bi.core.pdf/6257444.pdf#page=36"
"518","box-3","518","6257444","37","https://www.lego.com/cdn/product-assets/product.bi.core.pdf/6257444.pdf#page=37"
"519","box-3","519","6257444","38","https://www.lego.com/cdn/product-assets/product.bi.core.pdf/6257444.pdf#page=38"
"520","box-3","520","6257444","39","https://www.lego.com/cdn/product-assets/product.bi.core.pdf/6257444.pdf#page=39"
"521","box-3","521","6257444","40","https://www.lego.com/cdn/product-assets/product.bi.core.pdf/6257444.pdf#page=40"
"522","box-3","522","6257444","41","https://www.lego.com/cdn/product-assets/product.bi.core.pdf/6257444.pdf#page=41"
"523","box-3","523","6257444","42","https://www.lego.com/cdn/product-assets/product.bi.core.pdf/6257444.pdf#page=42"
"524","box-3","524","6257444","43","https://www.lego.com/cdn/product-assets/product.bi.core.pdf/6257444.pdf#page=43"
"525","box-3","525","6257444","44","https://www.lego.com/cdn/product-assets/product.bi.core.pdf/6257444.pdf#page=44"
"526","box-3","526","6257444","44","https://www.lego.com/cdn/product-assets/product.bi.core.pdf/6257444.pdf#page=44"
"527","box-3","527","6257444","44","https://www.lego.com/cdn/product-assets/product.bi.core.pdf/6257444.pdf#page=44"
"528","box-3","528","6257444","45","https://www.lego.com/cdn/product-assets/product.bi.core.pdf/6257444.pdf#page=45"
"529","box-3","529","6257444","45","https://www.lego.com/cdn/product-assets/product.bi.core.pdf/6257444.pdf#page=45"
"530","box-3","530","6257444","46","https://www.lego.com/cdn/product-assets/product.bi.core.pdf/6257444.pdf#page=46"
"531","box-3","531","6257444","46","https://www.lego.com/cdn/product-assets/product.bi.core.pdf/6257444.pdf#page=46"
"532","box-3","532","6257444","47","https://www.lego.com/cdn/product-assets/product.bi.core.pdf/6257444.pdf#page=47"
"533","box-3","533","6257444","48","https://www.lego.com/cdn/product-assets/product.bi.core.pdf/6257444.pdf#page=48"
"534","box-3","534","6257444","49","https://www.lego.com/cdn/product-assets/product.bi.core.pdf/6257444.pdf#page=49"
"535","box-3","535","6257444","49","https://www.lego.com/cdn/product-assets/product.bi.core.pdf/6257444.pdf#page=49"
"536","box-3","536","6257444","50","https://www.lego.com/cdn/product-assets/product.bi.core.pdf/6257444.pdf#page=50"
"537","box-3","537","6257444","51","https://www.lego.com/cdn/product-assets/product.bi.core.pdf/6257444.pdf#page=51"
"538","box-3","538","6257444","52","https://www.lego.com/cdn/product-assets/product.bi.core.pdf/6257444.pdf#page=52"
"539","box-3","539","6257444","53","https://www.lego.com/cdn/product-assets/product.bi.core.pdf/6257444.pdf#page=53"
"540","box-3","540","6257444","54","https://www.lego.com/cdn/product-assets/product.bi.core.pdf/6257444.pdf#page=54"
"541","box-3","541","6257444","54","https://www.lego.com/cdn/product-assets/product.bi.core.pdf/6257444.pdf#page=54"
"542","box-3","542","6257444","54","https://www.lego.com/cdn/product-assets/product.bi.core.pdf/6257444.pdf#page=54"
"543","box-3","543","6257444","54","https://www.lego.com/cdn/product-assets/product.bi.core.pdf/6257444.pdf#page=54"
"544","box-3","544","6257444","55","https://www.lego.com/cdn/product-assets/product.bi.core.pdf/6257444.pdf#page=55"
"545","box-3","545","6257444","55","https://www.lego.com/cdn/product-assets/product.bi.core.pdf/6257444.pdf#page=55"
"546","box-3","546","6257444","56","https://www.lego.com/cdn/product-assets/product.bi.core.pdf/6257444.pdf#page=56"
"547","box-3","547","6257444","57","https://www.lego.com/cdn/product-assets/product.bi.core.pdf/6257444.pdf#page=57"
"548","box-3","548","6257444","57","https://www.lego.com/cdn/product-assets/product.bi.core.pdf/6257444.pdf#page=57"
"549","box-3","549","6257444","57","https://www.lego.com/cdn/product-assets/product.bi.core.pdf/6257444.pdf#page=57"
"550","box-3","550","6257444","57","https://www.lego.com/cdn/product-assets/product.bi.core.pdf/6257444.pdf#page=57"
"551","box-3","551","6257444","58","https://www.lego.com/cdn/product-assets/product.bi.core.pdf/6257444.pdf#page=58"
"552","box-3","552","6257444","58","https://www.lego.com/cdn/product-assets/product.bi.core.pdf/6257444.pdf#page=58"
"553","box-3","553","6257444","59","https://www.lego.com/cdn/product-assets/product.bi.core.pdf/6257444.pdf#page=59"
"554","box-3","554","6257444","59","https://www.lego.com/cdn/product-assets/product.bi.core.pdf/6257444.pdf#page=59"
"555","box-3","555","6257444","60 61","https://www.lego.com/cdn/product-assets/product.bi.core.pdf/6257444.pdf#page=60"
"556","box-3","556","6257444","62","https://www.lego.com/cdn/product-assets/product.bi.core.pdf/6257444.pdf#page=62"
"557","box-3","557","6257444","63","https://www.lego.com/cdn/product-assets/product.bi.core.pdf/6257444.pdf#page=63"
"558","box-3","558","6257444","63","https://www.lego.com/cdn/product-assets/product.bi.core.pdf/6257444.pdf#page=63"
"559","box-3","559","6257444","63","https://www.lego.com/cdn/product-assets/product.bi.core.pdf/6257444.pdf#page=63"
"560","box-3","560","6257444","64","https://www.lego.com/cdn/product-assets/product.bi.core.pdf/6257444.pdf#page=64"
"561","box-3","561","6257444","64","https://www.lego.com/cdn/product-assets/product.bi.core.pdf/6257444.pdf#page=64"
"562","box-3","562","6257444","64","https://www.lego.com/cdn/product-assets/product.bi.core.pdf/6257444.pdf#page=64"
"563","box-3","563","6257444","65","https://www.lego.com/cdn/product-assets/product.bi.core.pdf/6257444.pdf#page=65"
"564","box-3","564","6257444","65","https://www.lego.com/cdn/product-assets/product.bi.core.pdf/6257444.pdf#page=65"
"565","box-3","565","6257444","65","https://www.lego.com/cdn/product-assets/product.bi.core.pdf/6257444.pdf#page=65"
"566","box-3","566","6257444","66","https://www.lego.com/cdn/product-assets/product.bi.core.pdf/6257444.pdf#page=66"
"567","box-3","567","6257444","66","https://www.lego.com/cdn/product-assets/product.bi.core.pdf/6257444.pdf#page=66"
"568","box-3","568","6257444","67","https://www.lego.com/cdn/product-assets/product.bi.core.pdf/6257444.pdf#page=67"
"569","box-3","569","6257444","68","https://www.lego.com/cdn/product-assets/product.bi.core.pdf/6257444.pdf#page=68"
"570","box-3","570","6257444","69","https://www.lego.com/cdn/product-assets/product.bi.core.pdf/6257444.pdf#page=69"
"571","box-3","571","6257444","70","https://www.lego.com/cdn/product-assets/product.bi.core.pdf/6257444.pdf#page=70"
"572","box-3","572","6257444","71 72","https://www.lego.com/cdn/product-assets/product.bi.core.pdf/6257444.pdf#page=71"
"573","box-3","573","6257444","73","https://www.lego.com/cdn/product-assets/product.bi.core.pdf/6257444.pdf#page=73"
"574","box-3","574","6257444","73","https://www.lego.com/cdn/product-assets/product.bi.core.pdf/6257444.pdf#page=73"
"575","box-3","575","6257444","73","https://www.lego.com/cdn/product-assets/product.bi.core.pdf/6257444.pdf#page=73"
"576","box-3","576","6257444","73","https://www.lego.com/cdn/product-assets/product.bi.core.pdf/6257444.pdf#page=73"
"577","box-3","577","6257444","74","https://www.lego.com/cdn/product-assets/product.bi.core.pdf/6257444.pdf#page=74"
"578","box-3","578","6257444","74","https://www.lego.com/cdn/product-assets/product.bi.core.pdf/6257444.pdf#page=74"
"579","box-3","579","6257444","74","https://www.lego.com/cdn/product-assets/product.bi.core.pdf/6257444.pdf#page=74"
"580","box-3","580","6257444","74","https://www.lego.com/cdn/product-assets/product.bi.core.pdf/6257444.pdf#page=74"
"581","box-3","581","6257444","75","https://www.lego.com/cdn/product-assets/product.bi.core.pdf/6257444.pdf#page=75"
"582","box-3","582","6257444","75","https://www.lego.com/cdn/product-assets/product.bi.core.pdf/6257444.pdf#page=75"
"583","box-3","583","6257444","75","https://www.lego.com/cdn/product-assets/product.bi.core.pdf/6257444.pdf#page=75"
"584","box-3","584","6257444","75","https://www.lego.com/cdn/product-assets/product.bi.core.pdf/6257444.pdf#page=75"
"585","box-3","585","6257444","75","https://www.lego.com/cdn/product-assets/product.bi.core.pdf/6257444.pdf#page=75"
"586","box-3","586","6257444","76","https://www.lego.com/cdn/product-assets/product.bi.core.pdf/6257444.pdf#page=76"
"587","box-3","587","6257444","77","https://www.lego.com/cdn/product-assets/product.bi.core.pdf/6257444.pdf#page=77"
"588","box-3","588","6257444","78","https://www.lego.com/cdn/product-assets/product.bi.core.pdf/6257444.pdf#page=78"
"589","box-3","589","6257444","78","https://www.lego.com/cdn/product-assets/product.bi.core.pdf/6257444.pdf#page=78"
"590","box-3","590","6257444","78","https://www.lego.com/cdn/product-assets/product.bi.core.pdf/6257444.pdf#page=78"
"591","box-3","591","6257444","78","https://www.lego.com/cdn/product-assets/product.bi.core.pdf/6257444.pdf#page=78"
"592","box-3","592","6257444","78","https://www.lego.com/cdn/product-assets/product.bi.core.pdf/6257444.pdf#page=78"
"593","box-3","593","6257444","78","https://www.lego.com/cdn/product-assets/product.bi.core.pdf/6257444.pdf#page=78"
"594","box-3","594","6257444","79","https://www.lego.com/cdn/product-assets/product.bi.core.pdf/6257444.pdf#page=79"
"595","box-3","595","6257444","79","https://www.lego.com/cdn/product-assets/product.bi.core.pdf/6257444.pdf#page=79"
"596","box-3","596","6257444","79","https://www.lego.com/cdn/product-assets/product.bi.core.pdf/6257444.pdf#page=79"
"597","box-3","597","6257444","80","https://www.lego.com/cdn/product-assets/product.bi.core.pdf/6257444.pdf#page=80"
"598","box-3","598","6257444","81","https://www.lego.com/cdn/product-assets/product.bi.core.pdf/6257444.pdf#page=81"
"599","box-3","599","6257444","81","https://www.lego.com/cdn/product-assets/product.bi.core.pdf/6257444.pdf#page=81"
"600","box-3","600","6257444","81","https://www.lego.com/cdn/product-assets/product.bi.core.pdf/6257444.pdf#page=81"
"601","box-3","601","6257444","81","https://www.lego.com/cdn/product-assets/product.bi.core.pdf/6257444.pdf#page=81"
"602","box-3","602","6257444","82","https://www.lego.com/cdn/product-assets/product.bi.core.pdf/6257444.pdf#page=82"
"603","box-3","603","6257444","82","https://www.lego.com/cdn/product-assets/product.bi.core.pdf/6257444.pdf#page=82"
"604","box-3","604","6257444","82","https://www.lego.com/cdn/product-assets/product.bi.core.pdf/6257444.pdf#page=82"
"605","box-3","605","6257444","82","https://www.lego.com/cdn/product-assets/product.bi.core.pdf/6257444.pdf#page=82"
"606","box-3","606","6257444","83","https://www.lego.com/cdn/product-assets/product.bi.core.pdf/6257444.pdf#page=83"
"607","box-3","607","6257444","83","https://www.lego.com/cdn/product-assets/product.bi.core.pdf/6257444.pdf#page=83"
"608","box-3","608","6257444","83","https://www.lego.com/cdn/product-assets/product.bi.core.pdf/6257444.pdf#page=83"
"609","box-3","609","6257444","83","https://www.lego.com/cdn/product-assets/product.bi.core.pdf/6257444.pdf#page=83"
"610","box-3","610","6257444","83","https://www.lego.com/cdn/product-assets/product.bi.core.pdf/6257444.pdf#page=83"
"611","box-3","611","6257444","84","https://www.lego.com/cdn/product-assets/product.bi.core.pdf/6257444.pdf#page=84"
"612","box-3","612","6257444","85","https://www.lego.com/cdn/product-assets/product.bi.core.pdf/6257444.pdf#page=85"
"613","box-3","613","6257444","86","https://www.lego.com/cdn/product-assets/product.bi.core.pdf/6257444.pdf#page=86"
"614","box-3","614","6257444","86","https://www.lego.com/cdn/product-assets/product.bi.core.pdf/6257444.pdf#page=86"
"615","box-3","615","6257444","86","https://www.lego.com/cdn/product-assets/product.bi.core.pdf/6257444.pdf#page=86"
"616","box-3","616","6257444","86","https://www.lego.com/cdn/product-assets/product.bi.core.pdf/6257444.pdf#page=86"
"617","box-3","617","6257444","86","https://www.lego.com/cdn/product-assets/product.bi.core.pdf/6257444.pdf#page=86"
"618","box-3","618","6257444","86","https://www.lego.com/cdn/product-assets/product.bi.core.pdf/6257444.pdf#page=86"
"619","box-3","619","6257444","87","https://www.lego.com/cdn/product-assets/product.bi.core.pdf/6257444.pdf#page=87"
"620","box-3","620","6257444","87","https://www.lego.com/cdn/product-assets/product.bi.core.pdf/6257444.pdf#page=87"
"621","box-3","621","6257444","87","https://www.lego.com/cdn/product-assets/product.bi.core.pdf/6257444.pdf#page=87"
"622","box-3","622","6257444","88","https://www.lego.com/cdn/product-assets/product.bi.core.pdf/6257444.pdf#page=88"
"623","box-3","623","6257444","89","https://www.lego.com/cdn/product-assets/product.bi.core.pdf/6257444.pdf#page=89"
"624","box-3","624","6257444","90 91","https://www.lego.com/cdn/product-assets/product.bi.core.pdf/6257444.pdf#page=90"
"625","box-3","625","6257444","92","https://www.lego.com/cdn/product-assets/product.bi.core.pdf/6257444.pdf#page=92"
"626","box-3","626","6257444","93","https://www.lego.com/cdn/product-assets/product.bi.core.pdf/6257444.pdf#page=93"
"627","box-3","627","6257444","94","https://www.lego.com/cdn/product-assets/product.bi.core.pdf/6257444.pdf#page=94"
"628","box-3","628","6257444","95","https://www.lego.com/cdn/product-assets/product.bi.core.pdf/6257444.pdf#page=95"
"629","box-3","629","6257444","96","https://www.lego.com/cdn/product-assets/product.bi.core.pdf/6257444.pdf#page=96"
"630","box-3","630","6257444","97","https://www.lego.com/cdn/product-assets/product.bi.core.pdf/6257444.pdf#page=97"
"631","box-3","631","6257444","98","https://www.lego.com/cdn/product-assets/product.bi.core.pdf/6257444.pdf#page=98"
"632","box-3","632","6257444","98","https://www.lego.com/cdn/product-assets/product.bi.core.pdf/6257444.pdf#page=98"
"633","box-3","633","6257444","98","https://www.lego.com/cdn/product-assets/product.bi.core.pdf/6257444.pdf#page=98"
"634","box-3","634","6257444","98","https://www.lego.com/cdn/product-assets/product.bi.core.pdf/6257444.pdf#page=98"
"635","box-3","635","6257444","99","https://www.lego.com/cdn/product-assets/product.bi.core.pdf/6257444.pdf#page=99"
"636","box-3","636","6257444","99","https://www.lego.com/cdn/product-assets/product.bi.core.pdf/6257444.pdf#page=99"
"637","box-3","637","6257444","100","https://www.lego.com/cdn/product-assets/product.bi.core.pdf/6257444.pdf#page=100"
"638","box-3","638","6257444","101","https://www.lego.com/cdn/product-assets/product.bi.core.pdf/6257444.pdf#page=101"
"639","box-3","639","6257444","102","https://www.lego.com/cdn/product-assets/product.bi.core.pdf/6257444.pdf#page=102"
"640","box-3","640","6257444","103","https://www.lego.com/cdn/product-assets/product.bi.core.pdf/6257444.pdf#page=103"
"641","box-3","641","6257444","103","https://www.lego.com/cdn/product-assets/product.bi.core.pdf/6257444.pdf#page=103"
"642","box-3","642","6257444","103","https://www.lego.com/cdn/product-assets/product.bi.core.pdf/6257444.pdf#page=103"
"643","box-3","643","6257444","103","https://www.lego.com/cdn/product-assets/product.bi.core.pdf/6257444.pdf#page=103"
"644","box-3","644","6257444","104","https://www.lego.com/cdn/product-assets/product.bi.core.pdf/6257444.pdf#page=104"
"645","box-3","645","6257444","104","https://www.lego.com/cdn/product-assets/product.bi.core.pdf/6257444.pdf#page=104"
"646","box-3","646","6257444","105","https://www.lego.com/cdn/product-assets/product.bi.core.pdf/6257444.pdf#page=105"
"647","box-3","647","6257444","106","https://www.lego.com/cdn/product-assets/product.bi.core.pdf/6257444.pdf#page=106"
"648","box-3","648","6257444","107","https://www.lego.com/cdn/product-assets/product.bi.core.pdf/6257444.pdf#page=107"
"649","box-4","649","6257444","113","https://www.lego.com/cdn/product-assets/product.bi.core.pdf/6257444.pdf#page=113"
"650","box-4","650","6257444","114","https://www.lego.com/cdn/product-assets/product.bi.core.pdf/6257444.pdf#page=114"
"651","box-4","651","6257444","115","https://www.lego.com/cdn/product-assets/product.bi.core.pdf/6257444.pdf#page=115"
"652","box-4","652","6257444","115","https://www.lego.com/cdn/product-assets/product.bi.core.pdf/6257444.pdf#page=115"
"653","box-4","653","6257444","115","https://www.lego.com/cdn/product-assets/product.bi.core.pdf/6257444.pdf#page=115"
"654","box-4","654","6257444","116","https://www.lego.com/cdn/product-assets/product.bi.core.pdf/6257444.pdf#page=116"
"655","box-4","655","6257444","116","https://www.lego.com/cdn/product-assets/product.bi.core.pdf/6257444.pdf#page=116"
"656","box-4","656","6257444","116","https://www.lego.com/cdn/product-assets/product.bi.core.pdf/6257444.pdf#page=116"
"657","box-4","657","6257444","117","https://www.lego.com/cdn/product-assets/product.bi.core.pdf/6257444.pdf#page=117"
"658","box-4","658","6257444","117","https://www.lego.com/cdn/product-assets/product.bi.core.pdf/6257444.pdf#page=117"
"659","box-4","659","6257444","118","https://www.lego.com/cdn/product-assets/product.bi.core.pdf/6257444.pdf#page=118"
"660","box-4","660","6257444","118","https://www.lego.com/cdn/product-assets/product.bi.core.pdf/6257444.pdf#page=118"
"661","box-4","661","6257444","118","https://www.lego.com/cdn/product-assets/product.bi.core.pdf/6257444.pdf#page=118"
"662","box-4","662","6257444","119","https://www.lego.com/cdn/product-assets/product.bi.core.pdf/6257444.pdf#page=119"
"663","box-4","663","6257444","119","https://www.lego.com/cdn/product-assets/product.bi.core.pdf/6257444.pdf#page=119"
"664","box-4","664","6257444","120","https://www.lego.com/cdn/product-assets/product.bi.core.pdf/6257444.pdf#page=120"
"665","box-4","665","6257444","120","https://www.lego.com/cdn/product-assets/product.bi.core.pdf/6257444.pdf#page=120"
"666","box-4","666","6257444","120","https://www.lego.com/cdn/product-assets/product.bi.core.pdf/6257444.pdf#page=120"
"667","box-4","667","6257444","121","https://www.lego.com/cdn/product-assets/product.bi.core.pdf/6257444.pdf#page=121"
"668","box-4","668","6257444","122","https://www.lego.com/cdn/product-assets/product.bi.core.pdf/6257444.pdf#page=122"
"669","box-4","669","6257444","123","https://www.lego.com/cdn/product-assets/product.bi.core.pdf/6257444.pdf#page=123"
"670","box-4","670","6257444","123","https://www.lego.com/cdn/product-assets/product.bi.core.pdf/6257444.pdf#page=123"
"671","box-4","671","6257444","123","https://www.lego.com/cdn/product-assets/product.bi.core.pdf/6257444.pdf#page=123"
"672","box-4","672","6257444","124","https://www.lego.com/cdn/product-assets/product.bi.core.pdf/6257444.pdf#page=124"
"673","box-4","673","6257444","124","https://www.lego.com/cdn/product-assets/product.bi.core.pdf/6257444.pdf#page=124"
"674","box-4","674","6257444","124","https://www.lego.com/cdn/product-assets/product.bi.core.pdf/6257444.pdf#page=124"
"675","box-4","675","6257444","125","https://www.lego.com/cdn/product-assets/product.bi.core.pdf/6257444.pdf#page=125"
"676","box-4","676","6257444","125","https://www.lego.com/cdn/product-assets/product.bi.core.pdf/6257444.pdf#page=125"
"677","box-4","677","6257444","126","https://www.lego.com/cdn/product-assets/product.bi.core.pdf/6257444.pdf#page=126"
"678","box-4","678","6257444","126","https://www.lego.com/cdn/product-assets/product.bi.core.pdf/6257444.pdf#page=126"
"679","box-4","679","6257444","126","https://www.lego.com/cdn/product-assets/product.bi.core.pdf/6257444.pdf#page=126"
"680","box-4","680","6257444","127","https://www.lego.com/cdn/product-assets/product.bi.core.pdf/6257444.pdf#page=127"
"681","box-4","681","6257444","127","https://www.lego.com/cdn/product-assets/product.bi.core.pdf/6257444.pdf#page=127"
"682","box-4","682","6257444","128","https://www.lego.com/cdn/product-assets/product.bi.core.pdf/6257444.pdf#page=128"
"683","box-4","683","6257444","128","https://www.lego.com/cdn/product-assets/product.bi.core.pdf/6257444.pdf#page=128"
"684","box-4","684","6257444","128","https://www.lego.com/cdn/product-assets/product.bi.core.pdf/6257444.pdf#page=128"
"685","box-4","685","6257444","129","https://www.lego.com/cdn/product-assets/product.bi.core.pdf/6257444.pdf#page=129"
"686","box-4","686","6257444","130","https://www.lego.com/cdn/product-assets/product.bi.core.pdf/6257444.pdf#page=130"
"687","box-4","687","6257444","131","https://www.lego.com/cdn/product-assets/product.bi.core.pdf/6257444.pdf#page=131"
"688","box-4","688","6257444","132","https://www.lego.com/cdn/product-assets/product.bi.core.pdf/6257444.pdf#page=132"
"689","box-4","689","6257444","133","https://www.lego.com/cdn/product-assets/product.bi.core.pdf/6257444.pdf#page=133"
"690","box-4","690","6257444","133","https://www.lego.com/cdn/product-assets/product.bi.core.pdf/6257444.pdf#page=133"
"691","box-4","691","6257444","133","https://www.lego.com/cdn/product-assets/product.bi.core.pdf/6257444.pdf#page=133"
"692","box-4","692","6257444","133","https://www.lego.com/cdn/product-assets/product.bi.core.pdf/6257444.pdf#page=133"
"693","box-4","693","6257444","133","https://www.lego.com/cdn/product-assets/product.bi.core.pdf/6257444.pdf#page=133"
"694","box-4","694","6257444","134","https://www.lego.com/cdn/product-assets/product.bi.core.pdf/6257444.pdf#page=134"
"695","box-4","695","6257444","135","https://www.lego.com/cdn/product-assets/product.bi.core.pdf/6257444.pdf#page=135"
"696","box-4","696","6257444","136","https://www.lego.com/cdn/product-assets/product.bi.core.pdf/6257444.pdf#page=136"
"697","box-4","697","6257444","137","https://www.lego.com/cdn/product-assets/product.bi.core.pdf/6257444.pdf#page=137"
"698","box-4","698","6257444","137","https://www.lego.com/cdn/product-assets/product.bi.core.pdf/6257444.pdf#page=137"
"699","box-4","699","6257444","137","https://www.lego.com/cdn/product-assets/product.bi.core.pdf/6257444.pdf#page=137"
"700","box-4","700","6257444","137","https://www.lego.com/cdn/product-assets/product.bi.core.pdf/6257444.pdf#page=137"
"701","box-4","701","6257444","137","https://www.lego.com/cdn/product-assets/product.bi.core.pdf/6257444.pdf#page=137"
"702","box-4","702","6257444","138","https://www.lego.com/cdn/product-assets/product.bi.core.pdf/6257444.pdf#page=138"
"703","box-4","703","6257444","139","https://www.lego.com/cdn/product-assets/product.bi.core.pdf/6257444.pdf#page=139"
"704","box-4","704","6257444","140","https://www.lego.com/cdn/product-assets/product.bi.core.pdf/6257444.pdf#page=140"
"705","box-4","705","6257444","141","https://www.lego.com/cdn/product-assets/product.bi.core.pdf/6257444.pdf#page=141"
"706","box-4","706","6257444","141","https://www.lego.com/cdn/product-assets/product.bi.core.pdf/6257444.pdf#page=141"
"707","box-4","707","6257444","142","https://www.lego.com/cdn/product-assets/product.bi.core.pdf/6257444.pdf#page=142"
"708","box-4","708","6257444","143","https://www.lego.com/cdn/product-assets/product.bi.core.pdf/6257444.pdf#page=143"
"709","box-4","709","6257444","144","https://www.lego.com/cdn/product-assets/product.bi.core.pdf/6257444.pdf#page=144"
"710","box-4","710","6257444","145 146","https://www.lego.com/cdn/product-assets/product.bi.core.pdf/6257444.pdf#page=145"
"711","box-4","711","6257444","147 148","https://www.lego.com/cdn/product-assets/product.bi.core.pdf/6257444.pdf#page=147"
"712","box-4","712","6257444","149","https://www.lego.com/cdn/product-assets/product.bi.core.pdf/6257444.pdf#page=149"
"713","box-4","713","6257444","149","https://www.lego.com/cdn/product-assets/product.bi.core.pdf/6257444.pdf#page=149"
"714","box-4","714","6257444","149","https://www.lego.com/cdn/product-assets/product.bi.core.pdf/6257444.pdf#page=149"
"715","box-4","715","6257444","149","https://www.lego.com/cdn/product-assets/product.bi.core.pdf/6257444.pdf#page=149"
"716","box-4","716","6257444","150","https://www.lego.com/cdn/product-assets/product.bi.core.pdf/6257444.pdf#page=150"
"717","box-4","717","6257444","151","https://www.lego.com/cdn/product-assets/product.bi.core.pdf/6257444.pdf#page=151"
"718","box-4","718","6257444","151","https://www.lego.com/cdn/product-assets/product.bi.core.pdf/6257444.pdf#page=151"
"719","box-4","719","6257444","151","https://www.lego.com/cdn/product-assets/product.bi.core.pdf/6257444.pdf#page=151"
"720","box-4","720","6257444","151","https://www.lego.com/cdn/product-assets/product.bi.core.pdf/6257444.pdf#page=151"
"721","box-4","721","6257444","152","https://www.lego.com/cdn/product-assets/product.bi.core.pdf/6257444.pdf#page=152"
"722","box-4","722","6257444","153","https://www.lego.com/cdn/product-assets/product.bi.core.pdf/6257444.pdf#page=153"
"723","box-4","723","6257444","154","https://www.lego.com/cdn/product-assets/product.bi.core.pdf/6257444.pdf#page=154"
"724","box-4","724","6257444","155","https://www.lego.com/cdn/product-assets/product.bi.core.pdf/6257444.pdf#page=155"
"725","box-4","725","6257444","156","https://www.lego.com/cdn/product-assets/product.bi.core.pdf/6257444.pdf#page=156"
"726","box-4","726","6257444","156","https://www.lego.com/cdn/product-assets/product.bi.core.pdf/6257444.pdf#page=156"
"727","box-4","727","6257444","156","https://www.lego.com/cdn/product-assets/product.bi.core.pdf/6257444.pdf#page=156"
"728","box-4","728","6257444","156","https://www.lego.com/cdn/product-assets/product.bi.core.pdf/6257444.pdf#page=156"
"729","box-4","729","6257444","157","https://www.lego.com/cdn/product-assets/product.bi.core.pdf/6257444.pdf#page=157"
"730","box-4","730","6257444","158","https://www.lego.com/cdn/product-assets/product.bi.core.pdf/6257444.pdf#page=158"
"731","box-4","731","6257444","159","https://www.lego.com/cdn/product-assets/product.bi.core.pdf/6257444.pdf#page=159"
"732","box-4","732","6257444","159","https://www.lego.com/cdn/product-assets/product.bi.core.pdf/6257444.pdf#page=159"
"733","box-4","733","6257444","159","https://www.lego.com/cdn/product-assets/product.bi.core.pdf/6257444.pdf#page=159"
"734","box-4","734","6257444","160","https://www.lego.com/cdn/product-assets/product.bi.core.pdf/6257444.pdf#page=160"
"735","box-4","735","6257444","161","https://www.lego.com/cdn/product-assets/product.bi.core.pdf/6257444.pdf#page=161"
"736","box-4","736","6257444","162","https://www.lego.com/cdn/product-assets/product.bi.core.pdf/6257444.pdf#page=162"
"737","box-4","737","6257444","163","https://www.lego.com/cdn/product-assets/product.bi.core.pdf/6257444.pdf#page=163"
"738","box-4","738","6257444","164","https://www.lego.com/cdn/product-assets/product.bi.core.pdf/6257444.pdf#page=164"
"739","box-4","739","6257444","165","https://www.lego.com/cdn/product-assets/product.bi.core.pdf/6257444.pdf#page=165"
"740","box-4","740","6257444","165","https://www.lego.com/cdn/product-assets/product.bi.core.pdf/6257444.pdf#page=165"
"741","box-4","741","6257444","165","https://www.lego.com/cdn/product-assets/product.bi.core.pdf/6257444.pdf#page=165"
"742","box-4","742","6257444","166","https://www.lego.com/cdn/product-assets/product.bi.core.pdf/6257444.pdf#page=166"
"743","box-4","743","6257444","167","https://www.lego.com/cdn/product-assets/product.bi.core.pdf/6257444.pdf#page=167"
"744","box-4","744","6257444","168","https://www.lego.com/cdn/product-assets/product.bi.core.pdf/6257444.pdf#page=168"
"745","box-4","745","6257444","169","https://www.lego.com/cdn/product-assets/product.bi.core.pdf/6257444.pdf#page=169"
"746","box-4","746","6257444","170","https://www.lego.com/cdn/product-assets/product.bi.core.pdf/6257444.pdf#page=170"
"747","box-4","747","6257444","171","https://www.lego.com/cdn/product-assets/product.bi.core.pdf/6257444.pdf#page=171"
"748","box-4","748","6257444","172","https://www.lego.com/cdn/product-assets/product.bi.core.pdf/6257444.pdf#page=172"
"749","box-4","749","6257444","173","https://www.lego.com/cdn/product-assets/product.bi.core.pdf/6257444.pdf#page=173"
"750","box-4","750","6257444","174 175","https://www.lego.com/cdn/product-assets/product.bi.core.pdf/6257444.pdf#page=174"
"751","box-4","751","6257444","176","https://www.lego.com/cdn/product-assets/product.bi.core.pdf/6257444.pdf#page=176"
"752","box-4","752","6257444","176","https://www.lego.com/cdn/product-assets/product.bi.core.pdf/6257444.pdf#page=176"
"753","box-4","753","6257444","176","https://www.lego.com/cdn/product-assets/product.bi.core.pdf/6257444.pdf#page=176"
"754","box-4","754","6257444","176","https://www.lego.com/cdn/product-assets/product.bi.core.pdf/6257444.pdf#page=176"
"755","box-4","755","6257444","176","https://www.lego.com/cdn/product-assets/product.bi.core.pdf/6257444.pdf#page=176"
"756","box-4","756","6257444","177","https://www.lego.com/cdn/product-assets/product.bi.core.pdf/6257444.pdf#page=177"
"757","box-4","757","6257444","177","https://www.lego.com/cdn/product-assets/product.bi.core.pdf/6257444.pdf#page=177"
"758","box-4","758","6257444","177","https://www.lego.com/cdn/product-assets/product.bi.core.pdf/6257444.pdf#page=177"
"759","box-4","759","6257444","177","https://www.lego.com/cdn/product-assets/product.bi.core.pdf/6257444.pdf#page=177"
"760","box-4","760","6257444","178","https://www.lego.com/cdn/product-assets/product.bi.core.pdf/6257444.pdf#page=178"
"761","box-4","761","6257444","179","https://www.lego.com/cdn/product-assets/product.bi.core.pdf/6257444.pdf#page=179"
"762","box-4","762","6257444","180","https://www.lego.com/cdn/product-assets/product.bi.core.pdf/6257444.pdf#page=180"
"763","box-4","763","6257444","181","https://www.lego.com/cdn/product-assets/product.bi.core.pdf/6257444.pdf#page=181"
"764","box-4","764","6257444","182 183","https://www.lego.com/cdn/product-assets/product.bi.core.pdf/6257444.pdf#page=182"
"765","box-4","765","6257444","184 185","https://www.lego.com/cdn/product-assets/product.bi.core.pdf/6257444.pdf#page=184"
"766","box-4","766","6257444","186","https://www.lego.com/cdn/product-assets/product.bi.core.pdf/6257444.pdf#page=186"
"767","box-4","767","6257444","187","https://www.lego.com/cdn/product-assets/product.bi.core.pdf/6257444.pdf#page=187"
"768","box-4","768","6257444","188 189","https://www.lego.com/cdn/product-assets/product.bi.core.pdf/6257444.pdf#page=188"
"769","box-4","769","6257444","190","https://www.lego.com/cdn/product-assets/product.bi.core.pdf/6257444.pdf#page=190"
"770","box-4","770","6257444","191","https://www.lego.com/cdn/product-assets/product.bi.core.pdf/6257444.pdf#page=191"
"771","box-4","771","6257444","192","https://www.lego.com/cdn/product-assets/product.bi.core.pdf/6257444.pdf#page=192"
"772","box-4","772","6257444","193","https://www.lego.com/cdn/product-assets/product.bi.core.pdf/6257444.pdf#page=193"
"773","box-4","773","6257444","194 195","https://www.lego.com/cdn/product-assets/product.bi.core.pdf/6257444.pdf#page=194"
"774","box-4","774","6257444","196","https://www.lego.com/cdn/product-assets/product.bi.core.pdf/6257444.pdf#page=196"
"775","box-4","775","6257444","197","https://www.lego.com/cdn/product-assets/product.bi.core.pdf/6257444.pdf#page=197"
"776","box-4","776","6257444","198","https://www.lego.com/cdn/product-assets/product.bi.core.pdf/6257444.pdf#page=198"
"777","box-4","777","6257444","199","https://www.lego.com/cdn/product-assets/product.bi.core.pdf/6257444.pdf#page=199"
"778","box-5","778","6257444","204","https://www.lego.com/cdn/product-assets/product.bi.core.pdf/6257444.pdf#page=204"
"779","box-5","779","6257444","205","https://www.lego.com/cdn/product-assets/product.bi.core.pdf/6257444.pdf#page=205"
"780","box-5","780","6257444","205","https://www.lego.com/cdn/product-assets/product.bi.core.pdf/6257444.pdf#page=205"
"781","box-5","781","6257444","205","https://www.lego.com/cdn/product-assets/product.bi.core.pdf/6257444.pdf#page=205"
"782","box-5","782","6257444","206","https://www.lego.com/cdn/product-assets/product.bi.core.pdf/6257444.pdf#page=206"
"783","box-5","783","6257444","206","https://www.lego.com/cdn/product-assets/product.bi.core.pdf/6257444.pdf#page=206"
"784","box-5","784","6257444","207","https://www.lego.com/cdn/product-assets/product.bi.core.pdf/6257444.pdf#page=207"
"785","box-5","785","6257444","207","https://www.lego.com/cdn/product-assets/product.bi.core.pdf/6257444.pdf#page=207"
"786","box-5","786","6257444","208","https://www.lego.com/cdn/product-assets/product.bi.core.pdf/6257444.pdf#page=208"
"787","box-5","787","6257444","208","https://www.lego.com/cdn/product-assets/product.bi.core.pdf/6257444.pdf#page=208"
"788","box-5","788","6257444","209","https://www.lego.com/cdn/product-assets/product.bi.core.pdf/6257444.pdf#page=209"
"789","box-5","789","6257444","209","https://www.lego.com/cdn/product-assets/product.bi.core.pdf/6257444.pdf#page=209"
"790","box-5","790","6257444","209","https://www.lego.com/cdn/product-assets/product.bi.core.pdf/6257444.pdf#page=209"
"791","box-5","791","6257444","210","https://www.lego.com/cdn/product-assets/product.bi.core.pdf/6257444.pdf#page=210"
"792","box-5","792","6257444","210","https://www.lego.com/cdn/product-assets/product.bi.core.pdf/6257444.pdf#page=210"
"793","box-5","793","6257444","210","https://www.lego.com/cdn/product-assets/product.bi.core.pdf/6257444.pdf#page=210"
"794","box-5","794","6257444","211","https://www.lego.com/cdn/product-assets/product.bi.core.pdf/6257444.pdf#page=211"
"795","box-5","795","6257444","212","https://www.lego.com/cdn/product-assets/product.bi.core.pdf/6257444.pdf#page=212"
"796","box-5","796","6257444","213","https://www.lego.com/cdn/product-assets/product.bi.core.pdf/6257444.pdf#page=213"
"797","box-5","797","6257444","213","https://www.lego.com/cdn/product-assets/product.bi.core.pdf/6257444.pdf#page=213"
"798","box-5","798","6257444","213","https://www.lego.com/cdn/product-assets/product.bi.core.pdf/6257444.pdf#page=213"
"799","box-5","799","6257444","214","https://www.lego.com/cdn/product-assets/product.bi.core.pdf/6257444.pdf#page=214"
"800","box-5","800","6257444","214","https://www.lego.com/cdn/product-assets/product.bi.core.pdf/6257444.pdf#page=214"
"801","box-5","801","6257444","215","https://www.lego.com/cdn/product-assets/product.bi.core.pdf/6257444.pdf#page=215"
"802","box-5","802","6257444","215","https://www.lego.com/cdn/product-assets/product.bi.core.pdf/6257444.pdf#page=215"
"803","box-5","803","6257444","215","https://www.lego.com/cdn/product-assets/product.bi.core.pdf/6257444.pdf#page=215"
"804","box-5","804","6257444","216","https://www.lego.com/cdn/product-assets/product.bi.core.pdf/6257444.pdf#page=216"
"805","box-5","805","6257444","216","https://www.lego.com/cdn/product-assets/product.bi.core.pdf/6257444.pdf#page=216"
"806","box-5","806","6257444","217","https://www.lego.com/cdn/product-assets/product.bi.core.pdf/6257444.pdf#page=217"
"807","box-5","807","6257444","217","https://www.lego.com/cdn/product-assets/product.bi.core.pdf/6257444.pdf#page=217"
"808","box-5","808","6257444","218","https://www.lego.com/cdn/product-assets/product.bi.core.pdf/6257444.pdf#page=218"
"809","box-5","809","6257444","218","https://www.lego.com/cdn/product-assets/product.bi.core.pdf/6257444.pdf#page=218"
"810","box-5","810","6257444","218","https://www.lego.com/cdn/product-assets/product.bi.core.pdf/6257444.pdf#page=218"
"811","box-5","811","6257444","219","https://www.lego.com/cdn/product-assets/product.bi.core.pdf/6257444.pdf#page=219"
"812","box-5","812","6257444","220","https://www.lego.com/cdn/product-assets/product.bi.core.pdf/6257444.pdf#page=220"
"813","box-5","813","6257444","221","https://www.lego.com/cdn/product-assets/product.bi.core.pdf/6257444.pdf#page=221"
"814","box-5","814","6257444","222","https://www.lego.com/cdn/product-assets/product.bi.core.pdf/6257444.pdf#page=222"
"815","box-5","815","6257444","222","https://www.lego.com/cdn/product-assets/product.bi.core.pdf/6257444.pdf#page=222"
"816","box-5","816","6257444","223","https://www.lego.com/cdn/product-assets/product.bi.core.pdf/6257444.pdf#page=223"
"817","box-5","817","6257444","223","https://www.lego.com/cdn/product-assets/product.bi.core.pdf/6257444.pdf#page=223"
"818","box-5","818","6257444","224","https://www.lego.com/cdn/product-assets/product.bi.core.pdf/6257444.pdf#page=224"
"819","box-5","819","6257444","224","https://www.lego.com/cdn/product-assets/product.bi.core.pdf/6257444.pdf#page=224"
"820","box-5","820","6257444","225","https://www.lego.com/cdn/product-assets/product.bi.core.pdf/6257444.pdf#page=225"
"821","box-5","821","6257444","225","https://www.lego.com/cdn/product-assets/product.bi.core.pdf/6257444.pdf#page=225"
"822","box-5","822","6257444","226","https://www.lego.com/cdn/product-assets/product.bi.core.pdf/6257444.pdf#page=226"
"823","box-5","823","6257444","226","https://www.lego.com/cdn/product-assets/product.bi.core.pdf/6257444.pdf#page=226"
"824","box-5","824","6257444","227","https://www.lego.com/cdn/product-assets/product.bi.core.pdf/6257444.pdf#page=227"
"825","box-5","825","6257444","228","https://www.lego.com/cdn/product-assets/product.bi.core.pdf/6257444.pdf#page=228"
"826","box-5","826","6257444","229 230","https://www.lego.com/cdn/product-assets/product.bi.core.pdf/6257444.pdf#page=229"
"827","box-5","827","6257444","231 232","https://www.lego.com/cdn/product-assets/product.bi.core.pdf/6257444.pdf#page=231"
"828","box-5","828","6257444","233 234","https://www.lego.com/cdn/product-assets/product.bi.core.pdf/6257444.pdf#page=233"
"829","box-5","829","6257444","235","https://www.lego.com/cdn/product-assets/product.bi.core.pdf/6257444.pdf#page=235"
"830","box-5","830","6257444","236","https://www.lego.com/cdn/product-assets/product.bi.core.pdf/6257444.pdf#page=236"
"831","box-5","831","6257444","237","https://www.lego.com/cdn/product-assets/product.bi.core.pdf/6257444.pdf#page=237"
"832","box-5","832","6257444","238","https://www.lego.com/cdn/product-assets/product.bi.core.pdf/6257444.pdf#page=238"
"833","box-5","833","6257444","239 240","https://www.lego.com/cdn/product-assets/product.bi.core.pdf/6257444.pdf#page=239"
"834","box-5","834","6257444","241","https://www.lego.com/cdn/product-assets/product.bi.core.pdf/6257444.pdf#page=241"
"835","box-5","835","6257444","241","https://www.lego.com/cdn/product-assets/product.bi.core.pdf/6257444.pdf#page=241"
"836","box-5","836","6257444","241","https://www.lego.com/cdn/product-assets/product.bi.core.pdf/6257444.pdf#page=241"
"837","box-5","837","6257444","241","https://www.lego.com/cdn/product-assets/product.bi.core.pdf/6257444.pdf#page=241"
"838","box-5","838","6257444","242","https://www.lego.com/cdn/product-assets/product.bi.core.pdf/6257444.pdf#page=242"
"839","box-5","839","6257444","242","https://www.lego.com/cdn/product-assets/product.bi.core.pdf/6257444.pdf#page=242"
"840","box-5","840","6257444","243","https://www.lego.com/cdn/product-assets/product.bi.core.pdf/6257444.pdf#page=243"
"841","box-5","841","6257444","243","https://www.lego.com/cdn/product-assets/product.bi.core.pdf/6257444.pdf#page=243"
"842","box-5","842","6257444","243","https://www.lego.com/cdn/product-assets/product.bi.core.pdf/6257444.pdf#page=243"
"843","box-5","843","6257444","243","https://www.lego.com/cdn/product-assets/product.bi.core.pdf/6257444.pdf#page=243"
"844","box-5","844","6257444","244","https://www.lego.com/cdn/product-assets/product.bi.core.pdf/6257444.pdf#page=244"
"845","box-5","845","6257444","244","https://www.lego.com/cdn/product-assets/product.bi.core.pdf/6257444.pdf#page=244"
"846","box-5","846","6257444","245","https://www.lego.com/cdn/product-assets/product.bi.core.pdf/6257444.pdf#page=245"
"847","box-5","847","6257444","246","https://www.lego.com/cdn/product-assets/product.bi.core.pdf/6257444.pdf#page=246"
"848","box-5","848","6257444","246","https://www.lego.com/cdn/product-assets/product.bi.core.pdf/6257444.pdf#page=246"
"849","box-5","849","6257444","246","https://www.lego.com/cdn/product-assets/product.bi.core.pdf/6257444.pdf#page=246"
"850","box-5","850","6257444","246","https://www.lego.com/cdn/product-assets/product.bi.core.pdf/6257444.pdf#page=246"
"851","box-5","851","6257444","247","https://www.lego.com/cdn/product-assets/product.bi.core.pdf/6257444.pdf#page=247"
"852","box-5","852","6257444","247","https://www.lego.com/cdn/product-assets/product.bi.core.pdf/6257444.pdf#page=247"
"853","box-5","853","6257444","247","https://www.lego.com/cdn/product-assets/product.bi.core.pdf/6257444.pdf#page=247"
"854","box-5","854","6257444","248","https://www.lego.com/cdn/product-assets/product.bi.core.pdf/6257444.pdf#page=248"
"855","box-5","855","6257444","249","https://www.lego.com/cdn/product-assets/product.bi.core.pdf/6257444.pdf#page=249"
"856","box-5","856","6257444","250","https://www.lego.com/cdn/product-assets/product.bi.core.pdf/6257444.pdf#page=250"
"857","box-5","857","6257444","250","https://www.lego.com/cdn/product-assets/product.bi.core.pdf/6257444.pdf#page=250"
"858","box-5","858","6257444","250","https://www.lego.com/cdn/product-assets/product.bi.core.pdf/6257444.pdf#page=250"
"859","box-5","859","6257444","250","https://www.lego.com/cdn/product-assets/product.bi.core.pdf/6257444.pdf#page=250"
"860","box-5","860","6257444","251","https://www.lego.com/cdn/product-assets/product.bi.core.pdf/6257444.pdf#page=251"
"861","box-5","861","6257444","251","https://www.lego.com/cdn/product-assets/product.bi.core.pdf/6257444.pdf#page=251"
"862","box-5","862","6257444","251","https://www.lego.com/cdn/product-assets/product.bi.core.pdf/6257444.pdf#page=251"
"863","box-5","863","6257444","252","https://www.lego.com/cdn/product-assets/product.bi.core.pdf/6257444.pdf#page=252"
"864","box-5","864","6257444","253","https://www.lego.com/cdn/product-assets/product.bi.core.pdf/6257444.pdf#page=253"
"865","box-5","865","6257444","254","https://www.lego.com/cdn/product-assets/product.bi.core.pdf/6257444.pdf#page=254"
"866","box-5","866","6257444","255","https://www.lego.com/cdn/product-assets/product.bi.core.pdf/6257444.pdf#page=255"
"867","box-5","867","6257444","256","https://www.lego.com/cdn/product-assets/product.bi.core.pdf/6257444.pdf#page=256"
"868","box-5","868","6257444","257","https://www.lego.com/cdn/product-assets/product.bi.core.pdf/6257444.pdf#page=257"
"869","box-5","869","6257444","258","https://www.lego.com/cdn/product-assets/product.bi.core.pdf/6257444.pdf#page=258"
"870","box-5","870","6257444","259","https://www.lego.com/cdn/product-assets/product.bi.core.pdf/6257444.pdf#page=259"
"871","box-5","871","6257444","259","https://www.lego.com/cdn/product-assets/product.bi.core.pdf/6257444.pdf#page=259"
"872","box-5","872","6257444","259","https://www.lego.com/cdn/product-assets/product.bi.core.pdf/6257444.pdf#page=259"
"873","box-5","873","6257444","259","https://www.lego.com/cdn/product-assets/product.bi.core.pdf/6257444.pdf#page=259"
"874","box-5","874","6257444","260","https://www.lego.com/cdn/product-assets/product.bi.core.pdf/6257444.pdf#page=260"
"875","box-5","875","6257444","261","https://www.lego.com/cdn/product-assets/product.bi.core.pdf/6257444.pdf#page=261"
"876","box-5","876","6257444","261","https://www.lego.com/cdn/product-assets/product.bi.core.pdf/6257444.pdf#page=261"
"877","box-5","877","6257444","261","https://www.lego.com/cdn/product-assets/product.bi.core.pdf/6257444.pdf#page=261"
"878","box-5","878","6257444","262","https://www.lego.com/cdn/product-assets/product.bi.core.pdf/6257444.pdf#page=262"
"879","box-5","879","6257444","263","https://www.lego.com/cdn/product-assets/product.bi.core.pdf/6257444.pdf#page=263"
"880","box-5","880","6257444","263","https://www.lego.com/cdn/product-assets/product.bi.core.pdf/6257444.pdf#page=263"
"881","box-5","881","6257444","263","https://www.lego.com/cdn/product-assets/product.bi.core.pdf/6257444.pdf#page=263"
"882","box-5","882","6257444","263","https://www.lego.com/cdn/product-assets/product.bi.core.pdf/6257444.pdf#page=263"
"883","box-5","883","6257444","264","https://www.lego.com/cdn/product-assets/product.bi.core.pdf/6257444.pdf#page=264"
"884","box-5","884","6257444","265","https://www.lego.com/cdn/product-assets/product.bi.core.pdf/6257444.pdf#page=265"
"885","box-5","885","6257444","265","https://www.lego.com/cdn/product-assets/product.bi.core.pdf/6257444.pdf#page=265"
"886","box-5","886","6257444","265","https://www.lego.com/cdn/product-assets/product.bi.core.pdf/6257444.pdf#page=265"
"887","box-5","887","6257444","266","https://www.lego.com/cdn/product-assets/product.bi.core.pdf/6257444.pdf#page=266"
"888","box-5","888","6257444","267","https://www.lego.com/cdn/product-assets/product.bi.core.pdf/6257444.pdf#page=267"
"889","box-5","889","6257444","268","https://www.lego.com/cdn/product-assets/product.bi.core.pdf/6257444.pdf#page=268"
"890","box-5","890","6257444","268","https://www.lego.com/cdn/product-assets/product.bi.core.pdf/6257444.pdf#page=268"
"891","box-5","891","6257444","268","https://www.lego.com/cdn/product-assets/product.bi.core.pdf/6257444.pdf#page=268"
"892","box-5","892","6257444","268","https://www.lego.com/cdn/product-assets/product.bi.core.pdf/6257444.pdf#page=268"
"893","box-5","893","6257444","268","https://www.lego.com/cdn/product-assets/product.bi.core.pdf/6257444.pdf#page=268"
"894","box-5","894","6257444","269","https://www.lego.com/cdn/product-assets/product.bi.core.pdf/6257444.pdf#page=269"
"895","box-5","895","6257444","269","https://www.lego.com/cdn/product-assets/product.bi.core.pdf/6257444.pdf#page=269"
"896","box-5","896","6257444","269","https://www.lego.com/cdn/product-assets/product.bi.core.pdf/6257444.pdf#page=269"
"897","box-5","897","6257444","270","https://www.lego.com/cdn/product-assets/product.bi.core.pdf/6257444.pdf#page=270"
"898","box-5","898","6257444","271","https://www.lego.com/cdn/product-assets/product.bi.core.pdf/6257444.pdf#page=271"
"899","box-5","899","6257444","271","https://www.lego.com/cdn/product-assets/product.bi.core.pdf/6257444.pdf#page=271"
"900","box-5","900","6257444","271","https://www.lego.com/cdn/product-assets/product.bi.core.pdf/6257444.pdf#page=271"
"901","box-5","901","6257444","271","https://www.lego.com/cdn/product-assets/product.bi.core.pdf/6257444.pdf#page=271"
"902","box-5","902","6257444","272","https://www.lego.com/cdn/product-assets/product.bi.core.pdf/6257444.pdf#page=272"
"903","box-5","903","6257444","272","https://www.lego.com/cdn/product-assets/product.bi.core.pdf/6257444.pdf#page=272"
"904","box-5","904","6257444","272","https://www.lego.com/cdn/product-assets/product.bi.core.pdf/6257444.pdf#page=272"
"905","box-5","905","6257444","272","https://www.lego.com/cdn/product-assets/product.bi.core.pdf/6257444.pdf#page=272"
"906","box-5","906","6257444","273","https://www.lego.com/cdn/product-assets/product.bi.core.pdf/6257444.pdf#page=273"
"907","box-5","907","6257444","274","https://www.lego.com/cdn/product-assets/product.bi.core.pdf/6257444.pdf#page=274"
"908","box-5","908","6257444","274","https://www.lego.com/cdn/product-assets/product.bi.core.pdf/6257444.pdf#page=274"
"909","box-5","909","6257444","274","https://www.lego.com/cdn/product-assets/product.bi.core.pdf/6257444.pdf#page=274"
"910","box-5","910","6257444","274","https://www.lego.com/cdn/product-assets/product.bi.core.pdf/6257444.pdf#page=274"
"911","box-5","911","6257444","274","https://www.lego.com/cdn/product-assets/product.bi.core.pdf/6257444.pdf#page=274"
"912","box-5","912","6257444","274","https://www.lego.com/cdn/product-assets/product.bi.core.pdf/6257444.pdf#page=274"
"913","box-5","913","6257444","275","https://www.lego.com/cdn/product-assets/product.bi.core.pdf/6257444.pdf#page=275"
"914","box-5","914","6257444","275","https://www.lego.com/cdn/product-assets/product.bi.core.pdf/6257444.pdf#page=275"
"915","box-5","915","6257444","275","https://www.lego.com/cdn/product-assets/product.bi.core.pdf/6257444.pdf#page=275"
"916","box-5","916","6257444","276","https://www.lego.com/cdn/product-assets/product.bi.core.pdf/6257444.pdf#page=276"
"917","box-5","917","6257444","277 278","https://www.lego.com/cdn/product-assets/product.bi.core.pdf/6257444.pdf#page=277"
"918","box-5","918","6257444","279","https://www.lego.com/cdn/product-assets/product.bi.core.pdf/6257444.pdf#page=279"
"919","box-5","919","6257444","279","https://www.lego.com/cdn/product-assets/product.bi.core.pdf/6257444.pdf#page=279"
"920","box-5","920","6257444","279","https://www.lego.com/cdn/product-assets/product.bi.core.pdf/6257444.pdf#page=279"
"921","box-5","921","6257444","279","https://www.lego.com/cdn/product-assets/product.bi.core.pdf/6257444.pdf#page=279"
"922","box-5","922","6257444","280","https://www.lego.com/cdn/product-assets/product.bi.core.pdf/6257444.pdf#page=280"
"923","box-5","923","6257444","280","https://www.lego.com/cdn/product-assets/product.bi.core.pdf/6257444.pdf#page=280"
"924","box-5","924","6257444","280","https://www.lego.com/cdn/product-assets/product.bi.core.pdf/6257444.pdf#page=280"
"925","box-5","925","6257444","281","https://www.lego.com/cdn/product-assets/product.bi.core.pdf/6257444.pdf#page=281"
"926","box-5","926","6257444","281","https://www.lego.com/cdn/product-assets/product.bi.core.pdf/6257444.pdf#page=281"
"927","box-5","927","6257444","281","https://www.lego.com/cdn/product-assets/product.bi.core.pdf/6257444.pdf#page=281"
"928","box-5","928","6257444","281","https://www.lego.com/cdn/product-assets/product.bi.core.pdf/6257444.pdf#page=281"
"929","box-5","929","6257444","282","https://www.lego.com/cdn/product-assets/product.bi.core.pdf/6257444.pdf#page=282"
"930","box-5","930","6257444","283","https://www.lego.com/cdn/product-assets/product.bi.core.pdf/6257444.pdf#page=283"
"931","box-6","931","6257444","289","https://www.lego.com/cdn/product-assets/product.bi.core.pdf/6257444.pdf#page=289"
"932","box-6","932","6257444","289","https://www.lego.com/cdn/product-assets/product.bi.core.pdf/6257444.pdf#page=289"
"933","box-6","933","6257444","289","https://www.lego.com/cdn/product-assets/product.bi.core.pdf/6257444.pdf#page=289"
"934","box-6","934","6257444","290","https://www.lego.com/cdn/product-assets/product.bi.core.pdf/6257444.pdf#page=290"
"935","box-6","935","6257444","291","https://www.lego.com/cdn/product-assets/product.bi.core.pdf/6257444.pdf#page=291"
"936","box-6","936","6257444","292","https://www.lego.com/cdn/product-assets/product.bi.core.pdf/6257444.pdf#page=292"
"937","box-6","937","6257444","292","https://www.lego.com/cdn/product-assets/product.bi.core.pdf/6257444.pdf#page=292"
"938","box-6","938","6257444","292","https://www.lego.com/cdn/product-assets/product.bi.core.pdf/6257444.pdf#page=292"
"939","box-6","939","6257444","293","https://www.lego.com/cdn/product-assets/product.bi.core.pdf/6257444.pdf#page=293"
"940","box-6","940","6257444","294","https://www.lego.com/cdn/product-assets/product.bi.core.pdf/6257444.pdf#page=294"
"941","box-6","941","6257444","295","https://www.lego.com/cdn/product-assets/product.bi.core.pdf/6257444.pdf#page=295"
"942","box-6","942","6257444","296","https://www.lego.com/cdn/product-assets/product.bi.core.pdf/6257444.pdf#page=296"
"943","box-6","943","6257444","297","https://www.lego.com/cdn/product-assets/product.bi.core.pdf/6257444.pdf#page=297"
"944","box-6","944","6257444","298","https://www.lego.com/cdn/product-assets/product.bi.core.pdf/6257444.pdf#page=298"
"945","box-6","945","6257444","299","https://www.lego.com/cdn/product-assets/product.bi.core.pdf/6257444.pdf#page=299"
"946","box-6","946","6257444","299","https://www.lego.com/cdn/product-assets/product.bi.core.pdf/6257444.pdf#page=299"
"947","box-6","947","6257444","299","https://www.lego.com/cdn/product-assets/product.bi.core.pdf/6257444.pdf#page=299"
"948","box-6","948","6257444","300","https://www.lego.com/cdn/product-assets/product.bi.core.pdf/6257444.pdf#page=300"
"949","box-6","949","6257444","300","https://www.lego.com/cdn/product-assets/product.bi.core.pdf/6257444.pdf#page=300"
"950","box-6","950","6257444","300","https://www.lego.com/cdn/product-assets/product.bi.core.pdf/6257444.pdf#page=300"
"951","box-6","951","6257444","300","https://www.lego.com/cdn/product-assets/product.bi.core.pdf/6257444.pdf#page=300"
"952","box-6","952","6257444","301","https://www.lego.com/cdn/product-assets/product.bi.core.pdf/6257444.pdf#page=301"
"953","box-6","953","6257444","301","https://www.lego.com/cdn/product-assets/product.bi.core.pdf/6257444.pdf#page=301"
"954","box-6","954","6257444","301","https://www.lego.com/cdn/product-assets/product.bi.core.pdf/6257444.pdf#page=301"
"955","box-6","955","6257444","301","https://www.lego.com/cdn/product-assets/product.bi.core.pdf/6257444.pdf#page=301"
"956","box-6","956","6257444","302","https://www.lego.com/cdn/product-assets/product.bi.core.pdf/6257444.pdf#page=302"
"957","box-6","957","6257444","303","https://www.lego.com/cdn/product-assets/product.bi.core.pdf/6257444.pdf#page=303"
"958","box-6","958","6257444","304","https://www.lego.com/cdn/product-assets/product.bi.core.pdf/6257444.pdf#page=304"
"959","box-6","959","6257444","305","https://www.lego.com/cdn/product-assets/product.bi.core.pdf/6257444.pdf#page=305"
"960","box-6","960","6257444","306","https://www.lego.com/cdn/product-assets/product.bi.core.pdf/6257444.pdf#page=306"
"961","box-6","961","6257444","307","https://www.lego.com/cdn/product-assets/product.bi.core.pdf/6257444.pdf#page=307"
"962","box-6","962","6257444","307","https://www.lego.com/cdn/product-assets/product.bi.core.pdf/6257444.pdf#page=307"
"963","box-6","963","6257444","307","https://www.lego.com/cdn/product-assets/product.bi.core.pdf/6257444.pdf#page=307"
"964","box-6","964","6257444","307","https://www.lego.com/cdn/product-assets/product.bi.core.pdf/6257444.pdf#page=307"
"965","box-6","965","6257444","308","https://www.lego.com/cdn/product-assets/product.bi.core.pdf/6257444.pdf#page=308"
"966","box-6","966","6257444","308","https://www.lego.com/cdn/product-assets/product.bi.core.pdf/6257444.pdf#page=308"
"967","box-6","967","6257444","309","https://www.lego.com/cdn/product-assets/product.bi.core.pdf/6257444.pdf#page=309"
"968","box-6","968","6257444","309 310","https://www.lego.com/cdn/product-assets/product.bi.core.pdf/6257444.pdf#page=309"
"969","box-6","969","6257444","311 312","https://www.lego.com/cdn/product-assets/product.bi.core.pdf/6257444.pdf#page=311"
"970","box-6","970","6257444","313 314 315","https://www.lego.com/cdn/product-assets/product.bi.core.pdf/6257444.pdf#page=313"